due_date,rank,business_id,name,city,category,stage,score,next_action,phone,email,website
"2026-05-17","1","arclight-event-films-tempe-85281-04b822a","ArcLight Event Films","Tempe","Video Production","sponsor-ready","69","Pitch exposure package or featured placement.","(480) 555-0191","booking@arclightfilms.example","https://arclightfilms.example"
"2026-05-18","2","copper-sun-mobile-detail-glendale-85307-4f7951d","Copper Sun Mobile Detail","Glendale","Auto Services","sponsor-ready","69","Pitch exposure package or featured placement.","(602) 555-0188","hello@coppersundetail.example","https://coppersundetail.example"
"2026-05-19","3","fade-masters-phx","Fade Masters PHX","Phoenix","Haircuts","sponsor-ready","69","Pitch exposure package or featured placement.","(602) 555-0123","book@fademastersphx.com","https://fademastersphx.com"
"2026-05-20","4","desert-frame-studio","Desert Frame Studio","Tempe","Photography","sponsor-ready","67","Pitch exposure package or featured placement.","(480) 555-0144","hello@desertframe.studio","https://desertframe.studio"
"2026-05-21","5","empire-pallets-phoenix","Empire Pallets","Phoenix","Business Services","profile-enrichment","67","Request offer, pricing, description, and badge cleanup.","(480) 662-6551","sales@empirepalletsaz.com","https://empire-pallets.pages.dev/"
"2026-05-22","6","bobs-smoke-shop-litchfield-park","Bob's Smoke Shop","Litchfield Park","Retail And Specialty","profile-enrichment","65","Request offer, pricing, description, and badge cleanup.","(623) 935-0786","bobsmokeshopaz@gmail.com","https://bobs-smoke-shop.pages.dev/"
"2026-05-23","7","republic-services-phoenix-business-professional-services-8a067e4","Republic Services","Phoenix","Business Services","claim-and-verify","50","Invite owner to claim listing and submit proof packet.","","","https://www.republicservices.com"
"2026-05-24","8","avnet-phoenix-contractor-home-service-014d78b","Avnet","Phoenix","Home Services","claim-and-verify","49","Invite owner to claim listing and submit proof packet.","","","https://www.avnet.com"
"2026-05-25","9","amazon-phoenix-major-employer-adc4ff0","Amazon","Phoenix","Major Employers","claim-and-verify","48","Invite owner to claim listing and submit proof packet.","","","https://www.amazon.com"
"2026-05-26","10","american-express-phoenix-legal-financial-services-accebed","American Express","Phoenix","Legal And Financial","claim-and-verify","48","Invite owner to claim listing and submit proof packet.","","","https://www.americanexpress.com"
"2026-05-27","11","arizona-state-university-tempe-education-childcare-d5b33c6","Arizona State University","Tempe","Education And Childcare","claim-and-verify","48","Invite owner to claim listing and submit proof packet.","","","https://www.asu.edu"
"2026-05-28","12","banner-health-phoenix-healthcare-wellness-e134708","Banner Health","Phoenix","Health And Care","claim-and-verify","48","Invite owner to claim listing and submit proof packet.","","","https://www.bannerhealth.com"
"2026-05-29","13","dignity-health-phoenix-healthcare-wellness-449a910","Dignity Health","Phoenix","Health And Care","claim-and-verify","48","Invite owner to claim listing and submit proof packet.","","","https://www.dignityhealth.org"
"2026-05-30","14","freeport-mcmoran-phoenix-major-employer-5d1daf7","Freeport-McMoRan","Phoenix","Major Employers","claim-and-verify","48","Invite owner to claim listing and submit proof packet.","","","https://www.fcx.com"
"2026-05-31","15","honeywell-aerospace-phoenix-salon-personal-care-5eb247f","Honeywell Aerospace","Phoenix","Beauty And Wellness","claim-and-verify","48","Invite owner to claim listing and submit proof packet.","","","https://www.honeywell.com"
"2026-06-01","16","intel-corporation-chandler-major-employer-e42a75d","Intel Corporation","Chandler","Major Employers","claim-and-verify","48","Invite owner to claim listing and submit proof packet.","","","https://www.intel.com"
"2026-06-02","17","phoenix-children-s-hospital-phoenix-healthcare-wellness-79b5f94","Phoenix Children’s Hospital","Phoenix","Health And Care","claim-and-verify","48","Invite owner to claim listing and submit proof packet.","","","https://www.phoenixchildrens.org"
"2026-06-03","18","sprouts-farmers-market-phoenix-retail-specialty-store-10c03b9","Sprouts Farmers Market","Phoenix","Retail And Specialty","claim-and-verify","48","Invite owner to claim listing and submit proof packet.","","","https://www.sprouts.com"
"2026-06-04","19","state-of-arizona-phoenix-major-employer-d1d307f","State of Arizona","Phoenix","Major Employers","claim-and-verify","48","Invite owner to claim listing and submit proof packet.","","","https://www.az.gov"
"2026-06-05","20","usaa-phoenix-legal-financial-services-7ae1e09","USAA","Phoenix","Legal And Financial","claim-and-verify","48","Invite owner to claim listing and submit proof packet.","","","https://www.usaa.com"
"2026-06-06","21","wells-fargo-phoenix-legal-financial-services-e21b245","Wells Fargo","Phoenix","Legal And Financial","claim-and-verify","48","Invite owner to claim listing and submit proof packet.","","","https://www.wellsfargo.com"
"2026-06-07","22","1259-mesa-85210-0f39529","#1259","Mesa","Business Services","needs-contact-enrichment","34","Find direct owner contact before AE outreach.","","",""
"2026-06-08","23","adeline-scottsdale-85251-5308-6cee620","+Adeline","Scottsdale","Food And Events","needs-contact-enrichment","34","Find direct owner contact before AE outreach.","","",""
"2026-06-09","24","1-armor-glass-llc-scottsdale-85260-1902-68f5081","1 Armor Glass Llc","Scottsdale","Retail And Specialty","needs-contact-enrichment","34","Find direct owner contact before AE outreach.","","",""
"2026-06-10","25","1-care-hospice-arizona-scottsdale-85258-7c290bf","1 Care Hospice Arizona","Scottsdale","Retail And Specialty","needs-contact-enrichment","34","Find direct owner contact before AE outreach.","","",""
"2026-06-11","26","1-hb-scottsdale-85251-c71f9d7","1 Hb","Scottsdale","Retail And Specialty","needs-contact-enrichment","34","Find direct owner contact before AE outreach.","","",""
"2026-06-12","27","1-one-armor-inc-scottsdale-85260-1902-f796064","1 One Armor Inc","Scottsdale","Retail And Specialty","needs-contact-enrichment","34","Find direct owner contact before AE outreach.","","",""
"2026-06-13","28","1-stop-motor-vehicle-services-scottsdale-85257-56093c8","1 Stop Motor Vehicle Services","Scottsdale","Auto Services","needs-contact-enrichment","34","Find direct owner contact before AE outreach.","","",""
"2026-06-14","29","1-stop-motor-vehicle-services-mesa-85205-52a1994","1 Stop Motor Vehicle Services","Mesa","Auto Services","needs-contact-enrichment","34","Find direct owner contact before AE outreach.","","",""
"2026-06-15","30","1-stop-motor-vehicle-services-mesa-85202-bd6c767","1 Stop Motor Vehicle Services","Mesa","Auto Services","needs-contact-enrichment","34","Find direct owner contact before AE outreach.","","",""
"2026-05-17","31","1-swing-golf-scottsdale-85260-4030-6b60277","1 Swing Golf","Scottsdale","Retail And Specialty","needs-contact-enrichment","34","Find direct owner contact before AE outreach.","","",""
"2026-05-18","32","10-to-1-public-relations-scottsdale-85258-e33d05b","10 To 1 Public Relations","Scottsdale","Retail And Specialty","needs-contact-enrichment","34","Find direct owner contact before AE outreach.","","",""
"2026-05-19","33","100-chiropractic-scottsdale-85258-8eea480","100% Chiropractic","Scottsdale","Health And Care","needs-contact-enrichment","34","Find direct owner contact before AE outreach.","","",""
"2026-05-20","34","100-pure-scottsdale-85251-1239-5e53e49","100% Pure","Scottsdale","Retail And Specialty","needs-contact-enrichment","34","Find direct owner contact before AE outreach.","","",""
"2026-05-21","35","101-auto-outlet-scottsdale-85257-dbb77b6","101 Auto Outlet","Scottsdale","Auto Services","needs-contact-enrichment","34","Find direct owner contact before AE outreach.","","",""
"2026-05-22","36","101-barber-shop-scottsdale-85251-6c2e755","101 Barber Shop","Scottsdale","Beauty And Wellness","needs-contact-enrichment","34","Find direct owner contact before AE outreach.","","",""
"2026-05-23","37","101-construct-scottsdale-85260-097990a","101 Construct","Scottsdale","Retail And Specialty","needs-contact-enrichment","34","Find direct owner contact before AE outreach.","","",""
"2026-05-24","38","101-smoke-and-cigar-scottsdale-85260-628d14c","101 Smoke And Cigar","Scottsdale","Retail And Specialty","needs-contact-enrichment","34","Find direct owner contact before AE outreach.","","",""
"2026-05-25","39","101-smoke-shop-scottsdale-85260-a48914b","101 Smoke Shop","Scottsdale","Retail And Specialty","needs-contact-enrichment","34","Find direct owner contact before AE outreach.","","",""
"2026-05-26","40","101-spay-and-neuter-clinic-scottsdale-85257-6079630","101 Spay And Neuter Clinic","Scottsdale","Beauty And Wellness","needs-contact-enrichment","34","Find direct owner contact before AE outreach.","","",""
"2026-05-27","41","10405-scottsdale-plaza-llc-scottsdale-85253-ab3c063","10405 Scottsdale Plaza Llc","Scottsdale","Retail And Specialty","needs-contact-enrichment","34","Find direct owner contact before AE outreach.","","",""
"2026-05-28","42","10818-n-scottsdale-llc-scottsdale-85254-2ad62db","10818 N Scottsdale Llc","Scottsdale","Retail And Specialty","needs-contact-enrichment","34","Find direct owner contact before AE outreach.","","",""
"2026-05-29","43","10th-ave-ventures-scottsdale-85250-98d275d","10Th Ave Ventures","Scottsdale","Retail And Specialty","needs-contact-enrichment","34","Find direct owner contact before AE outreach.","","",""
"2026-05-30","44","10th-planet-jiu-jitsu-phoenix-mesa-85203-d14c554","10Th Planet Jiu-Jitsu Phoenix","Mesa","Business Services","needs-contact-enrichment","34","Find direct owner contact before AE outreach.","","",""
"2026-05-31","45","10x-health-system-scottsdale-85250-79c52cf","10X Health System","Scottsdale","Health And Care","needs-contact-enrichment","34","Find direct owner contact before AE outreach.","","",""
"2026-06-01","46","10x-health-system-scottsdale-85251-a978b7a","10X Health System","Scottsdale","Health And Care","needs-contact-enrichment","34","Find direct owner contact before AE outreach.","","",""
"2026-06-02","47","10x-health-system-scottsdale-85254-92394bf","10X Health System","Scottsdale","Health And Care","needs-contact-enrichment","34","Find direct owner contact before AE outreach.","","",""
"2026-06-03","48","11-11-scottsdale-85251-e4fc03d","11:11","Scottsdale","Retail And Specialty","needs-contact-enrichment","34","Find direct owner contact before AE outreach.","","",""
"2026-06-04","49","1117-university-llc-mesa-85201-b550360","1117 University Llc","Mesa","Business Services","needs-contact-enrichment","34","Find direct owner contact before AE outreach.","","",""
"2026-06-05","50","1123-university-llc-mesa-85201-75fdbd0","1123 University Llc","Mesa","Business Services","needs-contact-enrichment","34","Find direct owner contact before AE outreach.","","",""
"2026-06-06","51","11333-piedmont-llc-preg-temecula-llc-scottsdale-85254-04fe225","11333 Piedmont Llc/Preg Temecula Llc","Scottsdale","Retail And Specialty","needs-contact-enrichment","34","Find direct owner contact before AE outreach.","","",""
"2026-06-07","52","1137sr-llc-scottsdale-85255-b4068dd","1137Sr Llc","Scottsdale","Retail And Specialty","needs-contact-enrichment","34","Find direct owner contact before AE outreach.","","",""
"2026-06-08","53","1215sr-llc-scottsdale-85257-3408-55d06d5","1215Sr Llc","Scottsdale","Retail And Specialty","needs-contact-enrichment","34","Find direct owner contact before AE outreach.","","",""
"2026-06-09","54","123-remodeling-scottsdale-85260-852735d","123 Remodeling","Scottsdale","Food And Events","needs-contact-enrichment","34","Find direct owner contact before AE outreach.","","",""
"2026-06-10","55","1257-properties-llc-scottsdale-85260-cf84987","1257 Properties Llc","Scottsdale","Retail And Specialty","needs-contact-enrichment","34","Find direct owner contact before AE outreach.","","",""
"2026-06-11","56","127-power-llc-mesa-85215-403259e","127 Power Llc","Mesa","Business Services","needs-contact-enrichment","34","Find direct owner contact before AE outreach.","","",""
"2026-06-12","57","128-power-llc-mesa-85215-b5ab260","128 Power Llc","Mesa","Business Services","needs-contact-enrichment","34","Find direct owner contact before AE outreach.","","",""
"2026-06-13","58","12th-round-fit-scottsdale-85257-1320-b30ecca","12Th Round Fit","Scottsdale","Retail And Specialty","needs-contact-enrichment","34","Find direct owner contact before AE outreach.","","",""
"2026-06-14","59","12th-street-kf-llc-scottsdale-85254-212c911","12Th Street Kf Llc","Scottsdale","Retail And Specialty","needs-contact-enrichment","34","Find direct owner contact before AE outreach.","","",""
"2026-06-15","60","1301-w-university-drive-llc-mesa-85201-813adf8","1301 W. University Drive Llc","Mesa","Business Services","needs-contact-enrichment","34","Find direct owner contact before AE outreach.","","",""
"2026-05-17","61","13845-north-scottsdale-road-llc-scottsdale-85254-3432-ef799f9","13845 North Scottsdale Road Llc","Scottsdale","Retail And Specialty","needs-contact-enrichment","34","Find direct owner contact before AE outreach.","","",""
"2026-05-18","62","14200-n-northsight-blvd-140-llc-scottsdale-85260-57dfddf","14200 N Northsight Blvd #140 Llc","Scottsdale","Retail And Specialty","needs-contact-enrichment","34","Find direct owner contact before AE outreach.","","",""
"2026-05-19","63","14201-hayden-llc-scottsdale-85260-2929-c201ccc","14201 Hayden Llc","Scottsdale","Retail And Specialty","needs-contact-enrichment","34","Find direct owner contact before AE outreach.","","",""
"2026-05-20","64","14201-n-hayden-b-1-llc-scottsdale-85260-2b26eb4","14201 N Hayden B-1 Llc","Scottsdale","Retail And Specialty","needs-contact-enrichment","34","Find direct owner contact before AE outreach.","","",""
"2026-05-21","65","14555-n-scottsdale-rd-lp-scottsdale-85254-3400-59ad008","14555 N Scottsdale Rd Lp","Scottsdale","Retail And Specialty","needs-contact-enrichment","34","Find direct owner contact before AE outreach.","","",""
"2026-05-22","66","14605-n-73rd-street-llc-scottsdale-85260-724c948","14605 N 73Rd Street Llc","Scottsdale","Retail And Specialty","needs-contact-enrichment","34","Find direct owner contact before AE outreach.","","",""
"2026-05-23","67","14939-n-northsight-blvd-llc-scottsdale-85260-f3577be","14939 N Northsight Blvd Llc","Scottsdale","Retail And Specialty","needs-contact-enrichment","34","Find direct owner contact before AE outreach.","","",""
"2026-05-24","68","15100-llc-scottsdale-85260-a8b099c","15100 Llc","Scottsdale","Retail And Specialty","needs-contact-enrichment","34","Find direct owner contact before AE outreach.","","",""
"2026-05-25","69","15220-n-75th-st-llc-scottsdale-85260-2495-7be5405","15220 N 75Th St Llc","Scottsdale","Retail And Specialty","needs-contact-enrichment","34","Find direct owner contact before AE outreach.","","",""
"2026-05-26","70","15223-northsight-blvd-llc-scottsdale-85260-2639-39ed45c","15223 Northsight Blvd Llc","Scottsdale","Retail And Specialty","needs-contact-enrichment","34","Find direct owner contact before AE outreach.","","",""
"2026-05-27","71","15231-n-87th-street-partners-llc-scottsdale-85260-4ebbf29","15231 N 87Th Street Partners Llc","Scottsdale","Retail And Specialty","needs-contact-enrichment","34","Find direct owner contact before AE outreach.","","",""
"2026-05-28","72","15600-n-hayden-llc-scottsdale-85260-1924-9438d83","15600 N Hayden Llc","Scottsdale","Retail And Specialty","needs-contact-enrichment","34","Find direct owner contact before AE outreach.","","",""
"2026-05-29","73","15650-northsight-llc-scottsdale-85260-1933-5182bca","15650 Northsight Llc","Scottsdale","Retail And Specialty","needs-contact-enrichment","34","Find direct owner contact before AE outreach.","","",""
"2026-05-30","74","15750-n-northsight-llc-scottsdale-85260-5d244e8","15750 N Northsight Llc","Scottsdale","Retail And Specialty","needs-contact-enrichment","34","Find direct owner contact before AE outreach.","","",""
"2026-05-31","75","15955-dial-rd-llc-scottsdale-85260-1211-ec8702c","15955 Dial Rd Llc","Scottsdale","Retail And Specialty","needs-contact-enrichment","34","Find direct owner contact before AE outreach.","","",""
"2026-06-01","76","16-22-114-llc-scottsdale-85259-4939-4eee653","16-22-114 Llc","Scottsdale","Retail And Specialty","needs-contact-enrichment","34","Find direct owner contact before AE outreach.","","",""
"2026-06-02","77","16454-n-91st-street-a-llc-scottsdale-85260-1570-4aa8382","16454 N 91St Street A Llc","Scottsdale","Retail And Specialty","needs-contact-enrichment","34","Find direct owner contact before AE outreach.","","",""
"2026-06-03","78","16573-n-92nd-st-120-lp-scottsdale-85260-e2656cd","16573 N 92Nd St #120 Lp","Scottsdale","Retail And Specialty","needs-contact-enrichment","34","Find direct owner contact before AE outreach.","","",""
"2026-06-04","79","168-retail-mesa-85209-7d24d32","168 Retail","Mesa","Business Services","needs-contact-enrichment","34","Find direct owner contact before AE outreach.","","",""
"2026-06-05","80","17015-n-scottsdale-road-llc-scottsdale-85255-b60cd38","17015 N Scottsdale Road Llc","Scottsdale","Retail And Specialty","needs-contact-enrichment","34","Find direct owner contact before AE outreach.","","",""
"2026-06-06","81","17207-perimeter-dr-llc-scottsdale-85255-a636b5e","17207 Perimeter Dr Llc","Scottsdale","Retail And Specialty","needs-contact-enrichment","34","Find direct owner contact before AE outreach.","","",""
"2026-06-07","82","1784-holdings-llc-scottsdale-85258-247f78e","1784 Holdings Llc","Scottsdale","Retail And Specialty","needs-contact-enrichment","34","Find direct owner contact before AE outreach.","","",""
"2026-06-08","83","18-degree-neighborhood-grill-scottsdale-85260-5f8256c","18 Degree Neighborhood Grill","Scottsdale","Food And Events","needs-contact-enrichment","34","Find direct owner contact before AE outreach.","","",""
"2026-06-09","84","18-degrees-scottsdale-85260-1541-2e040d5","18 Degrees","Scottsdale","Retail And Specialty","needs-contact-enrichment","34","Find direct owner contact before AE outreach.","","",""
"2026-06-10","85","18-8-fine-men-s-salon-scottsdale-85251-1283-524e706","18/8 Fine Men'S Salon","Scottsdale","Beauty And Wellness","needs-contact-enrichment","34","Find direct owner contact before AE outreach.","","",""
"2026-06-11","86","180-degrees-beauty-health-and-wellness-scottsdale-85253-5417-d7d082d","180 Degrees Beauty Health & Wellness","Scottsdale","Beauty And Wellness","needs-contact-enrichment","34","Find direct owner contact before AE outreach.","","",""
"2026-06-12","87","1818-fine-men-s-salons-scottsdale-85255-4484-6f3a2c1","1818 Fine Men'S Salons","Scottsdale","Beauty And Wellness","needs-contact-enrichment","34","Find direct owner contact before AE outreach.","","",""
"2026-06-13","88","18615-claret-drive-llc-scottsdale-85255-3febeef","18615 Claret Drive Llc","Scottsdale","Retail And Specialty","needs-contact-enrichment","34","Find direct owner contact before AE outreach.","","",""
"2026-06-14","89","18700-hayden-road-llc-scottsdale-85255-61b98f8","18700 Hayden Road Llc","Scottsdale","Retail And Specialty","needs-contact-enrichment","34","Find direct owner contact before AE outreach.","","",""
"2026-06-15","90","18750-n-hayden-road-llc-scottsdale-85255-574e432","18750 N Hayden Road Llc","Scottsdale","Retail And Specialty","needs-contact-enrichment","34","Find direct owner contact before AE outreach.","","",""
"2026-05-17","91","190-west-st-james-llc-scottsdale-85255-7c12746","190 West St James Llc","Scottsdale","Retail And Specialty","needs-contact-enrichment","34","Find direct owner contact before AE outreach.","","",""
"2026-05-18","92","1900-building-lllp-scottsdale-85260-e327ae5","1900 Building Lllp","Scottsdale","Retail And Specialty","needs-contact-enrichment","34","Find direct owner contact before AE outreach.","","",""
"2026-05-19","93","19th-avenue-design-llc-scottsdale-85260-1acd129","19Th Avenue Design Llc","Scottsdale","Creative Services","needs-contact-enrichment","34","Find direct owner contact before AE outreach.","","",""
"2026-05-20","94","19th-donut-hole-mesa-85213-8f732c4","19Th Donut Hole","Mesa","Food And Events","needs-contact-enrichment","34","Find direct owner contact before AE outreach.","","",""
"2026-05-21","95","1a-smart-start-inc-scottsdale-85260-6943-323c971","1A Smart Start Inc","Scottsdale","Retail And Specialty","needs-contact-enrichment","34","Find direct owner contact before AE outreach.","","",""
"2026-05-22","96","1heart-caregiver-services-scottsdale-85260-c3fe1bd","1Heart Caregiver Services","Scottsdale","Retail And Specialty","needs-contact-enrichment","34","Find direct owner contact before AE outreach.","","",""
"2026-05-23","97","1st-and-75th-llc-scottsdale-85251-4521-bb495f1","1St & 75Th Llc","Scottsdale","Retail And Specialty","needs-contact-enrichment","34","Find direct owner contact before AE outreach.","","",""
"2026-05-24","98","1st-academy-preschool-and-childcare-mesa-85202-7000c5f","1St Academy Preschool And Childcare","Mesa","Business Services","needs-contact-enrichment","34","Find direct owner contact before AE outreach.","","",""
"2026-05-25","99","1st-care-medical-clinic-mesa-85204-21c6a85","1St Care Medical Clinic","Mesa","Health And Care","needs-contact-enrichment","34","Find direct owner contact before AE outreach.","","",""
"2026-05-26","100","1st-care-medical-spa-mesa-85204-6506c4f","1St Care Medical Spa","Mesa","Beauty And Wellness","needs-contact-enrichment","34","Find direct owner contact before AE outreach.","","",""
"2026-05-27","101","1st-scottsdale-dental-scottsdale-85258-54535d1","1St Scottsdale Dental","Scottsdale","Health And Care","needs-contact-enrichment","34","Find direct owner contact before AE outreach.","","",""
"2026-05-28","102","1up-games-llc-mesa-85210-a1f163c","1Up Games, Llc","Mesa","Business Services","needs-contact-enrichment","34","Find direct owner contact before AE outreach.","","",""
"2026-05-29","103","1up-tech-llc-phoenix-metro-home-based-business-532325e","1Up Tech Llc","Phoenix Metro","Business Services","needs-contact-enrichment","34","Find direct owner contact before AE outreach.","","",""
"2026-05-30","104","2-change-hair-design-scottsdale-85258-1800-01df1bc","2 Change Hair Design","Scottsdale","Creative Services","needs-contact-enrichment","34","Find direct owner contact before AE outreach.","","",""
"2026-05-31","105","2-links-permanent-jewelry-mesa-85209-52666cd","2 Links Permanent Jewelry","Mesa","Business Services","needs-contact-enrichment","34","Find direct owner contact before AE outreach.","","",""
"2026-06-01","106","20-pima-plaza-llc-scottsdale-85251-4404-d217f65","20 Pima Plaza Llc","Scottsdale","Retail And Specialty","needs-contact-enrichment","34","Find direct owner contact before AE outreach.","","",""
"2026-06-02","107","20-20-image-eye-center-scottsdale-85260-7323-6bcc231","20/20 Image Eye Center","Scottsdale","Retail And Specialty","needs-contact-enrichment","34","Find direct owner contact before AE outreach.","","",""
"2026-06-03","108","20-20-scottsdale-scottsdale-85260-917cf7f","20/20 Scottsdale","Scottsdale","Retail And Specialty","needs-contact-enrichment","34","Find direct owner contact before AE outreach.","","",""
"2026-06-04","109","2011-llc-scottsdale-85257-789a7cb","2011 Llc","Scottsdale","Retail And Specialty","needs-contact-enrichment","34","Find direct owner contact before AE outreach.","","",""
"2026-06-05","110","2020-mobile-corp-mesa-85206-0c01968","2020 Mobile Corp","Mesa","Business Services","needs-contact-enrichment","34","Find direct owner contact before AE outreach.","","",""
"2026-06-06","111","2020-nails-and-spa-scottsdale-85251-ae4b7ea","2020 Nails And Spa","Scottsdale","Beauty And Wellness","needs-contact-enrichment","34","Find direct owner contact before AE outreach.","","",""
"2026-06-07","112","2021-phoenix-metro-home-based-business-c40fe72","2021","Phoenix Metro","Business Services","needs-contact-enrichment","34","Find direct owner contact before AE outreach.","","",""
"2026-06-08","113","20pn-llc-scottsdale-85259-37c8f7b","20Pn Llc","Scottsdale","Retail And Specialty","needs-contact-enrichment","34","Find direct owner contact before AE outreach.","","",""
"2026-06-09","114","21-degree-cigar-scottsdale-85260-7685c81","21 Degree Cigar","Scottsdale","Retail And Specialty","needs-contact-enrichment","34","Find direct owner contact before AE outreach.","","",""
"2026-06-10","115","21-interiors-scottsdale-85260-921fc6a","21 Interiors","Scottsdale","Retail And Specialty","needs-contact-enrichment","34","Find direct owner contact before AE outreach.","","",""
"2026-06-11","116","21050-north-pima-building-d-llc-scottsdale-85255-16f5e15","21050 North Pima Building D Llc","Scottsdale","Retail And Specialty","needs-contact-enrichment","34","Find direct owner contact before AE outreach.","","",""
"2026-06-12","117","212-platinum-motors-scottsdale-85260-ad2f59e","212 Platinum Motors","Scottsdale","Auto Services","needs-contact-enrichment","34","Find direct owner contact before AE outreach.","","",""
"2026-06-13","118","21819-n-scottsdale-road-llc-scottsdale-85255-7442-4ee3e05","21819 N Scottsdale Road Llc","Scottsdale","Retail And Specialty","needs-contact-enrichment","34","Find direct owner contact before AE outreach.","","",""
"2026-06-14","119","224-apparel-and-design-scottsdale-85251-1255-8530f56","224 Apparel & Design","Scottsdale","Creative Services","needs-contact-enrichment","34","Find direct owner contact before AE outreach.","","",""
"2026-06-15","120","230-ironwood-llc-scottsdale-85258-1d34b80","230 Ironwood Llc","Scottsdale","Retail And Specialty","needs-contact-enrichment","34","Find direct owner contact before AE outreach.","","",""
"2026-05-17","121","2302-n-scottsdale-rd-llc-scottsdale-85257-2100-5a23bd9","2302 N Scottsdale Rd Llc","Scottsdale","Retail And Specialty","needs-contact-enrichment","34","Find direct owner contact before AE outreach.","","",""
"2026-05-18","122","24-hour-home-health-llc-scottsdale-85255-7532-5460119","24 Hour Home Health Llc","Scottsdale","Health And Care","needs-contact-enrichment","34","Find direct owner contact before AE outreach.","","",""
"2026-05-19","123","243-power-road-llc-mesa-85207-8cedba6","243 Power Road Llc","Mesa","Business Services","needs-contact-enrichment","34","Find direct owner contact before AE outreach.","","",""
"2026-05-20","124","24hr-homecare-arizona-llc-scottsdale-85251-3325-ac25c03","24Hr Homecare Arizona Llc","Scottsdale","Retail And Specialty","needs-contact-enrichment","34","Find direct owner contact before AE outreach.","","",""
"2026-05-21","125","24k-nail-lounge-mesa-85206-66a8b47","24K Nail Lounge","Mesa","Beauty And Wellness","needs-contact-enrichment","34","Find direct owner contact before AE outreach.","","",""
"2026-05-22","126","25-n-alma-school-llc-mesa-85201-b10a845","25 N Alma School Llc","Mesa","Business Services","needs-contact-enrichment","34","Find direct owner contact before AE outreach.","","",""
"2026-05-23","127","2748134-canada-inc-scottsdale-85259-99c0a20","2748134 Canada Inc","Scottsdale","Retail And Specialty","needs-contact-enrichment","34","Find direct owner contact before AE outreach.","","",""
"2026-05-24","128","2812-north-norwalk-llc-mesa-85215-56ed405","2812 North Norwalk Llc","Mesa","Business Services","needs-contact-enrichment","34","Find direct owner contact before AE outreach.","","",""
"2026-05-25","129","2933-building-llc-scottsdale-85251-c2ab9f1","2933 Building Llc","Scottsdale","Retail And Specialty","needs-contact-enrichment","34","Find direct owner contact before AE outreach.","","",""
"2026-05-26","130","2b-clean-cs-mesa-85213-266e610","2B Clean Cs","Mesa","Business Services","needs-contact-enrichment","34","Find direct owner contact before AE outreach.","","",""
"2026-05-27","131","2low-inc-phoenix-metro-home-based-business-21b84cb","2Low Inc","Phoenix Metro","Business Services","needs-contact-enrichment","34","Find direct owner contact before AE outreach.","","",""
"2026-05-28","132","2nd-ave-commons-mesa-85210-65479d2","2Nd Ave Commons","Mesa","Business Services","needs-contact-enrichment","34","Find direct owner contact before AE outreach.","","",""
"2026-05-29","133","2nd-sdale-llc-scottsdale-85251-59ceb93","2Nd Sdale Llc","Scottsdale","Retail And Specialty","needs-contact-enrichment","34","Find direct owner contact before AE outreach.","","",""
"2026-05-30","134","2nd-swing-golf-scottsdale-85260-d715e49","2Nd Swing Golf","Scottsdale","Retail And Specialty","needs-contact-enrichment","34","Find direct owner contact before AE outreach.","","",""
"2026-05-31","135","3-brothers-food-mart-mesa-85204-d50b595","3 Brothers Food Mart","Mesa","Food And Events","needs-contact-enrichment","34","Find direct owner contact before AE outreach.","","",""
"2026-06-01","136","3-d-masonry-llc-phoenix-metro-home-based-business-2fe59f6","3 D Masonry Llc","Phoenix Metro","Business Services","needs-contact-enrichment","34","Find direct owner contact before AE outreach.","","",""
"2026-06-02","137","3-day-blinds-scottsdale-85260-3466-1936fb1","3 Day Blinds","Scottsdale","Retail And Specialty","needs-contact-enrichment","34","Find direct owner contact before AE outreach.","","",""
"2026-06-03","138","3-engineering-llc-scottsdale-85251-3e411f3","3 Engineering Llc","Scottsdale","Retail And Specialty","needs-contact-enrichment","34","Find direct owner contact before AE outreach.","","",""
"2026-06-04","139","3-palms-resort-oasis-llc-scottsdale-85257-3743-b1a6dc8","3 Palms Resort Oasis Llc","Scottsdale","Retail And Specialty","needs-contact-enrichment","34","Find direct owner contact before AE outreach.","","",""
"2026-06-05","140","3-v-k-elle-nails-scottsdale-85258-5328-97f86e9","3 V-K Elle Nails","Scottsdale","Beauty And Wellness","needs-contact-enrichment","34","Find direct owner contact before AE outreach.","","",""
"2026-06-06","141","3-d-innovation-sc0ttsdale-scottsdale-85251-1227-b792e10","3-D Innovation -Sc0Ttsdale","Scottsdale","Retail And Specialty","needs-contact-enrichment","34","Find direct owner contact before AE outreach.","","",""
"2026-06-07","142","3014-n-civic-center-plaza-scottsdale-85251-7db253c","3014 N Civic Center Plaza","Scottsdale","Retail And Specialty","needs-contact-enrichment","34","Find direct owner contact before AE outreach.","","",""
"2026-06-08","143","309-sports-lounge-mesa-85202-798ebc1","309 Sports Lounge","Mesa","Business Services","needs-contact-enrichment","34","Find direct owner contact before AE outreach.","","",""
"2026-06-09","144","3134-civic-center-llc-scottsdale-85251-0f5c045","3134 Civic Center Llc","Scottsdale","Retail And Specialty","needs-contact-enrichment","34","Find direct owner contact before AE outreach.","","",""
"2026-06-10","145","32-perfect-dental-care-scottsdale-85260-6661-994e8ad","32 Perfect Dental Care","Scottsdale","Health And Care","needs-contact-enrichment","34","Find direct owner contact before AE outreach.","","",""
"2026-06-11","146","321-gang-inc-scottsdale-85260-6674657","321 Gang Inc","Scottsdale","Retail And Specialty","needs-contact-enrichment","34","Find direct owner contact before AE outreach.","","",""
"2026-06-12","147","33-degrees-corporate-services-llc-scottsdale-85260-38d641b","33 Degrees Corporate Services Llc","Scottsdale","Retail And Specialty","needs-contact-enrichment","34","Find direct owner contact before AE outreach.","","",""
"2026-06-13","148","3301-miller-llc-scottsdale-85251-7b23e7e","3301 Miller Llc","Scottsdale","Retail And Specialty","needs-contact-enrichment","34","Find direct owner contact before AE outreach.","","",""
"2026-06-14","149","333-infinite-revelations-scottsdale-85251-2668-d6c984b","333.Infinite.Revelations","Scottsdale","Retail And Specialty","needs-contact-enrichment","34","Find direct owner contact before AE outreach.","","",""
"2026-06-15","150","3337-n-miller-llc-scottsdale-85251-6436-b840e24","3337 N Miller Llc","Scottsdale","Retail And Specialty","needs-contact-enrichment","34","Find direct owner contact before AE outreach.","","",""
"2026-05-17","151","336-beverly-llc-phoenix-metro-home-based-business-25815f6","336 Beverly Llc","Phoenix Metro","Business Services","needs-contact-enrichment","34","Find direct owner contact before AE outreach.","","",""
"2026-05-18","152","33rd-parallel-defense-scottsdale-85253-9fc9ce4","33Rd Parallel Defense","Scottsdale","Retail And Specialty","needs-contact-enrichment","34","Find direct owner contact before AE outreach.","","",""
"2026-05-19","153","344-beverly-llc-mesa-85201-b22c7bc","344 Beverly Llc","Mesa","Business Services","needs-contact-enrichment","34","Find direct owner contact before AE outreach.","","",""
"2026-05-20","154","345-office-team-llc-phoenix-metro-business-professional-services-a329f97","345 Office Team Llc","Phoenix Metro","Business Services","needs-contact-enrichment","34","Find direct owner contact before AE outreach.","","",""
"2026-05-21","155","356-beverly-llc-mesa-85201-7ed7275","356 Beverly Llc","Mesa","Business Services","needs-contact-enrichment","34","Find direct owner contact before AE outreach.","","",""
"2026-05-22","156","360-cloud-apps-llc-scottsdale-85257-3ca2d41","360 Cloud Apps Llc","Scottsdale","Retail And Specialty","needs-contact-enrichment","34","Find direct owner contact before AE outreach.","","",""
"2026-05-23","157","360-cloud-solutions-scottsdale-85257-3538-a156051","360 Cloud Solutions","Scottsdale","Retail And Specialty","needs-contact-enrichment","34","Find direct owner contact before AE outreach.","","",""
"2026-05-24","158","360-design-and-art-group-llc-scottsdale-85258-346580a","360 Design & Art Group Llc","Scottsdale","Creative Services","needs-contact-enrichment","34","Find direct owner contact before AE outreach.","","",""
"2026-05-25","159","360-designs-kitchen-and-bath-mesa-85213-571eb88","360 Designs Kitchen And Bath","Mesa","Food And Events","needs-contact-enrichment","34","Find direct owner contact before AE outreach.","","",""
"2026-05-26","160","360-home-services-llc-phoenix-metro-home-based-business-c3ef1f5","360 Home Services Llc","Phoenix Metro","Business Services","needs-contact-enrichment","34","Find direct owner contact before AE outreach.","","",""
"2026-05-27","161","360-mechanical-scottsdale-85260-7aa0f51","360 Mechanical","Scottsdale","Business Services","needs-contact-enrichment","34","Find direct owner contact before AE outreach.","","",""
"2026-05-28","162","360-physical-therapy-scottsdale-85257-720e8b9","360 Physical Therapy","Scottsdale","Health And Care","needs-contact-enrichment","34","Find direct owner contact before AE outreach.","","",""
"2026-05-29","163","360-physical-therapy-scottsdale-85260-db9300e","360 Physical Therapy","Scottsdale","Health And Care","needs-contact-enrichment","34","Find direct owner contact before AE outreach.","","",""
"2026-05-30","164","360-physical-therapy-llc-mesa-85209-f2337de","360 Physical Therapy Llc","Mesa","Health And Care","needs-contact-enrichment","34","Find direct owner contact before AE outreach.","","",""
"2026-05-31","165","360-physical-therapy-llc-mesa-85206-824dc8c","360 Physical Therapy Llc","Mesa","Health And Care","needs-contact-enrichment","34","Find direct owner contact before AE outreach.","","",""
"2026-06-01","166","360-thrift-stores-mesa-85204-d17b701","360 Thrift Stores","Mesa","Business Services","needs-contact-enrichment","34","Find direct owner contact before AE outreach.","","",""
"2026-06-02","167","360-thrift-stores-mesa-85209-3b73336","360 Thrift Stores","Mesa","Business Services","needs-contact-enrichment","34","Find direct owner contact before AE outreach.","","",""
"2026-06-03","168","360-wealth-management-inc-scottsdale-85262-ff86460","360 Wealth Management Inc","Scottsdale","Legal And Financial","needs-contact-enrichment","34","Find direct owner contact before AE outreach.","","",""
"2026-06-04","169","3654-n-power-rd-llc-mesa-85215-6b1c87a","3654 N Power Rd, Llc","Mesa","Business Services","needs-contact-enrichment","34","Find direct owner contact before AE outreach.","","",""
"2026-06-05","170","3f-assisted-living-phoenix-metro-home-based-business-1dfae81","3F Assisted Living","Phoenix Metro","Business Services","needs-contact-enrichment","34","Find direct owner contact before AE outreach.","","",""
"2026-06-06","171","3genwealth-scottsdale-85251-75ce7db","3Genwealth","Scottsdale","Legal And Financial","needs-contact-enrichment","34","Find direct owner contact before AE outreach.","","",""
"2026-06-07","172","3m-company-scottsdale-85259-f3986ce","3M Company","Scottsdale","Retail And Specialty","needs-contact-enrichment","34","Find direct owner contact before AE outreach.","","",""
"2026-06-08","173","3m3-creations-mesa-85201-77003df","3M3 Creations","Mesa","Business Services","needs-contact-enrichment","34","Find direct owner contact before AE outreach.","","",""
"2026-06-09","174","3rd-batt-arms-llc-phoenix-metro-home-based-business-73c0cd1","3Rd Batt Arms Llc","Phoenix Metro","Business Services","needs-contact-enrichment","34","Find direct owner contact before AE outreach.","","",""
"2026-06-10","175","3rd-story-scottsdale-85260-1224-6eee25b","3Rd Story","Scottsdale","Retail And Specialty","needs-contact-enrichment","34","Find direct owner contact before AE outreach.","","",""
"2026-06-11","176","3rd-story-architecture-scottsdale-85255-4ed7bec","3Rd Story Architecture","Scottsdale","Retail And Specialty","needs-contact-enrichment","34","Find direct owner contact before AE outreach.","","",""
"2026-06-12","177","3rp-scottsdale-85260-3006-0167bea","3Rp","Scottsdale","Retail And Specialty","needs-contact-enrichment","34","Find direct owner contact before AE outreach.","","",""
"2026-06-13","178","3t-fitness-mesa-85209-70224d0","3T Fitness","Mesa","Beauty And Wellness","needs-contact-enrichment","34","Find direct owner contact before AE outreach.","","",""
"2026-06-14","179","3t-properties-and-investment-co-lp-scottsdale-85254-5430976","3T Properties & Investment Co Lp","Scottsdale","Retail And Specialty","needs-contact-enrichment","34","Find direct owner contact before AE outreach.","","",""
"2026-06-15","180","3t-properties-and-investment-co-lp-scottsdale-85250-4cf3443","3T Properties & Investment Co Lp","Scottsdale","Retail And Specialty","needs-contact-enrichment","34","Find direct owner contact before AE outreach.","","",""
"2026-05-17","181","3thirteen-llc-phoenix-metro-home-based-business-cd1cb4e","3Thirteen, Llc","Phoenix Metro","Business Services","needs-contact-enrichment","34","Find direct owner contact before AE outreach.","","",""
"2026-05-18","182","4-amigos-properties-llc-mesa-85207-281c232","4 Amigos Properties Llc","Mesa","Business Services","needs-contact-enrichment","34","Find direct owner contact before AE outreach.","","",""
"2026-05-19","183","4-paws-pet-resort-mesa-85215-aaf3c5d","4 Paws Pet Resort","Mesa","Business Services","needs-contact-enrichment","34","Find direct owner contact before AE outreach.","","",""
"2026-05-20","184","4-sons-food-store-512-scottsdale-85259-bda3c8f","4 Sons Food Store #512","Scottsdale","Food And Events","needs-contact-enrichment","34","Find direct owner contact before AE outreach.","","",""
"2026-05-21","185","4-sons-store-510-mesa-85202-082c9f5","4 Sons Store #510","Mesa","Business Services","needs-contact-enrichment","34","Find direct owner contact before AE outreach.","","",""
"2026-05-22","186","4-the-love-of-self-mesa-85210-a43a73a","4 The Love Of Self","Mesa","Business Services","needs-contact-enrichment","34","Find direct owner contact before AE outreach.","","",""
"2026-05-23","187","4-the-love-of-self-mesa-85202-4df149b","4 The Love Of Self","Mesa","Business Services","needs-contact-enrichment","34","Find direct owner contact before AE outreach.","","",""
"2026-05-24","188","4-your-health-massage-and-colon-therapy-scottsdale-85250-6080-a0413e0","4 Your Health Massage And Colon Therapy","Scottsdale","Beauty And Wellness","needs-contact-enrichment","34","Find direct owner contact before AE outreach.","","",""
"2026-05-25","189","4-e-painting-llc-mesa-85203-e5b0fee","4-E Painting Llc","Mesa","Home Services","needs-contact-enrichment","34","Find direct owner contact before AE outreach.","","",""
"2026-05-26","190","40-love-scottsdale-85251-ee0edb8","40 Love","Scottsdale","Retail And Specialty","needs-contact-enrichment","34","Find direct owner contact before AE outreach.","","",""
"2026-05-27","191","41-north-contractors-scottsdale-85258-4f817ee","41 North Contractors","Scottsdale","Retail And Specialty","needs-contact-enrichment","34","Find direct owner contact before AE outreach.","","",""
"2026-05-28","192","4110-old-town-llc-scottsdale-85251-0c1f174","4110 Old Town Llc","Scottsdale","Auto Services","needs-contact-enrichment","34","Find direct owner contact before AE outreach.","","",""
"2026-05-29","193","4141-n-scottsdale-llc-scottsdale-85251-0dc7b63","4141 N Scottsdale Llc","Scottsdale","Retail And Specialty","needs-contact-enrichment","34","Find direct owner contact before AE outreach.","","",""
"2026-05-30","194","4180-n-drinkwater-dp201-scottsdale-85251-3971-7f6c03b","4180 N Drinkwater - Dp201","Scottsdale","Retail And Specialty","needs-contact-enrichment","34","Find direct owner contact before AE outreach.","","",""
"2026-05-31","195","41north-contractors-scottsdale-85258-dbfd93f","41North Contractors","Scottsdale","Business Services","needs-contact-enrichment","34","Find direct owner contact before AE outreach.","","",""
"2026-06-01","196","4200-marshall-way-llc-scottsdale-85251-aba3b7f","4200 Marshall Way Llc","Scottsdale","Retail And Specialty","needs-contact-enrichment","34","Find direct owner contact before AE outreach.","","",""
"2026-06-02","197","4215-n-winfield-scott-llc-scottsdale-85251-3905-a981727","4215 N Winfield Scott Llc","Scottsdale","Retail And Specialty","needs-contact-enrichment","34","Find direct owner contact before AE outreach.","","",""
"2026-06-03","198","4223-marshall-way-llc-scottsdale-85251-3235-d1eefac","4223 Marshall Way Llc","Scottsdale","Retail And Specialty","needs-contact-enrichment","34","Find direct owner contact before AE outreach.","","",""
"2026-06-04","199","4225-marshall-way-llc-scottsdale-85251-3203-7f0232a","4225 Marshall Way Llc","Scottsdale","Retail And Specialty","needs-contact-enrichment","34","Find direct owner contact before AE outreach.","","",""
"2026-06-05","200","4228-craftsman-court-llc-scottsdale-85251-6dda347","4228 Craftsman Court Llc","Scottsdale","Retail And Specialty","needs-contact-enrichment","34","Find direct owner contact before AE outreach.","","",""
"2026-06-06","201","4232-n-brown-ave-llc-scottsdale-85251-3996-b0933ff","4232 N Brown Ave Llc","Scottsdale","Retail And Specialty","needs-contact-enrichment","34","Find direct owner contact before AE outreach.","","",""
"2026-06-07","202","4234-craftsman-court-llc-scottsdale-85251-3202-17e8bf0","4234 Craftsman Court Llc","Scottsdale","Retail And Specialty","needs-contact-enrichment","34","Find direct owner contact before AE outreach.","","",""
"2026-06-08","203","4235-brown-avenue-llc-scottsdale-85251-3913-3424550","4235 Brown Avenue Llc","Scottsdale","Retail And Specialty","needs-contact-enrichment","34","Find direct owner contact before AE outreach.","","",""
"2026-06-09","204","42brown-collaborative-workspace-scottsdale-85251-3928-8acfcee","42Brown Collaborative Workspace","Scottsdale","Beauty And Wellness","needs-contact-enrichment","34","Find direct owner contact before AE outreach.","","",""
"2026-06-10","205","43-east-llc-mesa-85210-b2debe2","43 East Llc","Mesa","Business Services","needs-contact-enrichment","34","Find direct owner contact before AE outreach.","","",""
"2026-06-11","206","4301-n-75th-street-llc-scottsdale-85251-4c21592","4301 N 75Th Street Llc","Scottsdale","Retail And Specialty","needs-contact-enrichment","34","Find direct owner contact before AE outreach.","","",""
"2026-06-12","207","4400-canyon-properties-llp-scottsdale-85251-3dff1e6","4400 Canyon Properties Llp","Scottsdale","Retail And Specialty","needs-contact-enrichment","34","Find direct owner contact before AE outreach.","","",""
"2026-06-13","208","441-robson-hangar-llc-mesa-85210-a697bbc","441 Robson Hangar Llc","Mesa","Business Services","needs-contact-enrichment","34","Find direct owner contact before AE outreach.","","",""
"2026-06-14","209","4414-n-civic-center-scottsdale-85251-31e11ae","4414 N Civic Center","Scottsdale","Retail And Specialty","needs-contact-enrichment","34","Find direct owner contact before AE outreach.","","",""
"2026-06-15","210","4422-n-civic-center-llc-scottsdale-85251-3574-c027c36","4422 N Civic Center Llc","Scottsdale","Retail And Specialty","needs-contact-enrichment","34","Find direct owner contact before AE outreach.","","",""
"2026-05-17","211","4430-n-civic-center-llc-scottsdale-85251-d476da1","4430 N Civic Center Llc","Scottsdale","Retail And Specialty","needs-contact-enrichment","34","Find direct owner contact before AE outreach.","","",""
"2026-05-18","212","445-lafayette-st-consulting-scottsdale-85255-5785-f13946f","445 Lafayette St Consulting","Scottsdale","Business Services","needs-contact-enrichment","34","Find direct owner contact before AE outreach.","","",""
"2026-05-19","213","451-e-juanita-llc-evans-gelding-llc-scottsdale-85260-fa82955","451 E Juanita Llc Evans Gelding Llc","Scottsdale","Retail And Specialty","needs-contact-enrichment","34","Find direct owner contact before AE outreach.","","",""
"2026-05-20","214","47-east-llc-mesa-85210-100d61e","47 East Llc","Mesa","Business Services","needs-contact-enrichment","34","Find direct owner contact before AE outreach.","","",""
"2026-05-21","215","480-termite-scottsdale-85251-6826-c4555f1","480 Termite","Scottsdale","Retail And Specialty","needs-contact-enrichment","34","Find direct owner contact before AE outreach.","","",""
"2026-05-22","216","480-tires-and-wheels-llc-mesa-85205-6be713c","480 Tires & Wheels Llc","Mesa","Auto Services","needs-contact-enrichment","34","Find direct owner contact before AE outreach.","","",""
"2026-05-23","217","48th-state-automotive-mesa-85204-36cda39","48Th State Automotive","Mesa","Auto Services","needs-contact-enrichment","34","Find direct owner contact before AE outreach.","","",""
"2026-05-24","218","4c-medical-group-scottsdale-85251-18d6f00","4C Medical Group","Scottsdale","Health And Care","needs-contact-enrichment","34","Find direct owner contact before AE outreach.","","",""
"2026-05-25","219","4c-medical-group-plc-scottsdale-85258-cf96634","4C Medical Group Plc","Scottsdale","Health And Care","needs-contact-enrichment","34","Find direct owner contact before AE outreach.","","",""
"2026-05-26","220","4ever-young-scottsdale-scottsdale-85258-a49e581","4Ever Young Scottsdale","Scottsdale","Retail And Specialty","needs-contact-enrichment","34","Find direct owner contact before AE outreach.","","",""
"2026-05-27","221","4everyoung-mesa-85212-8688e0b","4Everyoung","Mesa","Business Services","needs-contact-enrichment","34","Find direct owner contact before AE outreach.","","",""
"2026-05-28","222","4healingtouch-scottsdale-85253-1426-ea11aba","4Healingtouch","Scottsdale","Retail And Specialty","needs-contact-enrichment","34","Find direct owner contact before AE outreach.","","",""
"2026-05-29","223","4one4-pub-pizza-and-karaoke-mesa-85210-e1e2dc9","4One4 Pub, Pizza & Karaoke","Mesa","Food And Events","needs-contact-enrichment","34","Find direct owner contact before AE outreach.","","",""
"2026-05-30","224","4r-massage-llc-scottsdale-85253-fe0f414","4R Massage Llc","Scottsdale","Beauty And Wellness","needs-contact-enrichment","34","Find direct owner contact before AE outreach.","","",""
"2026-05-31","225","4real-ventures-llc-scottsdale-85260-1677-ba3023c","4Real Ventures Llc","Scottsdale","Retail And Specialty","needs-contact-enrichment","34","Find direct owner contact before AE outreach.","","",""
"2026-06-01","226","4th-st-4th-po-llc-scottsdale-85251-db19c90","4Th St 4Th Po Llc","Scottsdale","Retail And Specialty","needs-contact-enrichment","34","Find direct owner contact before AE outreach.","","",""
"2026-06-02","227","5-birds-spa-mesa-85212-bbcd0eb","5 Birds Spa","Mesa","Beauty And Wellness","needs-contact-enrichment","34","Find direct owner contact before AE outreach.","","",""
"2026-06-03","228","5-star-fitness-scottsdale-85257-25fd7a3","5 Star Fitness","Scottsdale","Beauty And Wellness","needs-contact-enrichment","34","Find direct owner contact before AE outreach.","","",""
"2026-06-04","229","5-visual-scottsdale-85251-3263-8d6a438","5 Visual","Scottsdale","Retail And Specialty","needs-contact-enrichment","34","Find direct owner contact before AE outreach.","","",""
"2026-06-05","230","521-automotive-mesa-85213-31831fb","521 Automotive","Mesa","Auto Services","needs-contact-enrichment","34","Find direct owner contact before AE outreach.","","",""
"2026-06-06","231","55-resort-at-mccormick-ranch-scottsdale-85258-6c6f883","55 Resort At Mccormick Ranch","Scottsdale","Retail And Specialty","needs-contact-enrichment","34","Find direct owner contact before AE outreach.","","",""
"2026-06-07","232","55-tlc-interior-design-llc-scottsdale-85260-ae34401","55+ Tlc Interior Design Llc","Scottsdale","Creative Services","needs-contact-enrichment","34","Find direct owner contact before AE outreach.","","",""
"2026-06-08","233","57-gold-scottsdale-85260-6986-ff7fcb2","57 Gold","Scottsdale","Retail And Specialty","needs-contact-enrichment","34","Find direct owner contact before AE outreach.","","",""
"2026-06-09","234","5th-avenue-scottsdale-llc-scottsdale-85251-936dbd1","5Th Avenue Scottsdale Llc","Scottsdale","Retail And Specialty","needs-contact-enrichment","34","Find direct owner contact before AE outreach.","","",""
"2026-06-10","235","5th-place-community-childcare-mesa-85201-d24a34a","5Th Place Community Childcare","Mesa","Business Services","needs-contact-enrichment","34","Find direct owner contact before AE outreach.","","",""
"2026-06-11","236","5th-street-burger-and-fries-mesa-85209-7b09345","5Th Street Burger & Fries","Mesa","Food And Events","needs-contact-enrichment","34","Find direct owner contact before AE outreach.","","",""
"2026-06-12","237","6000-e-thomas-llc-scottsdale-85251-0000-c3fc7d2","6000 E Thomas Llc","Scottsdale","Retail And Specialty","needs-contact-enrichment","34","Find direct owner contact before AE outreach.","","",""
"2026-06-13","238","6024-hra-lincoln-scottsdale-lp-scottsdale-85253-4412-605e5d5","6024 Hra Lincoln Scottsdale Lp","Scottsdale","Retail And Specialty","needs-contact-enrichment","34","Find direct owner contact before AE outreach.","","",""
"2026-06-14","239","609-spa-scottsdale-85257-6c04f18","609 Spa","Scottsdale","Beauty And Wellness","needs-contact-enrichment","34","Find direct owner contact before AE outreach.","","",""
"2026-06-15","240","6125-llc-scottsdale-85251-37f668c","6125 Llc","Scottsdale","Retail And Specialty","needs-contact-enrichment","34","Find direct owner contact before AE outreach.","","",""
"2026-05-17","241","6423-thomas-rd-llc-scottsdale-85251-ea05023","6423 Thomas Rd Llc","Scottsdale","Retail And Specialty","needs-contact-enrichment","34","Find direct owner contact before AE outreach.","","",""
"2026-05-18","242","65allure-llc-scottsdale-85255-8171-343445e","65Allure Llc","Scottsdale","Retail And Specialty","needs-contact-enrichment","34","Find direct owner contact before AE outreach.","","",""
"2026-05-19","243","6617-investors-llc-scottsdale-85250-f705b42","6617 Investors Llc","Scottsdale","Retail And Specialty","needs-contact-enrichment","34","Find direct owner contact before AE outreach.","","",""
"2026-05-20","244","6687-intercal-way-llc-phoenix-metro-home-based-business-363a3b7","6687 Intercal Way Llc","Phoenix Metro","Business Services","needs-contact-enrichment","34","Find direct owner contact before AE outreach.","","",""
"2026-05-21","245","6812-scts-llc-scottsdale-85251-819f83b","6812 Scts Llc","Scottsdale","Retail And Specialty","needs-contact-enrichment","34","Find direct owner contact before AE outreach.","","",""
"2026-05-22","246","6820-e-5th-ave-llc-scottsdale-85260-5543-484af52","6820 E 5Th Ave Llc","Scottsdale","Retail And Specialty","needs-contact-enrichment","34","Find direct owner contact before AE outreach.","","",""
"2026-05-23","247","68th-street-scottsdale-plaza-scottsdale-85251-277d7c6","68Th Street Scottsdale Plaza","Scottsdale","Retail And Specialty","needs-contact-enrichment","34","Find direct owner contact before AE outreach.","","",""
"2026-05-24","248","6920-e-1st-avenue-llc-scottsdale-85251-29cdd26","6920 E 1St Avenue Llc","Scottsdale","Retail And Specialty","needs-contact-enrichment","34","Find direct owner contact before AE outreach.","","",""
"2026-05-25","249","6934-6962-e-1st-ave-llc-scottsdale-85251-e979267","6934-6962 E 1St Ave Llc","Scottsdale","Retail And Specialty","needs-contact-enrichment","34","Find direct owner contact before AE outreach.","","",""
"2026-05-26","250","6th-ave-management-llc-scottsdale-85251-3537-aede5c1","6Th Ave Management Llc","Scottsdale","Business Services","needs-contact-enrichment","34","Find direct owner contact before AE outreach.","","",""
"2026-05-27","251","6th-avenue-estate-llc-dba-studio-10-scottsdale-85251-96985c8","6Th Avenue Estate Llc Dba Studio 10","Scottsdale","Creative Services","needs-contact-enrichment","34","Find direct owner contact before AE outreach.","","",""
"2026-05-28","252","7-brothers-transports-mesa-85207-83e146c","7 Brothers Transports","Mesa","Business Services","needs-contact-enrichment","34","Find direct owner contact before AE outreach.","","",""
"2026-05-29","253","7-chakras-mind-body-and-spirit-scottsdale-85253-560423f","7 Chakras Mind Body And Spirit","Scottsdale","Retail And Specialty","needs-contact-enrichment","34","Find direct owner contact before AE outreach.","","",""
"2026-05-30","254","7-chakras-mind-body-and-spirit-scottsdale-85254-2cf4740","7 Chakras Mind Body And Spirit","Scottsdale","Retail And Specialty","needs-contact-enrichment","34","Find direct owner contact before AE outreach.","","",""
"2026-05-31","255","7-chakras-of-scottsdale-scottsdale-85251-d8fed6a","7 Chakras Of Scottsdale","Scottsdale","Retail And Specialty","needs-contact-enrichment","34","Find direct owner contact before AE outreach.","","",""
"2026-06-01","256","7-eleven-store-25845-scottsdale-85257-ff2e66b","7 Eleven Store 25845","Scottsdale","Retail And Specialty","needs-contact-enrichment","34","Find direct owner contact before AE outreach.","","",""
"2026-06-02","257","7-eleven-store-26411b-scottsdale-85250-5800cb7","7 Eleven Store 26411B","Scottsdale","Retail And Specialty","needs-contact-enrichment","34","Find direct owner contact before AE outreach.","","",""
"2026-06-03","258","7-plus-water-alkaline-water-mesa-85209-fe77fbe","7 Plus Water-Alkaline Water","Mesa","Business Services","needs-contact-enrichment","34","Find direct owner contact before AE outreach.","","",""
"2026-06-04","259","7-eleven-25845g-scottsdale-85257-3904-56b6cb3","7-Eleven #25845G","Scottsdale","Retail And Specialty","needs-contact-enrichment","34","Find direct owner contact before AE outreach.","","",""
"2026-06-05","260","7-eleven-27036c-mesa-85202-67f3cc6","7-Eleven 27036C","Mesa","Business Services","needs-contact-enrichment","34","Find direct owner contact before AE outreach.","","",""
"2026-06-06","261","7-eleven-store-20168c-mesa-85210-1927fcd","7-Eleven Store #20168C","Mesa","Business Services","needs-contact-enrichment","34","Find direct owner contact before AE outreach.","","",""
"2026-06-07","262","7000-e-shea-boulevard-llc-scottsdale-85254-5261-ae5d144","7000 E Shea Boulevard Llc","Scottsdale","Retail And Specialty","needs-contact-enrichment","34","Find direct owner contact before AE outreach.","","",""
"2026-06-08","263","7017-main-street-llc-scottsdale-85251-c2a1654","7017 Main Street Llc","Scottsdale","Retail And Specialty","needs-contact-enrichment","34","Find direct owner contact before AE outreach.","","",""
"2026-06-09","264","7022-e-main-street-llc-scottsdale-85251-7404356","7022 E Main Street Llc","Scottsdale","Retail And Specialty","needs-contact-enrichment","34","Find direct owner contact before AE outreach.","","",""
"2026-06-10","265","7025-n-scottsdale-scottsdale-85253-3675-49a6abc","7025 N Scottsdale","Scottsdale","Retail And Specialty","needs-contact-enrichment","34","Find direct owner contact before AE outreach.","","",""
"2026-06-11","266","7033-1st-avenue-llc-scottsdale-85251-df64d8e","7033 1St Avenue Llc","Scottsdale","Retail And Specialty","needs-contact-enrichment","34","Find direct owner contact before AE outreach.","","",""
"2026-06-12","267","7103-e-main-llc-scottsdale-85251-bb3ae34","7103 E Main Llc","Scottsdale","Retail And Specialty","needs-contact-enrichment","34","Find direct owner contact before AE outreach.","","",""
"2026-06-13","268","7116-e-first-ave-llc-scottsdale-85251-b114f08","7116 E First Ave Llc","Scottsdale","Retail And Specialty","needs-contact-enrichment","34","Find direct owner contact before AE outreach.","","",""
"2026-06-14","269","7119-llc-scottsdale-85251-276d1d9","7119 Llc","Scottsdale","Retail And Specialty","needs-contact-enrichment","34","Find direct owner contact before AE outreach.","","",""
"2026-06-15","270","7154-stetson-llc-scottsdale-85251-e5f0d28","7154 Stetson Llc","Scottsdale","Retail And Specialty","needs-contact-enrichment","34","Find direct owner contact before AE outreach.","","",""
"2026-05-17","271","720-llc-scottsdale-85258-1234-af520b2","720 Llc","Scottsdale","Retail And Specialty","needs-contact-enrichment","34","Find direct owner contact before AE outreach.","","",""
"2026-05-18","272","723-21st-place-investments-llc-mesa-85212-ee29ec5","723 21St Place Investments Llc","Mesa","Business Services","needs-contact-enrichment","34","Find direct owner contact before AE outreach.","","",""
"2026-05-19","273","7243-investor-llc-scottsdale-85258-bfe1224","7243 Investor Llc","Scottsdale","Retail And Specialty","needs-contact-enrichment","34","Find direct owner contact before AE outreach.","","",""
"2026-05-20","274","7255-e-adobe-dr-scottsdale-85255-7e02253","7255 E Adobe Dr","Scottsdale","Retail And Specialty","needs-contact-enrichment","34","Find direct owner contact before AE outreach.","","",""
"2026-05-21","275","7325-east-evans-rental-associates-llc-scottsdale-85260-3101-6492455","7325 East Evans Rental Associates Llc","Scottsdale","Retail And Specialty","needs-contact-enrichment","34","Find direct owner contact before AE outreach.","","",""
"2026-05-22","276","7327-tierra-buena-llc-scottsdale-85260-7d3d1ec","7327 Tierra Buena Llc","Scottsdale","Retail And Specialty","needs-contact-enrichment","34","Find direct owner contact before AE outreach.","","",""
"2026-05-23","277","7330-venue-note-llc-scottsdale-85251-3b10211","7330 Venue Note Llc","Scottsdale","Retail And Specialty","needs-contact-enrichment","34","Find direct owner contact before AE outreach.","","",""
"2026-05-24","278","7345-acoma-llc-scottsdale-85260-b477e0c","7345 Acoma Llc","Scottsdale","Retail And Specialty","needs-contact-enrichment","34","Find direct owner contact before AE outreach.","","",""
"2026-05-25","279","7355-e-shoeman-lane-llc-scottsdale-85251-3306-d52797e","7355 E Shoeman Lane Llc","Scottsdale","Retail And Specialty","needs-contact-enrichment","34","Find direct owner contact before AE outreach.","","",""
"2026-05-26","280","7363-llc-scottsdale-85251-f2b7091","7363 Llc","Scottsdale","Retail And Specialty","needs-contact-enrichment","34","Find direct owner contact before AE outreach.","","",""
"2026-05-27","281","7399-e-tierra-buena-llc-scottsdale-85260-c19a43c","7399 E Tierra Buena Llc","Scottsdale","Retail And Specialty","needs-contact-enrichment","34","Find direct owner contact before AE outreach.","","",""
"2026-05-28","282","7405-monte-cristo-llc-scottsdale-85260-920ce05","7405 Monte Cristo Llc","Scottsdale","Retail And Specialty","needs-contact-enrichment","34","Find direct owner contact before AE outreach.","","",""
"2026-05-29","283","7440-llc-scottsdale-85260-4bcb7c7","7440 Llc","Scottsdale","Retail And Specialty","needs-contact-enrichment","34","Find direct owner contact before AE outreach.","","",""
"2026-05-30","284","7452-adobe-llc-scottsdale-85255-e46f94e","7452 Adobe Llc","Scottsdale","Retail And Specialty","needs-contact-enrichment","34","Find direct owner contact before AE outreach.","","",""
"2026-05-31","285","7525-camelback-llc-scottsdale-85251-1311656","7525 Camelback Llc","Scottsdale","Retail And Specialty","needs-contact-enrichment","34","Find direct owner contact before AE outreach.","","",""
"2026-06-01","286","7540-e-1st-street-llc-scottsdale-85251-4502-667452e","7540 E 1St Street Llc","Scottsdale","Retail And Specialty","needs-contact-enrichment","34","Find direct owner contact before AE outreach.","","",""
"2026-06-02","287","7575-e-redfield-llc-scottsdale-85260-6932-9967d22","7575 E Redfield Llc","Scottsdale","Retail And Specialty","needs-contact-enrichment","34","Find direct owner contact before AE outreach.","","",""
"2026-06-03","288","7575-redfield-partners-llc-scottsdale-85260-3f2f4f3","7575 Redfield Partners Llc","Scottsdale","Retail And Specialty","needs-contact-enrichment","34","Find direct owner contact before AE outreach.","","",""
"2026-06-04","289","7585-thunderbird-park-llc-scottsdale-85260-a368845","7585 Thunderbird Park Llc","Scottsdale","Retail And Specialty","needs-contact-enrichment","34","Find direct owner contact before AE outreach.","","",""
"2026-06-05","290","75th-street-properties-llc-scottsdale-85251-3558-bbffce3","75Th Street Properties Llc","Scottsdale","Retail And Specialty","needs-contact-enrichment","34","Find direct owner contact before AE outreach.","","",""
"2026-06-06","291","7689-llc-scottsdale-85260-27bffd9","7689 Llc","Scottsdale","Retail And Specialty","needs-contact-enrichment","34","Find direct owner contact before AE outreach.","","",""
"2026-06-07","292","76th-street-llc-scottsdale-85260-651ed77","76Th Street Llc","Scottsdale","Retail And Specialty","needs-contact-enrichment","34","Find direct owner contact before AE outreach.","","",""
"2026-06-08","293","77-on-the-park-ii-llc-scottsdale-85257-b2810d1","77 On The Park Ii Llc","Scottsdale","Retail And Specialty","needs-contact-enrichment","34","Find direct owner contact before AE outreach.","","",""
"2026-06-09","294","77-on-the-park-llc-scottsdale-85257-2ba5919","77 On The Park Llc","Scottsdale","Retail And Specialty","needs-contact-enrichment","34","Find direct owner contact before AE outreach.","","",""
"2026-06-10","295","7705-e-greenway-owners-assoc-inc-scottsdale-85260-2538187","7705 E Greenway Owners Assoc Inc","Scottsdale","Retail And Specialty","needs-contact-enrichment","34","Find direct owner contact before AE outreach.","","",""
"2026-06-11","296","7730-gelding-llc-scottsdale-85260-fe5a0d6","7730 Gelding Llc","Scottsdale","Retail And Specialty","needs-contact-enrichment","34","Find direct owner contact before AE outreach.","","",""
"2026-06-12","297","7755-e-redfield-llc-scottsdale-85260-6368ba0","7755 E Redfield Llc","Scottsdale","Retail And Specialty","needs-contact-enrichment","34","Find direct owner contact before AE outreach.","","",""
"2026-06-13","298","7777-paradise-lane-llc-scottsdale-85260-ab4e8f0","7777 Paradise Lane Llc","Scottsdale","Retail And Specialty","needs-contact-enrichment","34","Find direct owner contact before AE outreach.","","",""
"2026-06-14","299","7782-e-greenway-llc-scottsdale-85260-1943-e7ce04f","7782 E Greenway Llc","Scottsdale","Retail And Specialty","needs-contact-enrichment","34","Find direct owner contact before AE outreach.","","",""
"2026-06-15","300","78-contracting-llc-scottsdale-85260-7653-b149734","78 Contracting Llc","Scottsdale","Retail And Specialty","needs-contact-enrichment","34","Find direct owner contact before AE outreach.","","",""
"2026-05-17","301","7825-east-evans-llc-scottsdale-85260-2945-40d7da9","7825 East Evans Llc","Scottsdale","Retail And Specialty","needs-contact-enrichment","34","Find direct owner contact before AE outreach.","","",""
"2026-05-18","302","7830-redfield-llc-scottsdale-85260-7da46b6","7830 Redfield Llc","Scottsdale","Retail And Specialty","needs-contact-enrichment","34","Find direct owner contact before AE outreach.","","",""
"2026-05-19","303","7835-e-redfield-rd-bldg-scottsdale-85260-cb35259","7835 E Redfield Rd Bldg","Scottsdale","Retail And Specialty","needs-contact-enrichment","34","Find direct owner contact before AE outreach.","","",""
"2026-05-20","304","7845-east-redfield-llc-scottsdale-85260-a2c35ed","7845 East Redfield Llc","Scottsdale","Retail And Specialty","needs-contact-enrichment","34","Find direct owner contact before AE outreach.","","",""
"2026-05-21","305","7861-e-gray-llc-scottsdale-85260-3c8b254","7861 E Gray Llc","Scottsdale","Retail And Specialty","needs-contact-enrichment","34","Find direct owner contact before AE outreach.","","",""
"2026-05-22","306","78th-way-investments-llc-scottsdale-85260-12fa8df","78Th Way Investments Llc","Scottsdale","Retail And Specialty","needs-contact-enrichment","34","Find direct owner contact before AE outreach.","","",""
"2026-05-23","307","7949-e-acoma-drive-llc-scottsdale-85260-6904-d682713","7949 E Acoma Drive Llc","Scottsdale","Retail And Specialty","needs-contact-enrichment","34","Find direct owner contact before AE outreach.","","",""
"2026-05-24","308","79th-street-llc-scottsdale-85260-1205-cd6be1b","79Th Street Llc","Scottsdale","Retail And Specialty","needs-contact-enrichment","34","Find direct owner contact before AE outreach.","","",""
"2026-05-25","309","7eleven-43049-mesa-85212-5fe92e2","7Eleven 43049","Mesa","Business Services","needs-contact-enrichment","34","Find direct owner contact before AE outreach.","","",""
"2026-05-26","310","7th-level-scottsdale-85254-34a7298","7Th Level","Scottsdale","Retail And Specialty","needs-contact-enrichment","34","Find direct owner contact before AE outreach.","","",""
"2026-05-27","311","8-digit-display-inc-scottsdale-85258-30ae88c","8 Digit Display Inc","Scottsdale","Retail And Specialty","needs-contact-enrichment","34","Find direct owner contact before AE outreach.","","",""
"2026-05-28","312","8001-east-thomas-llc-scottsdale-85251-04e5373","8001 East Thomas Llc","Scottsdale","Retail And Specialty","needs-contact-enrichment","34","Find direct owner contact before AE outreach.","","",""
"2026-05-29","313","8010-e-mcdowell-llc-scottsdale-85257-3867-ebd27c2","8010 E Mcdowell Llc","Scottsdale","Retail And Specialty","needs-contact-enrichment","34","Find direct owner contact before AE outreach.","","",""
"2026-05-30","314","8035-property-llc-scottsdale-85258-4321-df61dda","8035 Property Llc","Scottsdale","Real Estate And Property","needs-contact-enrichment","34","Find direct owner contact before AE outreach.","","",""
"2026-05-31","315","8100-llc-scottsdale-85251-6e61372","8100 Llc","Scottsdale","Retail And Specialty","needs-contact-enrichment","34","Find direct owner contact before AE outreach.","","",""
"2026-06-01","316","8130-llc-scottsdale-85258-4308-dd6e8c2","8130 Llc","Scottsdale","Retail And Specialty","needs-contact-enrichment","34","Find direct owner contact before AE outreach.","","",""
"2026-06-02","317","8149-87th-place-llc-scottsdale-85258-79fbad8","8149 87Th Place Llc","Scottsdale","Retail And Specialty","needs-contact-enrichment","34","Find direct owner contact before AE outreach.","","",""
"2026-06-03","318","8201-hayden-llc-scottsdale-85258-8be7804","8201 Hayden Llc","Scottsdale","Retail And Specialty","needs-contact-enrichment","34","Find direct owner contact before AE outreach.","","",""
"2026-06-04","319","8221-llc-scottsdale-85260-b23041f","8221 Llc","Scottsdale","Retail And Specialty","needs-contact-enrichment","34","Find direct owner contact before AE outreach.","","",""
"2026-06-05","320","8280-e-gelding-llc-scottsdale-85260-97f1b12","8280 E Gelding Llc","Scottsdale","Retail And Specialty","needs-contact-enrichment","34","Find direct owner contact before AE outreach.","","",""
"2026-06-06","321","8300-e-raintree-scottsdale-85260-2529-4bd1456","8300 E Raintree","Scottsdale","Retail And Specialty","needs-contact-enrichment","34","Find direct owner contact before AE outreach.","","",""
"2026-06-07","322","8350-e-raintree-holdings-llc-scottsdale-85260-2691-c6dc227","8350 E Raintree Holdings Llc","Scottsdale","Retail And Specialty","needs-contact-enrichment","34","Find direct owner contact before AE outreach.","","",""
"2026-06-08","323","8418-holdings-llc-scottsdale-85260-6672-c7c9888","8418 Holdings Llc","Scottsdale","Retail And Specialty","needs-contact-enrichment","34","Find direct owner contact before AE outreach.","","",""
"2026-06-09","324","844-scottsdale-scottsdale-85254-6734e96","844 Scottsdale","Scottsdale","Retail And Specialty","needs-contact-enrichment","34","Find direct owner contact before AE outreach.","","",""
"2026-06-10","325","84th-street-industrial-llc-scottsdale-85260-1840-9cf7769","84Th Street Industrial Llc","Scottsdale","Retail And Specialty","needs-contact-enrichment","34","Find direct owner contact before AE outreach.","","",""
"2026-06-11","326","8502-e-via-de-ventura-llc-scottsdale-85258-05fa7de","8502 E Via De Ventura Llc","Scottsdale","Retail And Specialty","needs-contact-enrichment","34","Find direct owner contact before AE outreach.","","",""
"2026-06-12","327","8590-e-shea-gc-llc-scottsdale-85260-eb9f815","8590 E Shea Gc Llc","Scottsdale","Retail And Specialty","needs-contact-enrichment","34","Find direct owner contact before AE outreach.","","",""
"2026-06-13","328","8600-via-de-ventura-llc-scottsdale-85258-3323-d40426f","8600 Via De Ventura Llc","Scottsdale","Retail And Specialty","needs-contact-enrichment","34","Find direct owner contact before AE outreach.","","",""
"2026-06-14","329","86th-place-llc-scottsdale-85258-4310-e7bc327","86Th Place Llc","Scottsdale","Retail And Specialty","needs-contact-enrichment","34","Find direct owner contact before AE outreach.","","",""
"2026-06-15","330","8701-bt-mcdowell-llc-scottsdale-85257-a48b2cb","8701 Bt Mcdowell Llc","Scottsdale","Retail And Specialty","needs-contact-enrichment","34","Find direct owner contact before AE outreach.","","",""
"2026-05-17","331","8707-e-vista-bonita-llc-scottsdale-85255-b32bdb5","8707 E Vista Bonita Llc","Scottsdale","Retail And Specialty","needs-contact-enrichment","34","Find direct owner contact before AE outreach.","","",""
"2026-05-18","332","8720-e-flwb-llc-scottsdale-85260-1926-f2521bd","8720 E Flwb Llc","Scottsdale","Retail And Specialty","needs-contact-enrichment","34","Find direct owner contact before AE outreach.","","",""
"2026-05-19","333","8753-llc-scottsdale-85260-1339-e4680c3","8753 Llc","Scottsdale","Retail And Specialty","needs-contact-enrichment","34","Find direct owner contact before AE outreach.","","",""
"2026-05-20","334","888-massage-scottsdale-85258-5402-18df9f0","888 Massage","Scottsdale","Beauty And Wellness","needs-contact-enrichment","34","Find direct owner contact before AE outreach.","","",""
"2026-05-21","335","8910-e-raintree-investments-llc-scottsdale-85260-e3490ee","8910 E Raintree Investments Llc","Scottsdale","Retail And Specialty","needs-contact-enrichment","34","Find direct owner contact before AE outreach.","","",""
"2026-05-22","336","8970-raintree-llc-scottsdale-85260-845046d","8970 Raintree Llc","Scottsdale","Retail And Specialty","needs-contact-enrichment","34","Find direct owner contact before AE outreach.","","",""
"2026-05-23","337","8980-e-shea-blvd-llc-scottsdale-85260-3baca5b","8980 E Shea Blvd Llc","Scottsdale","Retail And Specialty","needs-contact-enrichment","34","Find direct owner contact before AE outreach.","","",""
"2026-05-24","338","8train-productions-llc-phoenix-metro-home-based-business-879b7db","8Train Productions, Llc","Phoenix Metro","Business Services","needs-contact-enrichment","34","Find direct owner contact before AE outreach.","","",""
"2026-05-25","339","9-round-30-min-kickbox-fitness-scottsdale-85260-6894-e6a1731","9 Round 30 Min Kickbox Fitness","Scottsdale","Beauty And Wellness","needs-contact-enrichment","34","Find direct owner contact before AE outreach.","","",""
"2026-05-26","340","90-mountain-view-scottsdale-85258-4423-e7b4d4e","90 Mountain View","Scottsdale","Retail And Specialty","needs-contact-enrichment","34","Find direct owner contact before AE outreach.","","",""
"2026-05-27","341","90-mountain-view-scottsdale-85258-4420-3489b21","90 Mountain View","Scottsdale","Retail And Specialty","needs-contact-enrichment","34","Find direct owner contact before AE outreach.","","",""
"2026-05-28","342","90-west-group-llc-scottsdale-85255-3517-8c6fb37","90 West Group Llc","Scottsdale","Retail And Specialty","needs-contact-enrichment","34","Find direct owner contact before AE outreach.","","",""
"2026-05-29","343","90th-and-bell-llc-scottsdale-85260-2790-33f3eec","90Th & Bell Llc","Scottsdale","Retail And Specialty","needs-contact-enrichment","34","Find direct owner contact before AE outreach.","","",""
"2026-05-30","344","90th-place-llc-scottsdale-85255-4515-99f3f90","90Th Place Llc","Scottsdale","Retail And Specialty","needs-contact-enrichment","34","Find direct owner contact before AE outreach.","","",""
"2026-05-31","345","919-hillsdale-llc-scottsdale-85251-3abd63e","919 Hillsdale Llc","Scottsdale","Retail And Specialty","needs-contact-enrichment","34","Find direct owner contact before AE outreach.","","",""
"2026-06-01","346","92-mountain-view-scottsdale-85258-4545-6b38ba3","92 Mountain View","Scottsdale","Retail And Specialty","needs-contact-enrichment","34","Find direct owner contact before AE outreach.","","",""
"2026-06-02","347","92nd-street-cafe-scottsdale-85260-6722-de40ba2","92Nd Street Cafe","Scottsdale","Food And Events","needs-contact-enrichment","34","Find direct owner contact before AE outreach.","","",""
"2026-06-03","348","9393-ventures-llc-scottsdale-85260-fff8be7","9393 Ventures Llc","Scottsdale","Retail And Specialty","needs-contact-enrichment","34","Find direct owner contact before AE outreach.","","",""
"2026-06-04","349","94-hundred-center-scottsdale-85260-7127-66da7a7","94 Hundred Center","Scottsdale","Retail And Specialty","needs-contact-enrichment","34","Find direct owner contact before AE outreach.","","",""
"2026-06-05","350","94-hundred-corporate-center-scottsdale-85260-6986-1c6f0d4","94 Hundred Corporate Center","Scottsdale","Retail And Specialty","needs-contact-enrichment","34","Find direct owner contact before AE outreach.","","",""
"2026-06-06","351","94-salvador-llc-scottsdale-85258-996880d","94 Salvador Llc","Scottsdale","Retail And Specialty","needs-contact-enrichment","34","Find direct owner contact before AE outreach.","","",""
"2026-06-07","352","99-cents-only-store-164-scottsdale-85251-d2cb800","99 Cents Only Store #164","Scottsdale","Retail And Specialty","needs-contact-enrichment","34","Find direct owner contact before AE outreach.","","",""
"2026-06-08","353","9933-properties-llc-scottsdale-85260-fb33f95","9933 Properties Llc","Scottsdale","Retail And Specialty","needs-contact-enrichment","34","Find direct owner contact before AE outreach.","","",""
"2026-06-09","354","9965-ironwood-condo-llc-scottsdale-85258-dd17215","9965 Ironwood Condo Llc","Scottsdale","Retail And Specialty","needs-contact-enrichment","34","Find direct owner contact before AE outreach.","","",""
"2026-06-10","355","9round-scottsdale-85260-2187-d4b03a3","9Round","Scottsdale","Retail And Specialty","needs-contact-enrichment","34","Find direct owner contact before AE outreach.","","",""
"2026-06-11","356","a-and-a-funding-corporation-scottsdale-85262-2c7dd44","A & A Funding Corporation","Scottsdale","Retail And Specialty","needs-contact-enrichment","34","Find direct owner contact before AE outreach.","","",""
"2026-06-12","357","a-and-a-legacy-smoke-and-vape-mesa-85210-204c18a","A & A Legacy Smoke And Vape","Mesa","Business Services","needs-contact-enrichment","34","Find direct owner contact before AE outreach.","","",""
"2026-06-13","358","a-and-a-snacks-llc-mesa-85201-e41b81b","A & A Snacks Llc","Mesa","Business Services","needs-contact-enrichment","34","Find direct owner contact before AE outreach.","","",""
"2026-06-14","359","a-and-g-turf-equipment-inc-mesa-85203-e932011","A & G Turf Equipment, Inc","Mesa","Business Services","needs-contact-enrichment","34","Find direct owner contact before AE outreach.","","",""
"2026-06-15","360","a-and-j-nails-scottsdale-85260-45f51a7","A & J Nails","Scottsdale","Beauty And Wellness","needs-contact-enrichment","34","Find direct owner contact before AE outreach.","","",""
"2026-05-17","361","a-and-j-properties-four-llc-phoenix-metro-home-based-business-250dcf4","A & J Properties Four Llc","Phoenix Metro","Business Services","needs-contact-enrichment","34","Find direct owner contact before AE outreach.","","",""
"2026-05-18","362","a-and-j-properties-one-phoenix-metro-home-based-business-6688295","A & J Properties One","Phoenix Metro","Business Services","needs-contact-enrichment","34","Find direct owner contact before AE outreach.","","",""
"2026-05-19","363","a-and-j-properties-three-phoenix-metro-home-based-business-222beb1","A & J Properties Three","Phoenix Metro","Business Services","needs-contact-enrichment","34","Find direct owner contact before AE outreach.","","",""
"2026-05-20","364","a-and-j-properties-two-llc-phoenix-metro-home-based-business-85b3a79","A & J Properties Two Llc","Phoenix Metro","Business Services","needs-contact-enrichment","34","Find direct owner contact before AE outreach.","","",""
"2026-05-21","365","a-and-m-corsons-aqua-value-scottsdale-85251-4dac99d","A & M Corsons Aqua Value","Scottsdale","Retail And Specialty","needs-contact-enrichment","34","Find direct owner contact before AE outreach.","","",""
"2026-05-22","366","a-and-m-pump-and-pool-supply-scottsdale-85251-877f154","A & M Pump & Pool Supply","Scottsdale","Home Services","needs-contact-enrichment","34","Find direct owner contact before AE outreach.","","",""
"2026-05-23","367","a-and-p-nursery-phoenix-metro-home-based-business-1f07870","A & P Nursery","Phoenix Metro","Business Services","needs-contact-enrichment","34","Find direct owner contact before AE outreach.","","",""
"2026-05-24","368","a-and-p-thai-massage-scottsdale-85250-665451b","A & P Thai Massage","Scottsdale","Beauty And Wellness","needs-contact-enrichment","34","Find direct owner contact before AE outreach.","","",""
"2026-05-25","369","a-and-s-premier-properties-llc-scottsdale-85258-5a58d32","A & S Premier Properties Llc","Scottsdale","Retail And Specialty","needs-contact-enrichment","34","Find direct owner contact before AE outreach.","","",""
"2026-05-26","370","a-and-w-properties-llc-scottsdale-85260-4df15e1","A & W Properties Llc","Scottsdale","Retail And Specialty","needs-contact-enrichment","34","Find direct owner contact before AE outreach.","","",""
"2026-05-27","371","a-101-dental-care-pc-scottsdale-85257-62a4eac","A 101 Dental Care Pc","Scottsdale","Health And Care","needs-contact-enrichment","34","Find direct owner contact before AE outreach.","","",""
"2026-05-28","372","a-2-z-realty-scottsdale-85257-e4debdf","A 2 Z Realty","Scottsdale","Real Estate And Property","needs-contact-enrichment","34","Find direct owner contact before AE outreach.","","",""
"2026-05-29","373","a-better-life-psychotherapy-pllc-scottsdale-85258-1234-198b19a","A Better Life Psychotherapy Pllc","Scottsdale","Health And Care","needs-contact-enrichment","34","Find direct owner contact before AE outreach.","","",""
"2026-05-30","374","a-better-repair-mesa-85213-ed81b7f","A Better Repair","Mesa","Business Services","needs-contact-enrichment","34","Find direct owner contact before AE outreach.","","",""
"2026-05-31","375","a-better-solution-in-home-care-phx-scottsdale-scottsdale-85258-2129-5e3b664","A Better Solution In Home Care Phx-Scottsdale","Scottsdale","Retail And Specialty","needs-contact-enrichment","34","Find direct owner contact before AE outreach.","","",""
"2026-06-01","376","a-better-today-recovery-services-scottsdale-85260-5535-c23be2a","A Better Today Recovery Services","Scottsdale","Retail And Specialty","needs-contact-enrichment","34","Find direct owner contact before AE outreach.","","",""
"2026-06-02","377","a-better-today-recovery-services-llc-scottsdale-85266-8120-9b89b8b","A Better Today Recovery Services Llc","Scottsdale","Retail And Specialty","needs-contact-enrichment","34","Find direct owner contact before AE outreach.","","",""
"2026-06-03","378","a-bottle-a-day-scottsdale-85260-7e152dd","A Bottle A Day","Scottsdale","Retail And Specialty","needs-contact-enrichment","34","Find direct owner contact before AE outreach.","","",""
"2026-06-04","379","a-brighter-day-enterprises-llc-scottsdale-85254-284fe2d","A Brighter Day Enterprises Llc","Scottsdale","Retail And Specialty","needs-contact-enrichment","34","Find direct owner contact before AE outreach.","","",""
"2026-06-05","380","a-caring-heart-of-arizona-scottsdale-85260-0c2c028","A Caring Heart Of Arizona","Scottsdale","Retail And Specialty","needs-contact-enrichment","34","Find direct owner contact before AE outreach.","","",""
"2026-06-06","381","a-cheap-body-shop-scottsdale-85260-53b7ebf","A Cheap Body Shop","Scottsdale","Retail And Specialty","needs-contact-enrichment","34","Find direct owner contact before AE outreach.","","",""
"2026-06-07","382","a-closet-full-of-dresses-mesa-85205-971b0dc","A Closet Full Of Dresses","Mesa","Business Services","needs-contact-enrichment","34","Find direct owner contact before AE outreach.","","",""
"2026-06-08","383","a-cool-breeze-scottsdale-85258-9925d15","A Cool Breeze","Scottsdale","Retail And Specialty","needs-contact-enrichment","34","Find direct owner contact before AE outreach.","","",""
"2026-06-09","384","a-creative-brilliance-llc-scottsdale-85251-4a640f0","A Creative Brilliance Llc","Scottsdale","Retail And Specialty","needs-contact-enrichment","34","Find direct owner contact before AE outreach.","","",""
"2026-06-10","385","a-creative-brilliance-llc-mesa-85206-9494f48","A Creative Brilliance Llc","Mesa","Business Services","needs-contact-enrichment","34","Find direct owner contact before AE outreach.","","",""
"2026-06-11","386","a-curated-touch-scottsdale-85260-4fbdd46","A Curated Touch","Scottsdale","Retail And Specialty","needs-contact-enrichment","34","Find direct owner contact before AE outreach.","","",""
"2026-06-12","387","a-d-d-clinic-scottsdale-85260-75e9fce","A D D Clinic","Scottsdale","Health And Care","needs-contact-enrichment","34","Find direct owner contact before AE outreach.","","",""
"2026-06-13","388","a-dough-a-bowl-llc-phoenix-metro-home-based-business-cf3251d","A Dough A Bowl Llc","Phoenix Metro","Business Services","needs-contact-enrichment","34","Find direct owner contact before AE outreach.","","",""
"2026-06-14","389","a-few-good-handy-men-scottsdale-85250-5830-4afa8b7","A Few Good Handy Men","Scottsdale","Retail And Specialty","needs-contact-enrichment","34","Find direct owner contact before AE outreach.","","",""
"2026-06-15","390","a-finer-touch-construction-llc-scottsdale-85260-ae48e8b","A Finer Touch Construction Llc","Scottsdale","Home Services","needs-contact-enrichment","34","Find direct owner contact before AE outreach.","","",""
"2026-05-17","391","a-gal-and-her-bucket-phoenix-metro-home-based-business-c996e58","A Gal And Her Bucket","Phoenix Metro","Business Services","needs-contact-enrichment","34","Find direct owner contact before AE outreach.","","",""
"2026-05-18","392","a-gnomes-shoe-repair-mesa-85205-d0517e1","A Gnomes Shoe Repair","Mesa","Business Services","needs-contact-enrichment","34","Find direct owner contact before AE outreach.","","",""
"2026-05-19","393","a-gold-star-glass-phoenix-metro-home-based-business-1d65016","A Gold Star Glass","Phoenix Metro","Business Services","needs-contact-enrichment","34","Find direct owner contact before AE outreach.","","",""
"2026-05-20","394","a-graphic-source-llc-scottsdale-85255-73e650c","A Graphic Source Llc","Scottsdale","Retail And Specialty","needs-contact-enrichment","34","Find direct owner contact before AE outreach.","","",""
"2026-05-21","395","a-greener-place-llc-mesa-85201-224b5b7","A Greener Place Llc","Mesa","Business Services","needs-contact-enrichment","34","Find direct owner contact before AE outreach.","","",""
"2026-05-22","396","a-group-studio-llc-scottsdale-85260-2477-aa3607b","A Group Studio Llc","Scottsdale","Creative Services","needs-contact-enrichment","34","Find direct owner contact before AE outreach.","","",""
"2026-05-23","397","a-guiding-light-services-mesa-85210-c5f629d","A Guiding Light Services","Mesa","Business Services","needs-contact-enrichment","34","Find direct owner contact before AE outreach.","","",""
"2026-05-24","398","a-h-neal-sales-inc-scottsdale-85260-b99716d","A H Neal Sales Inc","Scottsdale","Retail And Specialty","needs-contact-enrichment","34","Find direct owner contact before AE outreach.","","",""
"2026-05-25","399","a-h-tolen-nutritional-consultants-scottsdale-85250-4681-df7872e","A H Tolen Nutritional Consultants","Scottsdale","Business Services","needs-contact-enrichment","34","Find direct owner contact before AE outreach.","","",""
"2026-05-26","400","a-j-t-development-llc-scottsdale-85250-6fc1ec6","A J T Development Llc","Scottsdale","Retail And Specialty","needs-contact-enrichment","34","Find direct owner contact before AE outreach.","","",""
"2026-05-27","401","a-j-s-fine-foods-63-scottsdale-85253-4417-dde7f7e","A J'S Fine Foods 63","Scottsdale","Food And Events","needs-contact-enrichment","34","Find direct owner contact before AE outreach.","","",""
"2026-05-28","402","a-kitchen-store-mesa-85209-e2d0189","A Kitchen Store","Mesa","Food And Events","needs-contact-enrichment","34","Find direct owner contact before AE outreach.","","",""
"2026-05-29","403","a-la-mode-abode-scottsdale-85259-8dfe875","A La Mode Abode","Scottsdale","Retail And Specialty","needs-contact-enrichment","34","Find direct owner contact before AE outreach.","","",""
"2026-05-30","404","a-likely-story-traffic-school-mesa-85201-16d9de4","A Likely Story Traffic School","Mesa","Business Services","needs-contact-enrichment","34","Find direct owner contact before AE outreach.","","",""
"2026-05-31","405","a-little-bit-of-everything-scottsdale-85251-2eea068","A Little Bit Of Everything","Scottsdale","Retail And Specialty","needs-contact-enrichment","34","Find direct owner contact before AE outreach.","","",""
"2026-06-01","406","a-little-of-this-and-that-scottsdale-85258-44af904","A Little Of This And That","Scottsdale","Retail And Specialty","needs-contact-enrichment","34","Find direct owner contact before AE outreach.","","",""
"2026-06-02","407","a-lor-a-organic-studio-llc-scottsdale-85251-400572b","A Lor A Organic Studio Llc","Scottsdale","Creative Services","needs-contact-enrichment","34","Find direct owner contact before AE outreach.","","",""
"2026-06-03","408","a-m-s-inc-scottsdale-85260-6c593bb","A M S Inc","Scottsdale","Retail And Specialty","needs-contact-enrichment","34","Find direct owner contact before AE outreach.","","",""
"2026-06-04","409","a-mind-for-detail-inc-mesa-85201-76bc141","A Mind For Detail Inc.","Mesa","Auto Services","needs-contact-enrichment","34","Find direct owner contact before AE outreach.","","",""
"2026-06-05","410","a-mindfullness-life-center-scottsdale-85253-1426-1b9e895","A Mindfullness Life Center","Scottsdale","Retail And Specialty","needs-contact-enrichment","34","Find direct owner contact before AE outreach.","","",""
"2026-06-06","411","a-mindfulness-life-center-scottsdale-85253-1477-cf885bb","A Mindfulness Life Center","Scottsdale","Retail And Specialty","needs-contact-enrichment","34","Find direct owner contact before AE outreach.","","",""
"2026-06-07","412","a-modo-mio-mesa-85205-b4f5686","A Modo Mio","Mesa","Business Services","needs-contact-enrichment","34","Find direct owner contact before AE outreach.","","",""
"2026-06-08","413","a-new-beginning-dta-mesa-85201-e8ce582","A New Beginning Dta","Mesa","Business Services","needs-contact-enrichment","34","Find direct owner contact before AE outreach.","","",""
"2026-06-09","414","a-new-beginning-dta-mesa-85210-2639e76","A New Beginning Dta","Mesa","Business Services","needs-contact-enrichment","34","Find direct owner contact before AE outreach.","","",""
"2026-06-10","415","a-new-beginning-outpatient-treatment-center-scottsdale-85258-f1e8847","A New Beginning Outpatient Treatment Center","Scottsdale","Retail And Specialty","needs-contact-enrichment","34","Find direct owner contact before AE outreach.","","",""
"2026-06-11","416","a-new-beginning-outpatient-treatment-center-llc-scottsdale-85258-4590-d6b53ba","A New Beginning Outpatient Treatment Center Llc","Scottsdale","Retail And Specialty","needs-contact-enrichment","34","Find direct owner contact before AE outreach.","","",""
"2026-06-12","417","a-new-dawn-wellness-center-llc-scottsdale-85260-a3f0f74","A New Dawn Wellness Center Llc","Scottsdale","Retail And Specialty","needs-contact-enrichment","34","Find direct owner contact before AE outreach.","","",""
"2026-06-13","418","a-p-i-alarm-monitoring-inc-scottsdale-85260-a9ac59d","A P I Alarm Monitoring Inc","Scottsdale","Retail And Specialty","needs-contact-enrichment","34","Find direct owner contact before AE outreach.","","",""
"2026-06-14","419","a-perfect-handle-scottsdale-85255-232513b","A Perfect Handle","Scottsdale","Retail And Specialty","needs-contact-enrichment","34","Find direct owner contact before AE outreach.","","",""
"2026-06-15","420","a-perfect-ten-nail-salon-by-elise-scottsdale-85253-4553-ba9a5ce","A Perfect Ten Nail Salon By Elise","Scottsdale","Beauty And Wellness","needs-contact-enrichment","34","Find direct owner contact before AE outreach.","","",""
"2026-05-17","421","a-personal-peace-scottsdale-85266-7223-cbcdbb9","A Personal Peace","Scottsdale","Retail And Specialty","needs-contact-enrichment","34","Find direct owner contact before AE outreach.","","",""
"2026-05-18","422","a-place-4-pawz-scottsdale-85250-6728-cd5be09","A Place 4 Pawz","Scottsdale","Retail And Specialty","needs-contact-enrichment","34","Find direct owner contact before AE outreach.","","",""
"2026-05-19","423","a-place-at-home-scottsdale-85258-3348-7b70561","A Place At Home","Scottsdale","Retail And Specialty","needs-contact-enrichment","34","Find direct owner contact before AE outreach.","","",""
"2026-05-20","424","a-place-at-home-scottsdale-85260-279790f","A Place At Home","Scottsdale","Retail And Specialty","needs-contact-enrichment","34","Find direct owner contact before AE outreach.","","",""
"2026-05-21","425","a-place-to-be-counseling-services-scottsdale-85255-863f100","A Place To Be Counseling Services","Scottsdale","Retail And Specialty","needs-contact-enrichment","34","Find direct owner contact before AE outreach.","","",""
"2026-05-22","426","a-place-to-see-scottsdale-85251-3403-ee20be4","A Place To See","Scottsdale","Retail And Specialty","needs-contact-enrichment","34","Find direct owner contact before AE outreach.","","",""
"2026-05-23","427","a-plus-home-watch-of-arizona-llc-phoenix-metro-home-based-business-8ebdfc4","A Plus Home Watch Of Arizona Llc","Phoenix Metro","Business Services","needs-contact-enrichment","34","Find direct owner contact before AE outreach.","","",""
"2026-05-24","428","a-professional-image-inc-ofessional-image-inc-mesa-85202-4dce2d0","A Professional Image Inc Ofessional Image, Inc","Mesa","Business Services","needs-contact-enrichment","34","Find direct owner contact before AE outreach.","","",""
"2026-05-25","429","a-prudent-way-phoenix-metro-home-based-business-10741d0","A Prudent Way","Phoenix Metro","Business Services","needs-contact-enrichment","34","Find direct owner contact before AE outreach.","","",""
"2026-05-26","430","a-quilters-oasis-mesa-85209-a6ab24a","A Quilters Oasis","Mesa","Business Services","needs-contact-enrichment","34","Find direct owner contact before AE outreach.","","",""
"2026-05-27","431","a-r-a-arizona-residential-architects-scottsdale-85260-891eff3","A R A - Arizona Residential Architects","Scottsdale","Retail And Specialty","needs-contact-enrichment","34","Find direct owner contact before AE outreach.","","",""
"2026-05-28","432","a-r-mays-construction-inc-scottsdale-85251-86a839a","A R Mays Construction Inc","Scottsdale","Home Services","needs-contact-enrichment","34","Find direct owner contact before AE outreach.","","",""
"2026-05-29","433","a-r-mays-residential-llc-scottsdale-85251-7ed5972","A R Mays Residential Llc","Scottsdale","Retail And Specialty","needs-contact-enrichment","34","Find direct owner contact before AE outreach.","","",""
"2026-05-30","434","a-reason-to-smile-scottsdale-85254-6723-2ea2c25","A Reason To Smile","Scottsdale","Retail And Specialty","needs-contact-enrichment","34","Find direct owner contact before AE outreach.","","",""
"2026-05-31","435","a-renewed-you-pllc-scottsdale-85260-8843-64d46c8","A Renewed You Pllc","Scottsdale","Retail And Specialty","needs-contact-enrichment","34","Find direct owner contact before AE outreach.","","",""
"2026-06-01","436","a-safe-pool-scottsdale-85258-d701669","A Safe Pool","Scottsdale","Home Services","needs-contact-enrichment","34","Find direct owner contact before AE outreach.","","",""
"2026-06-02","437","a-special-place-interiors-scottsdale-85255-8133734","A Special Place Interiors","Scottsdale","Retail And Specialty","needs-contact-enrichment","34","Find direct owner contact before AE outreach.","","",""
"2026-06-03","438","a-speedy-cash-car-title-loans-scottsdale-85257-881305b","A Speedy Cash Car Title Loans","Scottsdale","Auto Services","needs-contact-enrichment","34","Find direct owner contact before AE outreach.","","",""
"2026-06-04","439","a-studio-bravo-scottsdale-85251-3923-d51788e","A Studio Bravo","Scottsdale","Creative Services","needs-contact-enrichment","34","Find direct owner contact before AE outreach.","","",""
"2026-06-05","440","a-to-z-precision-llc-scottsdale-85254-6a8a3cf","A To Z Precision Llc","Scottsdale","Retail And Specialty","needs-contact-enrichment","34","Find direct owner contact before AE outreach.","","",""
"2026-06-06","441","a-touch-of-balance-massage-for-health-scottsdale-85251-85c2f16","A Touch Of Balance Massage For Health","Scottsdale","Beauty And Wellness","needs-contact-enrichment","34","Find direct owner contact before AE outreach.","","",""
"2026-06-07","442","a-touch-of-grace-aesthetic-center-llc-scottsdale-85258-d063670","A Touch Of Grace Aesthetic Center Llc","Scottsdale","Beauty And Wellness","needs-contact-enrichment","34","Find direct owner contact before AE outreach.","","",""
"2026-06-08","443","a-v-schwan-and-associates-scottsdale-85251-bc63ddd","A V Schwan & Associates","Scottsdale","Retail And Specialty","needs-contact-enrichment","34","Find direct owner contact before AE outreach.","","",""
"2026-06-09","444","a-western-tradition-scottsdale-85266-e8577e3","A Western Tradition","Scottsdale","Retail And Specialty","needs-contact-enrichment","34","Find direct owner contact before AE outreach.","","",""
"2026-06-10","445","a-aaakey-mini-storage-8-scottsdale-85257-4604-869a9e8","A-Aaakey Mini Storage #8","Scottsdale","Real Estate And Property","needs-contact-enrichment","34","Find direct owner contact before AE outreach.","","",""
"2026-06-11","446","a-i-massage-spa-mesa-85210-626a80e","A-I Massage Spa","Mesa","Beauty And Wellness","needs-contact-enrichment","34","Find direct owner contact before AE outreach.","","",""
"2026-06-12","447","a-ride-scottsdale-85251-ee16fb5","A-Ride","Scottsdale","Retail And Specialty","needs-contact-enrichment","34","Find direct owner contact before AE outreach.","","",""
"2026-06-13","448","a-team-construction-mesa-85215-5eeff08","A-Team Construction","Mesa","Home Services","needs-contact-enrichment","34","Find direct owner contact before AE outreach.","","",""
"2026-06-14","449","a-z-ez-caddy-llc-scottsdale-85259-3cf8f09","A-Z Ez Caddy Llc","Scottsdale","Retail And Specialty","needs-contact-enrichment","34","Find direct owner contact before AE outreach.","","",""
"2026-06-15","450","a-z-quad-parts-mesa-85212-b47771d","A-Z Quad Parts","Mesa","Business Services","needs-contact-enrichment","34","Find direct owner contact before AE outreach.","","",""
"2026-05-17","451","a-z-tennis-llc-scottsdale-85258-5805-74e0959","A-Z Tennis Llc","Scottsdale","Retail And Specialty","needs-contact-enrichment","34","Find direct owner contact before AE outreach.","","",""
"2026-05-18","452","a-z-travel-center-scottsdale-85260-2983-333c49d","A-Z Travel Center","Scottsdale","Retail And Specialty","needs-contact-enrichment","34","Find direct owner contact before AE outreach.","","",""
"2026-05-19","453","a-zed-taxes-llc-scottsdale-85260-1529-8ece866","A-Zed Taxes Llc","Scottsdale","Legal And Financial","needs-contact-enrichment","34","Find direct owner contact before AE outreach.","","",""
"2026-05-20","454","a-j-mobility-phoenix-metro-home-based-business-32934c2","A.J. Mobility","Phoenix Metro","Business Services","needs-contact-enrichment","34","Find direct owner contact before AE outreach.","","",""
"2026-05-21","455","a-t-meridian-construction-mesa-85215-524ba34","A.T. Meridian Construction","Mesa","Home Services","needs-contact-enrichment","34","Find direct owner contact before AE outreach.","","",""
"2026-05-22","456","a-t-still-university-mesa-85206-93045c8","A.T. Still University","Mesa","Business Services","needs-contact-enrichment","34","Find direct owner contact before AE outreach.","","",""
"2026-05-23","457","a-c-rangers-heating-and-cooling-llc-mesa-85204-c8c9b10","A/C Rangers Heating And Cooling Llc","Mesa","Business Services","needs-contact-enrichment","34","Find direct owner contact before AE outreach.","","",""
"2026-05-24","458","a-x-armani-exchange-scottsdale-85251-a2a8c3f","A/X Armani Exchange","Scottsdale","Retail And Specialty","needs-contact-enrichment","34","Find direct owner contact before AE outreach.","","",""
"2026-05-25","459","a-and-a-audiology-scottsdale-85251-07bcba5","A&A Audiology","Scottsdale","Retail And Specialty","needs-contact-enrichment","34","Find direct owner contact before AE outreach.","","",""
"2026-05-26","460","a-and-a-cooling-and-heating-llc-phoenix-metro-85120-944ebfe","A&A Cooling And Heating Llc","Phoenix Metro","Business Services","needs-contact-enrichment","34","Find direct owner contact before AE outreach.","","",""
"2026-05-27","461","a-and-b-prospecting-supplies-inc-mesa-85205-1441ab2","A&B Prospecting Supplies, Inc","Mesa","Business Services","needs-contact-enrichment","34","Find direct owner contact before AE outreach.","","",""
"2026-05-28","462","a-and-m-val-vista-llc-mesa-85204-011b222","A&M Val Vista Llc","Mesa","Business Services","needs-contact-enrichment","34","Find direct owner contact before AE outreach.","","",""
"2026-05-29","463","a-and-p-nursery-mesa-85202-bfb74ae","A&P Nursery","Mesa","Business Services","needs-contact-enrichment","34","Find direct owner contact before AE outreach.","","",""
"2026-05-30","464","a-foot-spa-scottsdale-85258-a1ef046","A+ Foot Spa","Scottsdale","Beauty And Wellness","needs-contact-enrichment","34","Find direct owner contact before AE outreach.","","",""
"2026-05-31","465","a1-spine-mesa-85201-a1f6830","A1 Spine","Mesa","Business Services","needs-contact-enrichment","34","Find direct owner contact before AE outreach.","","",""
"2026-06-01","466","a2z-diesel-performance-solutions-inc-mesa-85201-9a267bd","A2Z Diesel Performance Solutions, Inc.","Mesa","Business Services","needs-contact-enrichment","34","Find direct owner contact before AE outreach.","","",""
"2026-06-02","467","aa-foot-spa-scottsdale-85258-c153f1e","Aa Foot Spa","Scottsdale","Beauty And Wellness","needs-contact-enrichment","34","Find direct owner contact before AE outreach.","","",""
"2026-06-03","468","aaa-arizona-inc-scottsdale-85260-2084-4db6ab3","Aaa Arizona Inc","Scottsdale","Retail And Specialty","needs-contact-enrichment","34","Find direct owner contact before AE outreach.","","",""
"2026-06-04","469","aaa-arizona-repair-solutions-scottsdale-85251-291d2c4","Aaa Arizona Repair Solutions","Scottsdale","Retail And Specialty","needs-contact-enrichment","34","Find direct owner contact before AE outreach.","","",""
"2026-06-05","470","aaa-auto-repair-center-scottsdale-85257-31d322d","Aaa Auto Repair Center","Scottsdale","Auto Services","needs-contact-enrichment","34","Find direct owner contact before AE outreach.","","",""
"2026-06-06","471","aaa-auto-repair-center-mesa-85206-3970ee7","Aaa Auto Repair Center","Mesa","Auto Services","needs-contact-enrichment","34","Find direct owner contact before AE outreach.","","",""
"2026-06-07","472","aaa-auto-repair-center-mesa-85209-a228b38","Aaa Auto Repair Center","Mesa","Auto Services","needs-contact-enrichment","34","Find direct owner contact before AE outreach.","","",""
"2026-06-08","473","aaa-car-buying-scottsdale-85260-2084-142acff","Aaa Car Buying","Scottsdale","Auto Services","needs-contact-enrichment","34","Find direct owner contact before AE outreach.","","",""
"2026-06-09","474","aaa-collision-center-scottsdale-85251-6311-c13d7e4","Aaa Collision Center","Scottsdale","Auto Services","needs-contact-enrichment","34","Find direct owner contact before AE outreach.","","",""
"2026-06-10","475","aaa-cooling-specialists-scottsdale-85260-3058-981a5be","Aaa Cooling Specialists","Scottsdale","Retail And Specialty","needs-contact-enrichment","34","Find direct owner contact before AE outreach.","","",""
"2026-06-11","476","aaa-custom-tailoring-scottsdale-85257-b5fc4f6","Aaa Custom Tailoring","Scottsdale","Retail And Specialty","needs-contact-enrichment","34","Find direct owner contact before AE outreach.","","",""
"2026-06-12","477","aaa-dog-grooming-llc-mesa-85208-a8bb76e","Aaa Dog Grooming Llc","Mesa","Business Services","needs-contact-enrichment","34","Find direct owner contact before AE outreach.","","",""
"2026-06-13","478","aaa-hardwood-floors-inc-scottsdale-85260-2626-9631f19","Aaa Hardwood Floors Inc","Scottsdale","Home Services","needs-contact-enrichment","34","Find direct owner contact before AE outreach.","","",""
"2026-06-14","479","aaa-pressure-washers-and-supplies-mesa-85210-4a40f71","Aaa Pressure Washers & Supplies","Mesa","Auto Services","needs-contact-enrichment","34","Find direct owner contact before AE outreach.","","",""
"2026-06-15","480","aaa-roadside-assistance-mesa-85206-ea3bca5","Aaa Roadside Assistance","Mesa","Business Services","needs-contact-enrichment","34","Find direct owner contact before AE outreach.","","",""
"2026-05-17","481","aaa-roadside-assistance-llc-scottsdale-85260-4e2634e","Aaa Roadside Assistance Llc","Scottsdale","Retail And Specialty","needs-contact-enrichment","34","Find direct owner contact before AE outreach.","","",""
"2026-05-18","482","aaa-world-calling-inc-scottsdale-85260-bc9da2e","Aaa World Calling Inc","Scottsdale","Retail And Specialty","needs-contact-enrichment","34","Find direct owner contact before AE outreach.","","",""
"2026-05-19","483","aacs-pos-inc-scottsdale-85260-4896581","Aacs Pos Inc","Scottsdale","Retail And Specialty","needs-contact-enrichment","34","Find direct owner contact before AE outreach.","","",""
"2026-05-20","484","aaction-movers-mesa-85210-a89d585","Aaction Movers","Mesa","Business Services","needs-contact-enrichment","34","Find direct owner contact before AE outreach.","","",""
"2026-05-21","485","aak-architecture-and-interiors-inc-scottsdale-85260-55cc6e5","Aak Architecture & Interiors Inc","Scottsdale","Retail And Specialty","needs-contact-enrichment","34","Find direct owner contact before AE outreach.","","",""
"2026-05-22","486","aamco-transmissions-and-total-car-care-scottsdale-85260-1d39d2d","Aamco Transmissions & Total Car Care","Scottsdale","Auto Services","needs-contact-enrichment","34","Find direct owner contact before AE outreach.","","",""
"2026-05-23","487","aamco-transmissions-and-total-car-care-scottsdale-85257-f9acda2","Aamco Transmissions & Total Car Care","Scottsdale","Auto Services","needs-contact-enrichment","34","Find direct owner contact before AE outreach.","","",""
"2026-05-24","488","aap-dermatology-and-cosmetic-surgery-pc-mesa-85205-ef9ce6c","Aap Dermatology & Cosmetic Surgery, Pc","Mesa","Business Services","needs-contact-enrichment","34","Find direct owner contact before AE outreach.","","",""
"2026-05-25","489","aarc-mesa-85206-0975cd4","Aarc","Mesa","Business Services","needs-contact-enrichment","34","Find direct owner contact before AE outreach.","","",""
"2026-05-26","490","aaron-duncan-smyth-scottsdale-85251-6407-3cb80bf","Aaron Duncan Smyth","Scottsdale","Retail And Specialty","needs-contact-enrichment","34","Find direct owner contact before AE outreach.","","",""
"2026-05-27","491","aaron-s-sales-and-lease-ownership-scottsdale-85251-7214-d292e16","Aaron'S Sales And Lease Ownership","Scottsdale","Retail And Specialty","needs-contact-enrichment","34","Find direct owner contact before AE outreach.","","",""
"2026-05-28","492","ab-design-elements-llc-scottsdale-85259-59a396a","Ab Design Elements Llc","Scottsdale","Creative Services","needs-contact-enrichment","34","Find direct owner contact before AE outreach.","","",""
"2026-05-29","493","aba-golden-steps-az-mesa-85210-2180a5e","Aba Golden Steps Az","Mesa","Business Services","needs-contact-enrichment","34","Find direct owner contact before AE outreach.","","",""
"2026-05-30","494","abacus-forensic-polygraph-llc-mesa-85202-a8b60bf","Abacus Forensic Polygraph, Llc","Mesa","Business Services","needs-contact-enrichment","34","Find direct owner contact before AE outreach.","","",""
"2026-05-31","495","abbie-major-skin-love-llc-scottsdale-85257-4510-0175d86","Abbie Major Skin Love Llc","Scottsdale","Retail And Specialty","needs-contact-enrichment","34","Find direct owner contact before AE outreach.","","",""
"2026-06-01","496","abbott-scottsdale-85255-5429-d17a149","Abbott","Scottsdale","Retail And Specialty","needs-contact-enrichment","34","Find direct owner contact before AE outreach.","","",""
"2026-06-02","497","abbott-nutrition-scottsdale-85254-0afd082","Abbott Nutrition","Scottsdale","Retail And Specialty","needs-contact-enrichment","34","Find direct owner contact before AE outreach.","","",""
"2026-06-03","498","abbsolutely-organized-scottsdale-85254-4134619","Abbsolutely Organized","Scottsdale","Retail And Specialty","needs-contact-enrichment","34","Find direct owner contact before AE outreach.","","",""
"2026-06-04","499","abby-garcia-phd-llc-scottsdale-85255-402348f","Abby Garcia Phd Llc","Scottsdale","Retail And Specialty","needs-contact-enrichment","34","Find direct owner contact before AE outreach.","","",""
"2026-06-05","500","abby-norman-coaching-llc-scottsdale-85258-4028c92","Abby Norman Coaching Llc","Scottsdale","Retail And Specialty","needs-contact-enrichment","34","Find direct owner contact before AE outreach.","","",""
"2026-06-06","501","abc-auto-llc-scottsdale-85257-28083b9","Abc Auto Llc","Scottsdale","Auto Services","needs-contact-enrichment","34","Find direct owner contact before AE outreach.","","",""
"2026-06-07","502","abc-bicycles-and-jet-ski-rentals-mesa-85204-0d2b3c9","Abc Bicycles And Jet Ski Rentals","Mesa","Business Services","needs-contact-enrichment","34","Find direct owner contact before AE outreach.","","",""
"2026-06-08","503","abc-care-llc-mesa-85213-1b504f6","Abc Care Llc","Mesa","Business Services","needs-contact-enrichment","34","Find direct owner contact before AE outreach.","","",""
"2026-06-09","504","abc-dentistry-for-children-mesa-85209-20cc835","Abc Dentistry For Children","Mesa","Health And Care","needs-contact-enrichment","34","Find direct owner contact before AE outreach.","","",""
"2026-06-10","505","abc-food-store-mesa-85203-46aa0cb","Abc Food Store","Mesa","Food And Events","needs-contact-enrichment","34","Find direct owner contact before AE outreach.","","",""
"2026-06-11","506","abc-hearing-mesa-85207-d657c37","Abc Hearing","Mesa","Business Services","needs-contact-enrichment","34","Find direct owner contact before AE outreach.","","",""
"2026-06-12","507","abc-hearing-aids-mesa-85207-fd38d01","Abc Hearing Aids","Mesa","Business Services","needs-contact-enrichment","34","Find direct owner contact before AE outreach.","","",""
"2026-06-13","508","abc-picture-framing-gallery-scottsdale-85254-02948a4","Abc Picture Framing Gallery","Scottsdale","Retail And Specialty","needs-contact-enrichment","34","Find direct owner contact before AE outreach.","","",""
"2026-06-14","509","abc-skills-phoenix-metro-home-based-business-70a836e","Abc Skills","Phoenix Metro","Business Services","needs-contact-enrichment","34","Find direct owner contact before AE outreach.","","",""
"2026-06-15","510","abc-supply-co-inc-mesa-85210-b5e4b59","Abc Supply Co., Inc.","Mesa","Business Services","needs-contact-enrichment","34","Find direct owner contact before AE outreach.","","",""
"2026-05-17","511","abc-supply-co-inc-mesa-85212-face3c2","Abc Supply Co., Inc.","Mesa","Business Services","needs-contact-enrichment","34","Find direct owner contact before AE outreach.","","",""
"2026-05-18","512","abc-water-works-inc-phoenix-metro-home-based-business-969141d","Abc Water Works Inc","Phoenix Metro","Business Services","needs-contact-enrichment","34","Find direct owner contact before AE outreach.","","",""
"2026-05-19","513","abdo-scottsdale-85260-7c00785","Abdo","Scottsdale","Retail And Specialty","needs-contact-enrichment","34","Find direct owner contact before AE outreach.","","",""
"2026-05-20","514","abe-developments-llc-scottsdale-85251-4662f1e","Abe Developments Llc","Scottsdale","Retail And Specialty","needs-contact-enrichment","34","Find direct owner contact before AE outreach.","","",""
"2026-05-21","515","abel-richard-scottsdale-85260-fcb8e07","Abel Richard","Scottsdale","Retail And Specialty","needs-contact-enrichment","34","Find direct owner contact before AE outreach.","","",""
"2026-05-22","516","abercrombie-and-fitch-11599-scottsdale-85251-5d743d3","Abercrombie & Fitch #11599","Scottsdale","Retail And Specialty","needs-contact-enrichment","34","Find direct owner contact before AE outreach.","","",""
"2026-05-23","517","abercrombie-and-fitch-20203-scottsdale-85251-c6ad90d","Abercrombie & Fitch #20203","Scottsdale","Retail And Specialty","needs-contact-enrichment","34","Find direct owner contact before AE outreach.","","",""
"2026-05-24","518","abercrombie-and-fitch-11128-scottsdale-85254-3483c63","Abercrombie And Fitch #11128","Scottsdale","Retail And Specialty","needs-contact-enrichment","34","Find direct owner contact before AE outreach.","","",""
"2026-05-25","519","abi-brokers-scottsdale-85258-2423-e0a7b64","Abi Brokers","Scottsdale","Retail And Specialty","needs-contact-enrichment","34","Find direct owner contact before AE outreach.","","",""
"2026-05-26","520","abide-home-health-care-mesa-85204-20e6d46","Abide Home Health Care","Mesa","Health And Care","needs-contact-enrichment","34","Find direct owner contact before AE outreach.","","",""
"2026-05-27","521","abl-and-associates-wealth-management-llc-scottsdale-85260-09b077f","Abl & Associates Wealth Management Llc","Scottsdale","Legal And Financial","needs-contact-enrichment","34","Find direct owner contact before AE outreach.","","",""
"2026-05-28","522","able-alterations-scottsdale-85254-3fd11e8","Able Alterations","Scottsdale","Retail And Specialty","needs-contact-enrichment","34","Find direct owner contact before AE outreach.","","",""
"2026-05-29","523","able-financial-group-scottsdale-85258-1dd0de4","Able Financial Group","Scottsdale","Legal And Financial","needs-contact-enrichment","34","Find direct owner contact before AE outreach.","","",""
"2026-05-30","524","able-steel-fabricators-inc-mesa-85215-a75e243","Able Steel Fabricators Inc.","Mesa","Business Services","needs-contact-enrichment","34","Find direct owner contact before AE outreach.","","",""
"2026-05-31","525","abm-parking-services-scottsdale-85254-0000-715baae","Abm Parking Services","Scottsdale","Retail And Specialty","needs-contact-enrichment","34","Find direct owner contact before AE outreach.","","",""
"2026-06-01","526","abm-parking-services-scottsdale-85251-0000-c673324","Abm Parking Services","Scottsdale","Retail And Specialty","needs-contact-enrichment","34","Find direct owner contact before AE outreach.","","",""
"2026-06-02","527","abm-parking-services-scottsdale-85251-7630-2724bfe","Abm Parking Services","Scottsdale","Retail And Specialty","needs-contact-enrichment","34","Find direct owner contact before AE outreach.","","",""
"2026-06-03","528","about-face-scottsdale-85258-5086-0dff15d","About Face","Scottsdale","Retail And Specialty","needs-contact-enrichment","34","Find direct owner contact before AE outreach.","","",""
"2026-06-04","529","about-face-aesthetics-llc-mesa-85212-f2b90a5","About Face Aesthetics Llc","Mesa","Beauty And Wellness","needs-contact-enrichment","34","Find direct owner contact before AE outreach.","","",""
"2026-06-05","530","about-face-boutique-scottsdale-85258-bf389f8","About Face Boutique","Scottsdale","Retail And Specialty","needs-contact-enrichment","34","Find direct owner contact before AE outreach.","","",""
"2026-06-06","531","above-all-barbershop-llc-mesa-85210-6fffa3a","Above All Barbershop Llc","Mesa","Beauty And Wellness","needs-contact-enrichment","34","Find direct owner contact before AE outreach.","","",""
"2026-06-07","532","above-and-beyond-acupuncture-pllc-scottsdale-85260-8844-260e23d","Above And Beyond Acupuncture Pllc","Scottsdale","Retail And Specialty","needs-contact-enrichment","34","Find direct owner contact before AE outreach.","","",""
"2026-06-08","533","above-and-beyond-acupuncture-pllc-scottsdale-85260-18ec43a","Above And Beyond Acupuncture Pllc","Scottsdale","Retail And Specialty","needs-contact-enrichment","34","Find direct owner contact before AE outreach.","","",""
"2026-06-09","534","above-recruiting-scottsdale-85260-6986-4449a97","Above Recruiting","Scottsdale","Retail And Specialty","needs-contact-enrichment","34","Find direct owner contact before AE outreach.","","",""
"2026-06-10","535","abram-s-barber-shop-scottsdale-85258-5041-353669a","Abram'S Barber Shop","Scottsdale","Beauty And Wellness","needs-contact-enrichment","34","Find direct owner contact before AE outreach.","","",""
"2026-06-11","536","abrams-defense-industries-llc-scottsdale-85260-a16de6b","Abrams Defense Industries Llc","Scottsdale","Retail And Specialty","needs-contact-enrichment","34","Find direct owner contact before AE outreach.","","",""
"2026-06-12","537","abramson-automotive-mesa-85201-9d9730f","Abramson Automotive","Mesa","Auto Services","needs-contact-enrichment","34","Find direct owner contact before AE outreach.","","",""
"2026-06-13","538","abrazo-medical-group-north-scottsdale-scottsdale-85255-7445-4b7bbe9","Abrazo Medical Group North Scottsdale","Scottsdale","Health And Care","needs-contact-enrichment","34","Find direct owner contact before AE outreach.","","",""
"2026-06-14","539","abrio-home-care-mesa-85203-2c018cb","Abrio Home Care","Mesa","Business Services","needs-contact-enrichment","34","Find direct owner contact before AE outreach.","","",""
"2026-06-15","540","abs-assets-llc-scottsdale-85260-f0eb144","Abs Assets Llc","Scottsdale","Retail And Specialty","needs-contact-enrichment","34","Find direct owner contact before AE outreach.","","",""
"2026-05-17","541","abs-inc-scottsdale-85260-bcd882b","Abs Inc","Scottsdale","Retail And Specialty","needs-contact-enrichment","34","Find direct owner contact before AE outreach.","","",""
"2026-05-18","542","abs-oilfield-supply-inc-scottsdale-85260-002a44c","Abs Oilfield Supply Inc","Scottsdale","Retail And Specialty","needs-contact-enrichment","34","Find direct owner contact before AE outreach.","","",""
"2026-05-19","543","absolute-beauty-company-scottsdale-85251-3911-3cb8f60","Absolute Beauty Company","Scottsdale","Beauty And Wellness","needs-contact-enrichment","34","Find direct owner contact before AE outreach.","","",""
"2026-05-20","544","absolute-best-fireworks-mesa-85210-9d17e9a","Absolute Best Fireworks","Mesa","Business Services","needs-contact-enrichment","34","Find direct owner contact before AE outreach.","","",""
"2026-05-21","545","absolute-health-llc-scottsdale-85260-f2df17f","Absolute Health Llc","Scottsdale","Health And Care","needs-contact-enrichment","34","Find direct owner contact before AE outreach.","","",""
"2026-05-22","546","absolute-nails-by-susan-mesa-85210-d1ea658","Absolute Nails By Susan","Mesa","Beauty And Wellness","needs-contact-enrichment","34","Find direct owner contact before AE outreach.","","",""
"2026-05-23","547","absolute-refrigeration-llc-mesa-85213-9720180","Absolute Refrigeration Llc","Mesa","Business Services","needs-contact-enrichment","34","Find direct owner contact before AE outreach.","","",""
"2026-05-24","548","absolute-rehabilitation-and-pain-medicine-scottsdale-85255-7453-9578f46","Absolute Rehabilitation And Pain Medicine","Scottsdale","Retail And Specialty","needs-contact-enrichment","34","Find direct owner contact before AE outreach.","","",""
"2026-05-25","549","absolute-remodeling-team-llc-scottsdale-85257-3741-332e180","Absolute Remodeling Team Llc","Scottsdale","Food And Events","needs-contact-enrichment","34","Find direct owner contact before AE outreach.","","",""
"2026-05-26","550","absolutely-able-home-care-of-scottsdale-scottsdale-85260-37edcbc","Absolutely Able Home Care Of Scottsdale","Scottsdale","Retail And Specialty","needs-contact-enrichment","34","Find direct owner contact before AE outreach.","","",""
"2026-05-27","551","abstract-studios-scottsdale-85251-8b2e0e4","Abstract Studios","Scottsdale","Creative Services","needs-contact-enrichment","34","Find direct owner contact before AE outreach.","","",""
"2026-05-28","552","abtech-industries-inc-scottsdale-85251-3999-aac0ae0","Abtech Industries Inc","Scottsdale","Retail And Specialty","needs-contact-enrichment","34","Find direct owner contact before AE outreach.","","",""
"2026-05-29","553","abundant-eight-creative-corporation-scottsdale-85250-90f5bdb","Abundant Eight Creative Corporation","Scottsdale","Retail And Specialty","needs-contact-enrichment","34","Find direct owner contact before AE outreach.","","",""
"2026-05-30","554","abundant-space-scottsdale-85254-6192-3c722be","Abundant Space","Scottsdale","Beauty And Wellness","needs-contact-enrichment","34","Find direct owner contact before AE outreach.","","",""
"2026-05-31","555","abundant-wellness-and-medspa-scottsdale-85258-26aa36d","Abundant Wellness And Medspa","Scottsdale","Beauty And Wellness","needs-contact-enrichment","34","Find direct owner contact before AE outreach.","","",""
"2026-06-01","556","ac-by-jay-scottsdale-85260-7f518dc","Ac By Jay","Scottsdale","Retail And Specialty","needs-contact-enrichment","34","Find direct owner contact before AE outreach.","","",""
"2026-06-02","557","ac-design-source-llc-scottsdale-85255-2570-61faaa9","Ac Design Source Llc","Scottsdale","Creative Services","needs-contact-enrichment","34","Find direct owner contact before AE outreach.","","",""
"2026-06-03","558","ac-hotel-scottsdale-old-town-scottsdale-85251-48f598c","Ac Hotel Scottsdale Old Town","Scottsdale","Auto Services","needs-contact-enrichment","34","Find direct owner contact before AE outreach.","","",""
"2026-06-04","559","ac-medics-scottsdale-85251-b34d252","Ac Medics","Scottsdale","Retail And Specialty","needs-contact-enrichment","34","Find direct owner contact before AE outreach.","","",""
"2026-06-05","560","ac-pro-inc-mesa-85204-5d508e8","Ac Pro Inc.","Mesa","Business Services","needs-contact-enrichment","34","Find direct owner contact before AE outreach.","","",""
"2026-06-06","561","acacia-creek-partners-scottsdale-85253-1498-67f26f9","Acacia Creek Partners","Scottsdale","Retail And Specialty","needs-contact-enrichment","34","Find direct owner contact before AE outreach.","","",""
"2026-06-07","562","acacia-natural-medicine-pllc-scottsdale-85254-18124fa","Acacia Natural Medicine Pllc","Scottsdale","Retail And Specialty","needs-contact-enrichment","34","Find direct owner contact before AE outreach.","","",""
"2026-06-08","563","academic-urology-and-urogynecology-of-arizona-pc-scottsdale-85255-57d1498","Academic Urology & Urogynecology Of Arizona Pc","Scottsdale","Retail And Specialty","needs-contact-enrichment","34","Find direct owner contact before AE outreach.","","",""
"2026-06-09","564","academic-urology-and-urogynecology-of-arizona-scottsdale-85258-4500-8b045ea","Academic Urology And Urogynecology Of Arizona","Scottsdale","Retail And Specialty","needs-contact-enrichment","34","Find direct owner contact before AE outreach.","","",""
"2026-06-10","565","academy-bank-scottsdale-85260-ed5d71a","Academy Bank","Scottsdale","Legal And Financial","needs-contact-enrichment","34","Find direct owner contact before AE outreach.","","",""
"2026-06-11","566","academy-bank-na-scottsdale-85251-1240-b11210f","Academy Bank Na","Scottsdale","Legal And Financial","needs-contact-enrichment","34","Find direct owner contact before AE outreach.","","",""
"2026-06-12","567","academy-bank-na-scottsdale-85255-268bc46","Academy Bank Na","Scottsdale","Legal And Financial","needs-contact-enrichment","34","Find direct owner contact before AE outreach.","","",""
"2026-06-13","568","academy-mortgage-corporation-scottsdale-85260-2786-ed43597","Academy Mortgage Corporation","Scottsdale","Real Estate And Property","needs-contact-enrichment","34","Find direct owner contact before AE outreach.","","",""
"2026-06-14","569","academy-on-demand-mesa-85201-2a44df5","Academy On Demand","Mesa","Business Services","needs-contact-enrichment","34","Find direct owner contact before AE outreach.","","",""
"2026-06-15","570","acapulco-tire-shop-mesa-85201-7ed226a","Acapulco Tire Shop","Mesa","Auto Services","needs-contact-enrichment","34","Find direct owner contact before AE outreach.","","",""
"2026-05-17","571","accelerated-appraisal-management-company-llc-scottsdale-85251-5ed9218","Accelerated Appraisal Management Company Llc","Scottsdale","Business Services","needs-contact-enrichment","34","Find direct owner contact before AE outreach.","","",""
"2026-05-18","572","accelerated-enterprises-corp-phoenix-metro-home-based-business-e239e8a","Accelerated Enterprises Corp.","Phoenix Metro","Business Services","needs-contact-enrichment","34","Find direct owner contact before AE outreach.","","",""
"2026-05-19","573","accelerated-llc-scottsdale-85255-3407-0e7958d","Accelerated Llc","Scottsdale","Retail And Specialty","needs-contact-enrichment","34","Find direct owner contact before AE outreach.","","",""
"2026-05-20","574","accent-on-design-llc-scottsdale-85260-a34dc15","Accent On Design Llc","Scottsdale","Creative Services","needs-contact-enrichment","34","Find direct owner contact before AE outreach.","","",""
"2026-05-21","575","accents-scottsdale-85262-8342-2eae978","Accents","Scottsdale","Retail And Specialty","needs-contact-enrichment","34","Find direct owner contact before AE outreach.","","",""
"2026-05-22","576","accents-unltd-scottsdale-85255-2137-a0170cd","Accents Unltd","Scottsdale","Retail And Specialty","needs-contact-enrichment","34","Find direct owner contact before AE outreach.","","",""
"2026-05-23","577","acceptance-recovery-center-llc-scottsdale-85260-2dc5b95","Acceptance Recovery Center Llc","Scottsdale","Retail And Specialty","needs-contact-enrichment","34","Find direct owner contact before AE outreach.","","",""
"2026-05-24","578","access-buyers-security-mortgage-llc-scottsdale-85259-74e5304","Access Buyers Security Mortgage Llc","Scottsdale","Real Estate And Property","needs-contact-enrichment","34","Find direct owner contact before AE outreach.","","",""
"2026-05-25","579","access-destination-services-scottsdale-85251-3550-5f428e7","Access Destination Services","Scottsdale","Retail And Specialty","needs-contact-enrichment","34","Find direct owner contact before AE outreach.","","",""
"2026-05-26","580","access-estate-llc-scottsdale-85251-c2b8c2c","Access Estate Llc","Scottsdale","Retail And Specialty","needs-contact-enrichment","34","Find direct owner contact before AE outreach.","","",""
"2026-05-27","581","accessory-partners-llc-scottsdale-85260-41b529a","Accessory Partners Llc","Scottsdale","Retail And Specialty","needs-contact-enrichment","34","Find direct owner contact before AE outreach.","","",""
"2026-05-28","582","acciente-llc-scottsdale-85260-8847-2ace8fe","Acciente Llc","Scottsdale","Retail And Specialty","needs-contact-enrichment","34","Find direct owner contact before AE outreach.","","",""
"2026-05-29","583","acclaim-car-and-truck-repair-scottsdale-85251-237c144","Acclaim Car And Truck Repair","Scottsdale","Auto Services","needs-contact-enrichment","34","Find direct owner contact before AE outreach.","","",""
"2026-05-30","584","acco-engineered-systems-scottsdale-85260-e41ccc3","Acco Engineered Systems","Scottsdale","Business Services","needs-contact-enrichment","34","Find direct owner contact before AE outreach.","","",""
"2026-05-31","585","accolade-inc-scottsdale-85255-5692-855c1ff","Accolade Inc","Scottsdale","Retail And Specialty","needs-contact-enrichment","34","Find direct owner contact before AE outreach.","","",""
"2026-06-01","586","accountabilit-llc-scottsdale-85255-82d0e63","Accountabilit Llc","Scottsdale","Legal And Financial","needs-contact-enrichment","34","Find direct owner contact before AE outreach.","","",""
"2026-06-02","587","accounting-and-business-information-services-llc-scottsdale-85260-1788-91abb29","Accounting & Business Information Services Llc","Scottsdale","Legal And Financial","needs-contact-enrichment","34","Find direct owner contact before AE outreach.","","",""
"2026-06-03","588","accounting-office-scottsdale-85258-2744dc8","Accounting Office","Scottsdale","Legal And Financial","needs-contact-enrichment","34","Find direct owner contact before AE outreach.","","",""
"2026-06-04","589","accredited-appliance-of-arizona-scottsdale-85260-5195557","Accredited Appliance Of Arizona","Scottsdale","Retail And Specialty","needs-contact-enrichment","34","Find direct owner contact before AE outreach.","","",""
"2026-06-05","590","accucare-dental-centers-pc-scottsdale-85253-b223266","Accucare Dental Centers Pc","Scottsdale","Health And Care","needs-contact-enrichment","34","Find direct owner contact before AE outreach.","","",""
"2026-06-06","591","accucare-home-health-services-mesa-85203-8f0d08e","Accucare Home Health Services","Mesa","Health And Care","needs-contact-enrichment","34","Find direct owner contact before AE outreach.","","",""
"2026-06-07","592","accuracy-speaks-parts-and-accessories-llc-mesa-85204-a8dab17","Accuracy Speaks Parts And Accessories Llc","Mesa","Business Services","needs-contact-enrichment","34","Find direct owner contact before AE outreach.","","",""
"2026-06-08","593","accurate-care-medical-wellness-center-scottsdale-85255-6232-dc81993","Accurate Care Medical Wellness Center","Scottsdale","Health And Care","needs-contact-enrichment","34","Find direct owner contact before AE outreach.","","",""
"2026-06-09","594","accurate-foreclosure-and-document-services-llc-scottsdale-85260-2324-b8a6d22","Accurate Foreclosure & Document Services Llc","Scottsdale","Retail And Specialty","needs-contact-enrichment","34","Find direct owner contact before AE outreach.","","",""
"2026-06-10","595","accurate-scale-and-equipment-scottsdale-85257-12a6ddc","Accurate Scale & Equipment","Scottsdale","Retail And Specialty","needs-contact-enrichment","34","Find direct owner contact before AE outreach.","","",""
"2026-06-11","596","acdcycles-mesa-85213-b28c5ee","Acdcycles","Mesa","Business Services","needs-contact-enrichment","34","Find direct owner contact before AE outreach.","","",""
"2026-06-12","597","ace-aircraft-sales-scottsdale-85260-8548bad","Ace Aircraft Sales","Scottsdale","Retail And Specialty","needs-contact-enrichment","34","Find direct owner contact before AE outreach.","","",""
"2026-06-13","598","ace-automotive-repair-mesa-85206-7ecccce","Ace Automotive Repair","Mesa","Auto Services","needs-contact-enrichment","34","Find direct owner contact before AE outreach.","","",""
"2026-06-14","599","ace-cash-express-mesa-85205-23832c9","Ace Cash Express","Mesa","Business Services","needs-contact-enrichment","34","Find direct owner contact before AE outreach.","","",""
"2026-06-15","600","ace-cash-express-mesa-85210-8bbb5e9","Ace Cash Express","Mesa","Business Services","needs-contact-enrichment","34","Find direct owner contact before AE outreach.","","",""
"2026-05-17","601","ace-cash-express-mesa-85201-0586447","Ace Cash Express","Mesa","Business Services","needs-contact-enrichment","34","Find direct owner contact before AE outreach.","","",""
"2026-05-18","602","ace-cash-express-241-scottsdale-85257-3425-7686fcd","Ace Cash Express #241","Scottsdale","Retail And Specialty","needs-contact-enrichment","34","Find direct owner contact before AE outreach.","","",""
"2026-05-19","603","ace-handyman-services-east-valley-east-mesa-mesa-85206-7c59842","Ace Handyman Services East Valley - East Mesa","Mesa","Home Services","needs-contact-enrichment","34","Find direct owner contact before AE outreach.","","",""
"2026-05-20","604","ace-hardware-and-rental-scottsdale-85253-230b1da","Ace Hardware & Rental","Scottsdale","Retail And Specialty","needs-contact-enrichment","34","Find direct owner contact before AE outreach.","","",""
"2026-05-21","605","ace-home-health-llc-scottsdale-85258-c145f85","Ace Home Health Llc","Scottsdale","Health And Care","needs-contact-enrichment","34","Find direct owner contact before AE outreach.","","",""
"2026-05-22","606","ace-peridontics-pc-scottsdale-85260-1f88584","Ace Peridontics Pc","Scottsdale","Retail And Specialty","needs-contact-enrichment","34","Find direct owner contact before AE outreach.","","",""
"2026-05-23","607","ace-tek-drones-and-imaging-phoenix-metro-home-based-business-c29d4e4","Ace-Tek Drones & Imaging","Phoenix Metro","Business Services","needs-contact-enrichment","34","Find direct owner contact before AE outreach.","","",""
"2026-05-24","608","acertus-constructing-group-llc-scottsdale-85258-10a4e28","Acertus Constructing Group Llc","Scottsdale","Retail And Specialty","needs-contact-enrichment","34","Find direct owner contact before AE outreach.","","",""
"2026-05-25","609","aces-2020-llc-mesa-85206-f187444","Aces 2020, Llc","Mesa","Business Services","needs-contact-enrichment","34","Find direct owner contact before AE outreach.","","",""
"2026-05-26","610","aces-elite-auto-care-llc-mesa-85205-76268cd","Aces Elite Auto Care, Llc","Mesa","Auto Services","needs-contact-enrichment","34","Find direct owner contact before AE outreach.","","",""
"2026-05-27","611","acf-property-management-scottsdale-85260-2609-f9fd719","Acf Property Management","Scottsdale","Real Estate And Property","needs-contact-enrichment","34","Find direct owner contact before AE outreach.","","",""
"2026-05-28","612","ach1-llc-scottsdale-85255-6352-925a8b5","Ach1 Llc","Scottsdale","Retail And Specialty","needs-contact-enrichment","34","Find direct owner contact before AE outreach.","","",""
"2026-05-29","613","achieve-more-sports-and-wellness-scottsdale-85260-ca19d23","Achieve More Sports And Wellness","Scottsdale","Retail And Specialty","needs-contact-enrichment","34","Find direct owner contact before AE outreach.","","",""
"2026-05-30","614","achievement-therapy-services-inc-scottsdale-85254-37cf38a","Achievement Therapy Services Inc","Scottsdale","Health And Care","needs-contact-enrichment","34","Find direct owner contact before AE outreach.","","",""
"2026-05-31","615","acies-llc-scottsdale-85255-4299-8098271","Acies Llc","Scottsdale","Retail And Specialty","needs-contact-enrichment","34","Find direct owner contact before AE outreach.","","",""
"2026-06-01","616","aclv-realty-llc-scottsdale-85260-4b1207a","Aclv Realty Llc","Scottsdale","Real Estate And Property","needs-contact-enrichment","34","Find direct owner contact before AE outreach.","","",""
"2026-06-02","617","acme-locksmith-scottsdale-85254-fe06367","Acme Locksmith","Scottsdale","Retail And Specialty","needs-contact-enrichment","34","Find direct owner contact before AE outreach.","","",""
"2026-06-03","618","acme-locksmith-mesa-85205-b4c83dc","Acme Locksmith","Mesa","Business Services","needs-contact-enrichment","34","Find direct owner contact before AE outreach.","","",""
"2026-06-04","619","acme-scottsdale-glass-scottsdale-85251-1e6d253","Acme Scottsdale Glass","Scottsdale","Retail And Specialty","needs-contact-enrichment","34","Find direct owner contact before AE outreach.","","",""
"2026-06-05","620","acme-windup-scottsdale-85260-2694-670a030","Acme Windup","Scottsdale","Retail And Specialty","needs-contact-enrichment","34","Find direct owner contact before AE outreach.","","",""
"2026-06-06","621","aco-polymer-products-inc-mesa-85204-32234a6","Aco Polymer Products, Inc.","Mesa","Business Services","needs-contact-enrichment","34","Find direct owner contact before AE outreach.","","",""
"2026-06-07","622","acohm-scottsdale-85254-3454-8287c9d","Acohm","Scottsdale","Retail And Specialty","needs-contact-enrichment","34","Find direct owner contact before AE outreach.","","",""
"2026-06-08","623","acoma-09-llc-scottsdale-85260-0629901","Acoma 09 Llc","Scottsdale","Retail And Specialty","needs-contact-enrichment","34","Find direct owner contact before AE outreach.","","",""
"2026-06-09","624","acoma-drive-llc-scottsdale-85254-0121bb4","Acoma Drive Llc","Scottsdale","Retail And Specialty","needs-contact-enrichment","34","Find direct owner contact before AE outreach.","","",""
"2026-06-10","625","acorn-consulting-services-scottsdale-85260-6342c09","Acorn Consulting Services","Scottsdale","Business Services","needs-contact-enrichment","34","Find direct owner contact before AE outreach.","","",""
"2026-06-11","626","acorn-consulting-services-mesa-85210-ec91e91","Acorn Consulting Services","Mesa","Business Services","needs-contact-enrichment","34","Find direct owner contact before AE outreach.","","",""
"2026-06-12","627","acorn-mortgage-scottsdale-85260-5e75cf6","Acorn Mortgage","Scottsdale","Real Estate And Property","needs-contact-enrichment","34","Find direct owner contact before AE outreach.","","",""
"2026-06-13","628","acorn-pet-products-llc-scottsdale-85260-eed8c0c","Acorn Pet Products Llc","Scottsdale","Retail And Specialty","needs-contact-enrichment","34","Find direct owner contact before AE outreach.","","",""
"2026-06-14","629","acoustic-designs-group-scottsdale-85260-1224-e554c8e","Acoustic Designs Group","Scottsdale","Creative Services","needs-contact-enrichment","34","Find direct owner contact before AE outreach.","","",""
"2026-06-15","630","acoustic-designs-inc-scottsdale-85260-1616-a35abba","Acoustic Designs Inc","Scottsdale","Creative Services","needs-contact-enrichment","34","Find direct owner contact before AE outreach.","","",""
"2026-05-17","631","acoustical-consulting-services-llc-phoenix-metro-business-professional-services-38a1c60","Acoustical Consulting Services, Llc","Phoenix Metro","Business Services","needs-contact-enrichment","34","Find direct owner contact before AE outreach.","","",""
"2026-05-18","632","acoya-mesa-mesa-85205-d181eef","Acoya Mesa","Mesa","Business Services","needs-contact-enrichment","34","Find direct owner contact before AE outreach.","","",""
"2026-05-19","633","acoya-scottsdale-at-troon-scottsdale-85262-6068-82d3c2e","Acoya Scottsdale At Troon","Scottsdale","Retail And Specialty","needs-contact-enrichment","34","Find direct owner contact before AE outreach.","","",""
"2026-05-20","634","acoya-scottsdale-at-troon-scottsdale-85255-3660b48","Acoya Scottsdale At Troon","Scottsdale","Retail And Specialty","needs-contact-enrichment","34","Find direct owner contact before AE outreach.","","",""
"2026-05-21","635","acpts-phx-llc-scottsdale-85251-2bddbaf","Acpts Phx Llc","Scottsdale","Retail And Specialty","needs-contact-enrichment","34","Find direct owner contact before AE outreach.","","",""
"2026-05-22","636","acr-business-services-phoenix-metro-home-based-business-b01ed57","Acr Business Services","Phoenix Metro","Business Services","needs-contact-enrichment","34","Find direct owner contact before AE outreach.","","",""
"2026-05-23","637","acra-lending-scottsdale-85258-bff3f9c","Acra Lending","Scottsdale","Retail And Specialty","needs-contact-enrichment","34","Find direct owner contact before AE outreach.","","",""
"2026-05-24","638","acrisure-west-insurance-services-llc-scottsdale-85253-26412a0","Acrisure West Insurance Services Llc","Scottsdale","Legal And Financial","needs-contact-enrichment","34","Find direct owner contact before AE outreach.","","",""
"2026-05-25","639","acrobat-financial-group-llc-scottsdale-85255-8c39229","Acrobat Financial Group Llc","Scottsdale","Legal And Financial","needs-contact-enrichment","34","Find direct owner contact before AE outreach.","","",""
"2026-05-26","640","acronis-scs-scottsdale-85251-7053-2b1a43c","Acronis Scs","Scottsdale","Retail And Specialty","needs-contact-enrichment","34","Find direct owner contact before AE outreach.","","",""
"2026-05-27","641","across-the-board-commercial-llc-scottsdale-85260-0c28f74","Across The Board Commercial Llc","Scottsdale","Business Services","needs-contact-enrichment","34","Find direct owner contact before AE outreach.","","",""
"2026-05-28","642","acs-services-llc-mesa-85202-c4f58be","Acs Services Llc","Mesa","Business Services","needs-contact-enrichment","34","Find direct owner contact before AE outreach.","","",""
"2026-05-29","643","acsm-properties-llc-scottsdale-85251-b8fba89","Acsm Properties Llc","Scottsdale","Retail And Specialty","needs-contact-enrichment","34","Find direct owner contact before AE outreach.","","",""
"2026-05-30","644","action-24-llc-scottsdale-85260-f9d83b5","Action 24 Llc","Scottsdale","Retail And Specialty","needs-contact-enrichment","34","Find direct owner contact before AE outreach.","","",""
"2026-05-31","645","action-auto-title-inc-scottsdale-85257-5c5b377","Action Auto Title Inc","Scottsdale","Auto Services","needs-contact-enrichment","34","Find direct owner contact before AE outreach.","","",""
"2026-06-01","646","action-behavior-centers-scottsdale-85255-105f4cd","Action Behavior Centers","Scottsdale","Retail And Specialty","needs-contact-enrichment","34","Find direct owner contact before AE outreach.","","",""
"2026-06-02","647","action-behavior-centers-scottsdale-85254-107c6ad","Action Behavior Centers","Scottsdale","Retail And Specialty","needs-contact-enrichment","34","Find direct owner contact before AE outreach.","","",""
"2026-06-03","648","action-collectibles-llc-mesa-85204-deaaf89","Action Collectibles Llc","Mesa","Business Services","needs-contact-enrichment","34","Find direct owner contact before AE outreach.","","",""
"2026-06-04","649","action-concrete-pumping-supply-mesa-85204-47aa04f","Action Concrete Pumping Supply","Mesa","Business Services","needs-contact-enrichment","34","Find direct owner contact before AE outreach.","","",""
"2026-06-05","650","action-glass-az-llc-phoenix-metro-home-based-business-b8835df","Action Glass Az Llc","Phoenix Metro","Business Services","needs-contact-enrichment","34","Find direct owner contact before AE outreach.","","",""
"2026-06-06","651","action-golf-carts-mesa-85215-b5452b6","Action Golf Carts","Mesa","Business Services","needs-contact-enrichment","34","Find direct owner contact before AE outreach.","","",""
"2026-06-07","652","action-illustrated-scottsdale-85260-6907-ec117ac","Action Illustrated","Scottsdale","Retail And Specialty","needs-contact-enrichment","34","Find direct owner contact before AE outreach.","","",""
"2026-06-08","653","action-investigative-services-scottsdale-85257-05b8b31","Action Investigative Services","Scottsdale","Retail And Specialty","needs-contact-enrichment","34","Find direct owner contact before AE outreach.","","",""
"2026-06-09","654","action-sales-and-marketing-scottsdale-85260-7850a76","Action Sales & Marketing","Scottsdale","Creative Services","needs-contact-enrichment","34","Find direct owner contact before AE outreach.","","",""
"2026-06-10","655","action-steel-detailing-inc-mesa-85204-32fb60d","Action Steel Detailing, Inc.","Mesa","Auto Services","needs-contact-enrichment","34","Find direct owner contact before AE outreach.","","",""
"2026-06-11","656","action-watersports-mesa-85210-c4493e0","Action Watersports","Mesa","Business Services","needs-contact-enrichment","34","Find direct owner contact before AE outreach.","","",""
"2026-06-12","657","action-zone-business-40-llc-mesa-85212-ae92276","Action Zone Business 40 Llc","Mesa","Business Services","needs-contact-enrichment","34","Find direct owner contact before AE outreach.","","",""
"2026-06-13","658","activate-design-llc-scottsdale-85260-3472-54e09af","Activate Design Llc","Scottsdale","Creative Services","needs-contact-enrichment","34","Find direct owner contact before AE outreach.","","",""
"2026-06-14","659","active-armor-scottsdale-85255-7f7800d","Active Armor","Scottsdale","Retail And Specialty","needs-contact-enrichment","34","Find direct owner contact before AE outreach.","","",""
"2026-06-15","660","active-bodyworx-scottsdale-85255-bb984f0","Active Bodyworx","Scottsdale","Retail And Specialty","needs-contact-enrichment","34","Find direct owner contact before AE outreach.","","",""
"2026-05-17","661","active-care-wellness-scottsdale-85255-5454-c167ea4","Active Care Wellness","Scottsdale","Retail And Specialty","needs-contact-enrichment","34","Find direct owner contact before AE outreach.","","",""
"2026-05-18","662","active-funding-group-llc-scottsdale-85260-387f1e6","Active Funding Group Llc","Scottsdale","Retail And Specialty","needs-contact-enrichment","34","Find direct owner contact before AE outreach.","","",""
"2026-05-19","663","active-lifestyle-medical-scottsdale-85260-e4d9781","Active Lifestyle Medical","Scottsdale","Health And Care","needs-contact-enrichment","34","Find direct owner contact before AE outreach.","","",""
"2026-05-20","664","activstars-athletics-llc-scottsdale-85260-909ef4a","Activstars Athletics Llc","Scottsdale","Retail And Specialty","needs-contact-enrichment","34","Find direct owner contact before AE outreach.","","",""
"2026-05-21","665","activstars-inc-scottsdale-85260-a8b910d","Activstars Inc","Scottsdale","Retail And Specialty","needs-contact-enrichment","34","Find direct owner contact before AE outreach.","","",""
"2026-05-22","666","actual-metrics-scottsdale-85260-2342-97f722e","Actual Metrics","Scottsdale","Retail And Specialty","needs-contact-enrichment","34","Find direct owner contact before AE outreach.","","",""
"2026-05-23","667","actuarial-strategies-and-tactics-of-arizona-llc-scottsdale-85251-d974d61","Actuarial Strategies & Tactics Of Arizona Llc","Scottsdale","Retail And Specialty","needs-contact-enrichment","34","Find direct owner contact before AE outreach.","","",""
"2026-05-24","668","acuhealth-scottsdale-85260-1305-5bd6ef3","Acuhealth","Scottsdale","Health And Care","needs-contact-enrichment","34","Find direct owner contact before AE outreach.","","",""
"2026-05-25","669","acuity-eye-center-mesa-85210-c7f73b6","Acuity Eye Center","Mesa","Business Services","needs-contact-enrichment","34","Find direct owner contact before AE outreach.","","",""
"2026-05-26","670","acupuncture-by-rachelle-scottsdale-85251-3401-180debf","Acupuncture By Rachelle","Scottsdale","Retail And Specialty","needs-contact-enrichment","34","Find direct owner contact before AE outreach.","","",""
"2026-05-27","671","ad-astra-flights-scottsdale-85260-367195f","Ad Astra Flights","Scottsdale","Retail And Specialty","needs-contact-enrichment","34","Find direct owner contact before AE outreach.","","",""
"2026-05-28","672","ada-music-inc-scottsdale-85251-3259-2de1396","Ada Music Inc","Scottsdale","Creative Services","needs-contact-enrichment","34","Find direct owner contact before AE outreach.","","",""
"2026-05-29","673","ada-music-inc-scottsdale-85251-e808c26","Ada Music Inc","Scottsdale","Creative Services","needs-contact-enrichment","34","Find direct owner contact before AE outreach.","","",""
"2026-05-30","674","adagio-beauty-supply-scottsdale-85258-5825-fc84ee2","Adagio Beauty Supply","Scottsdale","Beauty And Wellness","needs-contact-enrichment","34","Find direct owner contact before AE outreach.","","",""
"2026-05-31","675","adalbertos-mexican-food-scottsdale-85259-4079-4f1de70","Adalbertos Mexican Food","Scottsdale","Food And Events","needs-contact-enrichment","34","Find direct owner contact before AE outreach.","","",""
"2026-06-01","676","adam-and-eve-medical-aesthetics-scottsdale-85266-2894-67732e4","Adam & Eve Medical Aesthetics","Scottsdale","Beauty And Wellness","needs-contact-enrichment","34","Find direct owner contact before AE outreach.","","",""
"2026-06-02","677","adam-and-eve-medical-aesthetics-scottsdale-85266-d2eab2f","Adam & Eve Medical Aesthetics","Scottsdale","Beauty And Wellness","needs-contact-enrichment","34","Find direct owner contact before AE outreach.","","",""
"2026-06-03","678","adam-r-koelsch-md-pc-scottsdale-85258-5e0291f","Adam R Koelsch Md Pc","Scottsdale","Retail And Specialty","needs-contact-enrichment","34","Find direct owner contact before AE outreach.","","",""
"2026-06-04","679","adam-r-stephenson-ltd-scottsdale-85260-2694-bac0fdc","Adam R Stephenson Ltd","Scottsdale","Retail And Specialty","needs-contact-enrichment","34","Find direct owner contact before AE outreach.","","",""
"2026-06-05","680","adam-stephenson-llc-scottsdale-85260-fbde943","Adam Stephenson Llc","Scottsdale","Retail And Specialty","needs-contact-enrichment","34","Find direct owner contact before AE outreach.","","",""
"2026-06-06","681","adama-holdings-llc-scottsdale-85258-d4c15d8","Adama Holdings Llc","Scottsdale","Retail And Specialty","needs-contact-enrichment","34","Find direct owner contact before AE outreach.","","",""
"2026-06-07","682","adamarc-construction-llc-scottsdale-85260-ecfdbc3","Adamarc Construction Llc","Scottsdale","Home Services","needs-contact-enrichment","34","Find direct owner contact before AE outreach.","","",""
"2026-06-08","683","adamas-designs-by-csf-scottsdale-85259-9a2380a","Adamas Designs By Csf","Scottsdale","Creative Services","needs-contact-enrichment","34","Find direct owner contact before AE outreach.","","",""
"2026-06-09","684","adams-and-associates-plc-scottsdale-85251-657fcb4","Adams & Associates Plc","Scottsdale","Retail And Specialty","needs-contact-enrichment","34","Find direct owner contact before AE outreach.","","",""
"2026-06-10","685","adams-craig-technology-llc-scottsdale-85250-6042-de1fece","Adams Craig Technology Llc","Scottsdale","Business Services","needs-contact-enrichment","34","Find direct owner contact before AE outreach.","","",""
"2026-06-11","686","adams-dental-lab-mesa-85201-4731dfb","Adams Dental Lab","Mesa","Health And Care","needs-contact-enrichment","34","Find direct owner contact before AE outreach.","","",""
"2026-06-12","687","adams-mental-health-mesa-85202-44417d2","Adams Mental Health","Mesa","Health And Care","needs-contact-enrichment","34","Find direct owner contact before AE outreach.","","",""
"2026-06-13","688","adams-polishes-scottsdale-85260-e150d68","Adams Polishes","Scottsdale","Retail And Specialty","needs-contact-enrichment","34","Find direct owner contact before AE outreach.","","",""
"2026-06-14","689","adams-rib-llc-scottsdale-85251-85a8313","Adams Rib Llc","Scottsdale","Retail And Specialty","needs-contact-enrichment","34","Find direct owner contact before AE outreach.","","",""
"2026-06-15","690","adamson-group-mesa-85203-03a88af","Adamson Group","Mesa","Business Services","needs-contact-enrichment","34","Find direct owner contact before AE outreach.","","",""
"2026-05-17","691","adancho-properties-llc-scottsdale-85260-df2fb0b","Adancho Properties Llc","Scottsdale","Retail And Specialty","needs-contact-enrichment","34","Find direct owner contact before AE outreach.","","",""
"2026-05-18","692","adb-companies-phoenix-metro-63069-f56dd04","Adb Companies","Phoenix Metro","Business Services","needs-contact-enrichment","34","Find direct owner contact before AE outreach.","","",""
"2026-05-19","693","adc-wastewater-engineering-mesa-85207-53e571d","Adc Wastewater Engineering","Mesa","Business Services","needs-contact-enrichment","34","Find direct owner contact before AE outreach.","","",""
"2026-05-20","694","adco-service-scottsdale-85260-f176e0d","Adco Service","Scottsdale","Retail And Specialty","needs-contact-enrichment","34","Find direct owner contact before AE outreach.","","",""
"2026-05-21","695","add-clinic-scottsdale-85260-812679e","Add Clinic","Scottsdale","Health And Care","needs-contact-enrichment","34","Find direct owner contact before AE outreach.","","",""
"2026-05-22","696","addicted-to-fit-phoenix-metro-home-based-business-215812d","Addicted To Fit","Phoenix Metro","Business Services","needs-contact-enrichment","34","Find direct owner contact before AE outreach.","","",""
"2026-05-23","697","addiction-healing-alliance-llc-phoenix-metro-85143-70fdf0b","Addiction Healing Alliance, Llc","Phoenix Metro","Business Services","needs-contact-enrichment","34","Find direct owner contact before AE outreach.","","",""
"2026-05-24","698","addison-taylor-fine-jewelry-scottsdale-85251-53f44c5","Addison Taylor Fine Jewelry","Scottsdale","Retail And Specialty","needs-contact-enrichment","34","Find direct owner contact before AE outreach.","","",""
"2026-05-25","699","adesso-capital-scottsdale-85260-6670-72e47dd","Adesso Capital","Scottsdale","Retail And Specialty","needs-contact-enrichment","34","Find direct owner contact before AE outreach.","","",""
"2026-05-26","700","adjustology-scottsdale-85260-0668eaf","Adjustology","Scottsdale","Creative Services","needs-contact-enrichment","34","Find direct owner contact before AE outreach.","","",""
"2026-05-27","701","adleman-corp-scottsdale-85250-b33ffbd","Adleman Corp","Scottsdale","Retail And Specialty","needs-contact-enrichment","34","Find direct owner contact before AE outreach.","","",""
"2026-05-28","702","admiral-pools-scottsdale-85260-f59cbfd","Admiral Pools","Scottsdale","Home Services","needs-contact-enrichment","34","Find direct owner contact before AE outreach.","","",""
"2026-05-29","703","admire-plastic-surgery-scottsdale-85255-0683380","Admire Plastic Surgery","Scottsdale","Retail And Specialty","needs-contact-enrichment","34","Find direct owner contact before AE outreach.","","",""
"2026-05-30","704","adobe-animal-hospital-scottsdale-85251-cbe59cd","Adobe Animal Hospital","Scottsdale","Health And Care","needs-contact-enrichment","34","Find direct owner contact before AE outreach.","","",""
"2026-05-31","705","adobe-arizona-llc-scottsdale-85255-4803-025b988","Adobe Arizona Llc","Scottsdale","Retail And Specialty","needs-contact-enrichment","34","Find direct owner contact before AE outreach.","","",""
"2026-06-01","706","adobe-charm-llc-phoenix-metro-home-based-business-bfd94f2","Adobe Charm Llc","Phoenix Metro","Business Services","needs-contact-enrichment","34","Find direct owner contact before AE outreach.","","",""
"2026-06-02","707","adobe-color-printing-and-graphics-scottsdale-85260-3120-75c87cc","Adobe Color Printing & Graphics","Scottsdale","Business Services","needs-contact-enrichment","34","Find direct owner contact before AE outreach.","","",""
"2026-06-03","708","adobe-drive-scottsdale-85255-4029-42f7eb3","Adobe Drive","Scottsdale","Retail And Specialty","needs-contact-enrichment","34","Find direct owner contact before AE outreach.","","",""
"2026-06-04","709","adobe-electric-inc-scottsdale-85250-76c14a9","Adobe Electric Inc","Scottsdale","Home Services","needs-contact-enrichment","34","Find direct owner contact before AE outreach.","","",""
"2026-06-05","710","adobe-fire-protection-llc-phoenix-metro-home-based-business-c53f550","Adobe Fire Protection Llc","Phoenix Metro","Business Services","needs-contact-enrichment","34","Find direct owner contact before AE outreach.","","",""
"2026-06-06","711","adobe-home-systems-scottsdale-85258-7dc7283","Adobe Home Systems","Scottsdale","Business Services","needs-contact-enrichment","34","Find direct owner contact before AE outreach.","","",""
"2026-06-07","712","adobe-ranch-plaza-llc-scottsdale-85259-047eb7d","Adobe Ranch Plaza Llc","Scottsdale","Retail And Specialty","needs-contact-enrichment","34","Find direct owner contact before AE outreach.","","",""
"2026-06-08","713","adobe-veterinary-clinic-pc-mesa-85205-853e025","Adobe Veterinary Clinic Pc","Mesa","Health And Care","needs-contact-enrichment","34","Find direct owner contact before AE outreach.","","",""
"2026-06-09","714","adobe-village-scottsdale-85259-cb6fd82","Adobe Village","Scottsdale","Retail And Specialty","needs-contact-enrichment","34","Find direct owner contact before AE outreach.","","",""
"2026-06-10","715","adorn-nail-spa-scottsdale-85260-91087f6","Adorn Nail Spa","Scottsdale","Beauty And Wellness","needs-contact-enrichment","34","Find direct owner contact before AE outreach.","","",""
"2026-06-11","716","adorn-women-s-clinic-and-medspa-scottsdale-85260-58b753d","Adorn Women'S Clinic & Medspa","Scottsdale","Beauty And Wellness","needs-contact-enrichment","34","Find direct owner contact before AE outreach.","","",""
"2026-06-12","717","adornment-arts-scottsdale-85262-4719-67c5675","Adornment Arts","Scottsdale","Retail And Specialty","needs-contact-enrichment","34","Find direct owner contact before AE outreach.","","",""
"2026-06-13","718","adornments-by-lulu-scottsdale-85255-83ac3c4","Adornments By Lulu","Scottsdale","Retail And Specialty","needs-contact-enrichment","34","Find direct owner contact before AE outreach.","","",""
"2026-06-14","719","adornthv-inc-scottsdale-85260-6b91b41","Adornthv Inc","Scottsdale","Retail And Specialty","needs-contact-enrichment","34","Find direct owner contact before AE outreach.","","",""
"2026-06-15","720","adriana-pavon-salon-scottsdale-85251-4303-6c2ef03","Adriana Pavon Salon","Scottsdale","Beauty And Wellness","needs-contact-enrichment","34","Find direct owner contact before AE outreach.","","",""
"2026-05-17","721","adult-internal-medicine-of-north-scottsdale-ltd-scottsdale-85258-c48fd4a","Adult Internal Medicine Of North Scottsdale Ltd","Scottsdale","Retail And Specialty","needs-contact-enrichment","34","Find direct owner contact before AE outreach.","","",""
"2026-05-18","722","adultcare-assistance-homecare-scottsdale-85262-d67be87","Adultcare Assistance Homecare","Scottsdale","Retail And Specialty","needs-contact-enrichment","34","Find direct owner contact before AE outreach.","","",""
"2026-05-19","723","adv-import-spec-llc-scottsdale-85258-5049-b725222","Adv Import Spec Llc","Scottsdale","Retail And Specialty","needs-contact-enrichment","34","Find direct owner contact before AE outreach.","","",""
"2026-05-20","724","advance-auto-parts-7919-scottsdale-85260-8ab1d7b","Advance Auto Parts #7919","Scottsdale","Auto Services","needs-contact-enrichment","34","Find direct owner contact before AE outreach.","","",""
"2026-05-21","725","advance-dx-scottsdale-85260-66168bf","Advance Dx","Scottsdale","Retail And Specialty","needs-contact-enrichment","34","Find direct owner contact before AE outreach.","","",""
"2026-05-22","726","advance-healing-and-integrative-services-llc-scottsdale-85251-989bd6f","Advance Healing & Integrative Services Llc","Scottsdale","Retail And Specialty","needs-contact-enrichment","34","Find direct owner contact before AE outreach.","","",""
"2026-05-23","727","advance-rx-com-lp-scottsdale-85258-7dbdfae","Advance Rx Com Lp","Scottsdale","Retail And Specialty","needs-contact-enrichment","34","Find direct owner contact before AE outreach.","","",""
"2026-05-24","728","advanced-autism-center-for-treatment-llc-mesa-85212-b3edb23","Advanced Autism Center For Treatment, Llc","Mesa","Business Services","needs-contact-enrichment","34","Find direct owner contact before AE outreach.","","",""
"2026-05-25","729","advanced-care-dentistry-scottsdale-85255-851b191","Advanced Care Dentistry Pllc","Scottsdale","Health And Care","needs-contact-enrichment","34","Find direct owner contact before AE outreach.","","",""
"2026-05-26","730","advanced-clinical-associates-llc-scottsdale-85260-ede3d29","Advanced Clinical Associates Llc","Scottsdale","Health And Care","needs-contact-enrichment","34","Find direct owner contact before AE outreach.","","",""
"2026-05-27","731","advanced-collision-experts-scottsdale-85257-93ea141","Advanced Collision Experts","Scottsdale","Auto Services","needs-contact-enrichment","34","Find direct owner contact before AE outreach.","","",""
"2026-05-28","732","advanced-counceling-scottsdale-85255-4252-2050977","Advanced Counceling","Scottsdale","Retail And Specialty","needs-contact-enrichment","34","Find direct owner contact before AE outreach.","","",""
"2026-05-29","733","advanced-dentistry-scottsdale-85251-6436-5f3d555","Advanced Dentistry","Scottsdale","Health And Care","needs-contact-enrichment","34","Find direct owner contact before AE outreach.","","",""
"2026-05-30","734","advanced-dentistry-and-implant-center-scottsdale-85262-3741-10136fd","Advanced Dentistry & Implant Center","Scottsdale","Health And Care","needs-contact-enrichment","34","Find direct owner contact before AE outreach.","","",""
"2026-05-31","735","advanced-dentistry-and-implant-center-of-scottsdale-scottsdale-85262-f3a7187","Advanced Dentistry & Implant Center Of Scottsdale","Scottsdale","Health And Care","needs-contact-enrichment","34","Find direct owner contact before AE outreach.","","",""
"2026-06-01","736","advanced-dermatology-of-arizona-scottsdale-85260-dc9b391","Advanced Dermatology Of Arizona","Scottsdale","Retail And Specialty","needs-contact-enrichment","34","Find direct owner contact before AE outreach.","","",""
"2026-06-02","737","advanced-dermatology-of-arizona-pc-scottsdale-85251-3603760","Advanced Dermatology Of Arizona Pc","Scottsdale","Retail And Specialty","needs-contact-enrichment","34","Find direct owner contact before AE outreach.","","",""
"2026-06-03","738","advanced-energy-ideas-inc-mesa-85210-1b0dba3","Advanced Energy Ideas, Inc.","Mesa","Business Services","needs-contact-enrichment","34","Find direct owner contact before AE outreach.","","",""
"2026-06-04","739","advanced-energy-systems-llc-scottsdale-85251-fde4476","Advanced Energy Systems Llc","Scottsdale","Business Services","needs-contact-enrichment","34","Find direct owner contact before AE outreach.","","",""
"2026-06-05","740","advanced-eyecare-and-vision-therapy-inc-scottsdale-85260-6658-00d6c58","Advanced Eyecare And Vision Therapy Inc","Scottsdale","Health And Care","needs-contact-enrichment","34","Find direct owner contact before AE outreach.","","",""
"2026-06-06","741","advanced-fertility-care-scottsdale-85258-56b355e","Advanced Fertility Care","Scottsdale","Retail And Specialty","needs-contact-enrichment","34","Find direct owner contact before AE outreach.","","",""
"2026-06-07","742","advanced-gpr-corporation-scottsdale-85251-d582456","Advanced Gpr Corporation","Scottsdale","Retail And Specialty","needs-contact-enrichment","34","Find direct owner contact before AE outreach.","","",""
"2026-06-08","743","advanced-health-care-of-scottsdale-scottsdale-85258-603c249","Advanced Health Care Of Scottsdale","Scottsdale","Health And Care","needs-contact-enrichment","34","Find direct owner contact before AE outreach.","","",""
"2026-06-09","744","advanced-health-solutions-pc-scottsdale-85260-62f34f2","Advanced Health Solutions Pc","Scottsdale","Health And Care","needs-contact-enrichment","34","Find direct owner contact before AE outreach.","","",""
"2026-06-10","745","advanced-hearing-group-scottsdale-85257-79034d6","Advanced Hearing Group","Scottsdale","Retail And Specialty","needs-contact-enrichment","34","Find direct owner contact before AE outreach.","","",""
"2026-06-11","746","advanced-hearing-group-scottsdale-85260-37467de","Advanced Hearing Group","Scottsdale","Retail And Specialty","needs-contact-enrichment","34","Find direct owner contact before AE outreach.","","",""
"2026-06-12","747","advanced-hearing-group-gary-johnson-llc-scottsdale-85257-2922-f9672c1","Advanced Hearing Group/Gary Johnson Llc","Scottsdale","Retail And Specialty","needs-contact-enrichment","34","Find direct owner contact before AE outreach.","","",""
"2026-06-13","748","advanced-hemorrhoid-centers-scottsdale-85258-5d34ce7","Advanced Hemorrhoid Centers","Scottsdale","Retail And Specialty","needs-contact-enrichment","34","Find direct owner contact before AE outreach.","","",""
"2026-06-14","749","advanced-hydrographics-scottsdale-85255-5518-b75db0c","Advanced Hydrographics","Scottsdale","Creative Services","needs-contact-enrichment","34","Find direct owner contact before AE outreach.","","",""
"2026-06-15","750","advanced-hygiene-solutions-inc-scottsdale-85266-ca5faf1","Advanced Hygiene Solutions Inc","Scottsdale","Retail And Specialty","needs-contact-enrichment","34","Find direct owner contact before AE outreach.","","",""
"2026-05-17","751","advanced-import-specialist-scottsdale-85258-e523ba5","Advanced Import Specialist","Scottsdale","Retail And Specialty","needs-contact-enrichment","34","Find direct owner contact before AE outreach.","","",""
"2026-05-18","752","advanced-international-systems-inc-scottsdale-85260-2400-a561e12","Advanced International Systems Inc","Scottsdale","Business Services","needs-contact-enrichment","34","Find direct owner contact before AE outreach.","","",""
"2026-05-19","753","advanced-it-solutions-mesa-85206-aece27a","Advanced It Solutions","Mesa","Business Services","needs-contact-enrichment","34","Find direct owner contact before AE outreach.","","",""
"2026-05-20","754","advanced-knee-care-pc-scottsdale-85255-c30fe54","Advanced Knee Care Pc","Scottsdale","Retail And Specialty","needs-contact-enrichment","34","Find direct owner contact before AE outreach.","","",""
"2026-05-21","755","advanced-maintenance-phoenix-mesa-85210-383d08a","Advanced Maintenance Phoenix","Mesa","Business Services","needs-contact-enrichment","34","Find direct owner contact before AE outreach.","","",""
"2026-05-22","756","advanced-motion-chiropractic-pllc-mesa-85207-fdaa32c","Advanced Motion Chiropractic Pllc","Mesa","Health And Care","needs-contact-enrichment","34","Find direct owner contact before AE outreach.","","",""
"2026-05-23","757","advanced-network-management-inc-scottsdale-85257-3407-1027d6e","Advanced Network Management Inc","Scottsdale","Business Services","needs-contact-enrichment","34","Find direct owner contact before AE outreach.","","",""
"2026-05-24","758","advanced-neurologic-rehabilitation-scottsdale-85259-22d83d0","Advanced Neurologic Rehabilitation","Scottsdale","Retail And Specialty","needs-contact-enrichment","34","Find direct owner contact before AE outreach.","","",""
"2026-05-25","759","advanced-orthodontics-mesa-85209-87e4b75","Advanced Orthodontics","Mesa","Business Services","needs-contact-enrichment","34","Find direct owner contact before AE outreach.","","",""
"2026-05-26","760","advanced-packaging-and-systems-technology-laboratory-scottsdale-85262-c7d2375","Advanced Packaging & Systems Technology Laboratory","Scottsdale","Business Services","needs-contact-enrichment","34","Find direct owner contact before AE outreach.","","",""
"2026-05-27","761","advanced-pain-modalities-plc-mesa-85206-489af0d","Advanced Pain Modalities Plc","Mesa","Business Services","needs-contact-enrichment","34","Find direct owner contact before AE outreach.","","",""
"2026-05-28","762","advanced-painting-and-contracting-scottsdale-85258-a483ba8","Advanced Painting & Contracting","Scottsdale","Home Services","needs-contact-enrichment","34","Find direct owner contact before AE outreach.","","",""
"2026-05-29","763","advanced-practice-womens-health-pllc-mesa-85212-2f9f0e3","Advanced Practice Womens Health Pllc","Mesa","Health And Care","needs-contact-enrichment","34","Find direct owner contact before AE outreach.","","",""
"2026-05-30","764","advanced-psychological-examinations-llc-scottsdale-85260-3007-c6b1061","Advanced Psychological Examinations Llc","Scottsdale","Retail And Specialty","needs-contact-enrichment","34","Find direct owner contact before AE outreach.","","",""
"2026-05-31","765","advanced-psychotherapy-llc-scottsdale-85260-b957ba6","Advanced Psychotherapy Llc","Scottsdale","Health And Care","needs-contact-enrichment","34","Find direct owner contact before AE outreach.","","",""
"2026-06-01","766","advanced-signs-and-construction-inc-scottsdale-85260-dfd1287","Advanced Signs & Construction Inc","Scottsdale","Home Services","needs-contact-enrichment","34","Find direct owner contact before AE outreach.","","",""
"2026-06-02","767","advanced-spine-and-rehab-pc-mesa-85206-63f4813","Advanced Spine & Rehab Pc","Mesa","Business Services","needs-contact-enrichment","34","Find direct owner contact before AE outreach.","","",""
"2026-06-03","768","advanced-strategy-center-scottsdale-85255-d6a8aa0","Advanced Strategy Center","Scottsdale","Retail And Specialty","needs-contact-enrichment","34","Find direct owner contact before AE outreach.","","",""
"2026-06-04","769","advanced-structural-engineering-inc-scottsdale-85260-2098-e94c3d1","Advanced Structural Engineering Inc","Scottsdale","Retail And Specialty","needs-contact-enrichment","34","Find direct owner contact before AE outreach.","","",""
"2026-06-05","770","advanced-tint-solutions-mesa-85210-a5991f3","Advanced Tint Solutions","Mesa","Business Services","needs-contact-enrichment","34","Find direct owner contact before AE outreach.","","",""
"2026-06-06","771","advanced-wellness-and-pain-scottsdale-85250-3575a3f","Advanced Wellness And Pain","Scottsdale","Retail And Specialty","needs-contact-enrichment","34","Find direct owner contact before AE outreach.","","",""
"2026-06-07","772","advancian-llc-scottsdale-85259-3239-a5c0e57","Advancian Llc","Scottsdale","Retail And Specialty","needs-contact-enrichment","34","Find direct owner contact before AE outreach.","","",""
"2026-06-08","773","advancing-knowledge-in-healthcare-scottsdale-85255-3353-fb3c3db","Advancing Knowledge In Healthcare","Scottsdale","Health And Care","needs-contact-enrichment","34","Find direct owner contact before AE outreach.","","",""
"2026-06-09","774","advantage-aerospace-llc-mesa-85204-0acdcdf","Advantage Aerospace Llc","Mesa","Beauty And Wellness","needs-contact-enrichment","34","Find direct owner contact before AE outreach.","","",""
"2026-06-10","775","advantage-beauty-and-health-scottsdale-85251-6961-99e7ef1","Advantage Beauty And Health","Scottsdale","Beauty And Wellness","needs-contact-enrichment","34","Find direct owner contact before AE outreach.","","",""
"2026-06-11","776","advantage-funeral-and-cremation-services-melcher-roses-mesa-85204-281679d","Advantage Funeral & Cremation Services – Melcher Roses","Mesa","Business Services","needs-contact-enrichment","34","Find direct owner contact before AE outreach.","","",""
"2026-06-12","777","advantage-grand-canyon-scottsdale-85258-cd6df22","Advantage Grand Canyon","Scottsdale","Retail And Specialty","needs-contact-enrichment","34","Find direct owner contact before AE outreach.","","",""
"2026-06-13","778","advantage-insurance-management-usa-llc-scottsdale-85260-8847-a7672e4","Advantage Insurance Management (Usa) Llc","Scottsdale","Legal And Financial","needs-contact-enrichment","34","Find direct owner contact before AE outreach.","","",""
"2026-06-14","779","advantage-pure-flo-inc-mesa-85205-3655ef2","Advantage Pure Flo, Inc.","Mesa","Business Services","needs-contact-enrichment","34","Find direct owner contact before AE outreach.","","",""
"2026-06-15","780","advantage-reline-mesa-85212-96e41e2","Advantage Reline","Mesa","Business Services","needs-contact-enrichment","34","Find direct owner contact before AE outreach.","","",""
"2026-05-17","781","advantage-technical-resourcing-inc-scottsdale-85258-4424-6bc6420","Advantage Technical Resourcing Inc","Scottsdale","Retail And Specialty","needs-contact-enrichment","34","Find direct owner contact before AE outreach.","","",""
"2026-05-18","782","advantage-training-scottsdale-85255-2556-0e76567","Advantage Training","Scottsdale","Retail And Specialty","needs-contact-enrichment","34","Find direct owner contact before AE outreach.","","",""
"2026-05-19","783","advantech-it-solutions-scottsdale-85260-3130-0149a1e","Advantech It Solutions","Scottsdale","Retail And Specialty","needs-contact-enrichment","34","Find direct owner contact before AE outreach.","","",""
"2026-05-20","784","advanti-auto-group-llc-mesa-85203-0c2938b","Advanti Auto Group Llc","Mesa","Auto Services","needs-contact-enrichment","34","Find direct owner contact before AE outreach.","","",""
"2026-05-21","785","advent-diamond-inc-scottsdale-85257-b1fccc1","Advent Diamond Inc","Scottsdale","Retail And Specialty","needs-contact-enrichment","34","Find direct owner contact before AE outreach.","","",""
"2026-05-22","786","advent-internal-medicine-pllc-mesa-85205-19cf463","Advent Internal Medicine Pllc","Mesa","Business Services","needs-contact-enrichment","34","Find direct owner contact before AE outreach.","","",""
"2026-05-23","787","adventist-book-center-scottsdale-85260-d8fb958","Adventist Book Center","Scottsdale","Retail And Specialty","needs-contact-enrichment","34","Find direct owner contact before AE outreach.","","",""
"2026-05-24","788","adventure-air-arizona-mesa-85215-8990454","Adventure Air Arizona","Mesa","Business Services","needs-contact-enrichment","34","Find direct owner contact before AE outreach.","","",""
"2026-05-25","789","advertising-promos-labels-and-forms-llc-scottsdale-85251-2346-7596a3b","Advertising Promos Labels & Forms Llc","Scottsdale","Creative Services","needs-contact-enrichment","34","Find direct owner contact before AE outreach.","","",""
"2026-05-26","790","advinow-inc-scottsdale-85258-1023-df4e70a","Advinow Inc","Scottsdale","Retail And Specialty","needs-contact-enrichment","34","Find direct owner contact before AE outreach.","","",""
"2026-05-27","791","advnt-bio-technologies-llc-scottsdale-85260-3480-82d2908","Advnt Bio Technologies Llc","Scottsdale","Retail And Specialty","needs-contact-enrichment","34","Find direct owner contact before AE outreach.","","",""
"2026-05-28","792","advosy-shared-services-llc-mesa-85203-75b7e82","Advosy Shared Services Llc","Mesa","Business Services","needs-contact-enrichment","34","Find direct owner contact before AE outreach.","","",""
"2026-05-29","793","adw-communications-services-inc-scottsdale-85260-2657-d330b1d","Adw Communications Services Inc","Scottsdale","Retail And Specialty","needs-contact-enrichment","34","Find direct owner contact before AE outreach.","","",""
"2026-05-30","794","adzone-arizona-llc-scottsdale-85260-84c91d2","Adzone Arizona Llc","Scottsdale","Retail And Specialty","needs-contact-enrichment","34","Find direct owner contact before AE outreach.","","",""
"2026-05-31","795","aeaz-clinics-llc-scottsdale-85257-3142-b243027","Aeaz Clinics Llc","Scottsdale","Health And Care","needs-contact-enrichment","34","Find direct owner contact before AE outreach.","","",""
"2026-06-01","796","aecom-technical-services-inc-scottsdale-85253-b4bf34c","Aecom Technical Services Inc","Scottsdale","Retail And Specialty","needs-contact-enrichment","34","Find direct owner contact before AE outreach.","","",""
"2026-06-02","797","aeg-commercial-llc-mesa-85205-aa892cb","Aeg Commercial, Llc","Mesa","Business Services","needs-contact-enrichment","34","Find direct owner contact before AE outreach.","","",""
"2026-06-03","798","aegis-group-practice-llc-mesa-85206-fcda5c9","Aegis Group Practice Llc","Mesa","Business Services","needs-contact-enrichment","34","Find direct owner contact before AE outreach.","","",""
"2026-06-04","799","aegis-hospice-inc-mesa-85209-d217ee8","Aegis Hospice Inc","Mesa","Business Services","needs-contact-enrichment","34","Find direct owner contact before AE outreach.","","",""
"2026-06-05","800","aei-ray-development-llc-mesa-85212-21caac7","Aei Ray Development Llc","Mesa","Business Services","needs-contact-enrichment","34","Find direct owner contact before AE outreach.","","",""
"2026-06-06","801","aeink-studios-scottsdale-85251-6c991be","Aeink Studios","Scottsdale","Creative Services","needs-contact-enrichment","34","Find direct owner contact before AE outreach.","","",""
"2026-06-07","802","aeo-powersports-llc-mesa-85215-d284a83","Aeo Powersports Llc","Mesa","Business Services","needs-contact-enrichment","34","Find direct owner contact before AE outreach.","","",""
"2026-06-08","803","aerial-engagement-scottsdale-85260-b2c3e5e","Aerial Engagement","Scottsdale","Retail And Specialty","needs-contact-enrichment","34","Find direct owner contact before AE outreach.","","",""
"2026-06-09","804","aerium-encore-llc-scottsdale-85251-6307-599f02e","Aerium Encore Llc","Scottsdale","Retail And Specialty","needs-contact-enrichment","34","Find direct owner contact before AE outreach.","","",""
"2026-06-10","805","aermotive-llc-mesa-85212-d01ba9c","Aermotive Llc","Mesa","Business Services","needs-contact-enrichment","34","Find direct owner contact before AE outreach.","","",""
"2026-06-11","806","aero-armour-llc-scottsdale-85260-f5e79e0","Aero Armour Llc","Scottsdale","Retail And Specialty","needs-contact-enrichment","34","Find direct owner contact before AE outreach.","","",""
"2026-06-12","807","aero-jet-services-scottsdale-85260-2506-2637685","Aero Jet Services","Scottsdale","Retail And Specialty","needs-contact-enrichment","34","Find direct owner contact before AE outreach.","","",""
"2026-06-13","808","aero-link-arizona-scottsdale-85255-214b0a2","Aero-Link Arizona","Scottsdale","Retail And Specialty","needs-contact-enrichment","34","Find direct owner contact before AE outreach.","","",""
"2026-06-14","809","aero-mach-precision-llc-mesa-85215-2e06b99","Aero-Mach Precision Llc.","Mesa","Business Services","needs-contact-enrichment","34","Find direct owner contact before AE outreach.","","",""
"2026-06-15","810","aerocare-medical-transport-system-inc-scottsdale-85260-1201-9210f12","Aerocare Medical Transport System, Inc","Scottsdale","Health And Care","needs-contact-enrichment","34","Find direct owner contact before AE outreach.","","",""
"2026-05-17","811","aerocean-freight-solutions-inc-scottsdale-85260-0a181a3","Aerocean Freight Solutions Inc","Scottsdale","Retail And Specialty","needs-contact-enrichment","34","Find direct owner contact before AE outreach.","","",""
"2026-05-18","812","aerodata-inc-scottsdale-85260-cbdff2d","Aerodata Inc","Scottsdale","Retail And Specialty","needs-contact-enrichment","34","Find direct owner contact before AE outreach.","","",""
"2026-05-19","813","aerodyne-flight-center-scottsdale-85260-9abe2c6","Aerodyne Flight Center","Scottsdale","Retail And Specialty","needs-contact-enrichment","34","Find direct owner contact before AE outreach.","","",""
"2026-05-20","814","aerohead-aviation-scottsdale-85260-88b1340","Aerohead Aviation","Scottsdale","Retail And Specialty","needs-contact-enrichment","34","Find direct owner contact before AE outreach.","","",""
"2026-05-21","815","aerolab-phoenix-metro-home-based-business-2cd3109","Aerolab","Phoenix Metro","Business Services","needs-contact-enrichment","34","Find direct owner contact before AE outreach.","","",""
"2026-05-22","816","aeropark-properties-ii-llc-scottsdale-85260-2952-42c8cf6","Aeropark Properties Ii Llc","Scottsdale","Retail And Specialty","needs-contact-enrichment","34","Find direct owner contact before AE outreach.","","",""
"2026-05-23","817","aeroseal-usa-mesa-85206-970c3ec","Aeroseal Usa","Mesa","Business Services","needs-contact-enrichment","34","Find direct owner contact before AE outreach.","","",""
"2026-05-24","818","aerospace-precision-solutions-llc-mesa-85201-a45d123","Aerospace Precision Solutions Llc","Mesa","Beauty And Wellness","needs-contact-enrichment","34","Find direct owner contact before AE outreach.","","",""
"2026-05-25","819","aerts-property-solutions-scottsdale-85260-71ba313","Aerts Property Solutions","Scottsdale","Real Estate And Property","needs-contact-enrichment","34","Find direct owner contact before AE outreach.","","",""
"2026-05-26","820","aesthetic-and-medical-of-scottsdale-scottsdale-85254-5236-11b7824","Aesthetic & Medical Of Scottsdale","Scottsdale","Beauty And Wellness","needs-contact-enrichment","34","Find direct owner contact before AE outreach.","","",""
"2026-05-27","821","aesthetic-anesthesia-associates-scottsdale-85258-d12dccf","Aesthetic Anesthesia Associates","Scottsdale","Beauty And Wellness","needs-contact-enrichment","34","Find direct owner contact before AE outreach.","","",""
"2026-05-28","822","aesthetic-assets-llc-scottsdale-85260-1503-059edf0","Aesthetic Assets Llc","Scottsdale","Beauty And Wellness","needs-contact-enrichment","34","Find direct owner contact before AE outreach.","","",""
"2026-05-29","823","aesthetic-collective-scottsdale-85254-c50506a","Aesthetic Collective","Scottsdale","Beauty And Wellness","needs-contact-enrichment","34","Find direct owner contact before AE outreach.","","",""
"2026-05-30","824","aesthetic-cuticles-scottsdale-85257-def8511","Aesthetic Cuticles","Scottsdale","Beauty And Wellness","needs-contact-enrichment","34","Find direct owner contact before AE outreach.","","",""
"2026-05-31","825","aesthetic-cuticles-llc-scottsdale-85260-caa66cf","Aesthetic Cuticles Llc","Scottsdale","Beauty And Wellness","needs-contact-enrichment","34","Find direct owner contact before AE outreach.","","",""
"2026-06-01","826","aesthetic-dentistry-of-scottsdale-scottsdale-85260-eeb368b","Aesthetic Dentistry Of Scottsdale","Scottsdale","Beauty And Wellness","needs-contact-enrichment","34","Find direct owner contact before AE outreach.","","",""
"2026-06-02","827","aesthetic-iq-clinic-scottsdale-85253-d0194d6","Aesthetic Iq Clinic","Scottsdale","Beauty And Wellness","needs-contact-enrichment","34","Find direct owner contact before AE outreach.","","",""
"2026-06-03","828","aesthetic-revival-scottsdale-85258-8be4aea","Aesthetic Revival","Scottsdale","Beauty And Wellness","needs-contact-enrichment","34","Find direct owner contact before AE outreach.","","",""
"2026-06-04","829","aesthetics-by-ali-mesa-85213-36a8cfb","Aesthetics By Ali","Mesa","Beauty And Wellness","needs-contact-enrichment","34","Find direct owner contact before AE outreach.","","",""
"2026-06-05","830","aesthetics-by-sophia-scottsdale-85251-3911-febe784","Aesthetics By Sophia","Scottsdale","Beauty And Wellness","needs-contact-enrichment","34","Find direct owner contact before AE outreach.","","",""
"2026-06-06","831","aesthetics-lynnie-tran-scottsdale-85253-60f6003","Aesthetics Lynnie Tran","Scottsdale","Beauty And Wellness","needs-contact-enrichment","34","Find direct owner contact before AE outreach.","","",""
"2026-06-07","832","aesthetique-boutique-scottsdale-85250-4bd6128","Aesthetique Boutique","Scottsdale","Retail And Specialty","needs-contact-enrichment","34","Find direct owner contact before AE outreach.","","",""
"2026-06-08","833","aetna-life-insurance-company-and-affiliated-companies-scottsdale-85251-3907-36b82a2","Aetna Life Insurance Company & Affiliated Companies","Scottsdale","Legal And Financial","needs-contact-enrichment","34","Find direct owner contact before AE outreach.","","",""
"2026-06-09","834","af-motor-group-llc-scottsdale-85260-ccdda35","Af Motor Group Llc","Scottsdale","Auto Services","needs-contact-enrichment","34","Find direct owner contact before AE outreach.","","",""
"2026-06-10","835","afc-of-east-mesa-pllc-mesa-85212-3b98a15","Afc Of East Mesa, Pllc","Mesa","Business Services","needs-contact-enrichment","34","Find direct owner contact before AE outreach.","","",""
"2026-06-11","836","afc-physical-medicine-of-mesa-pllc-mesa-85204-5f61c57","Afc Physical Medicine Of Mesa, Pllc","Mesa","Business Services","needs-contact-enrichment","34","Find direct owner contact before AE outreach.","","",""
"2026-06-12","837","affiliate-link-partners-phoenix-metro-home-based-business-0d24294","Affiliate Link Partners","Phoenix Metro","Business Services","needs-contact-enrichment","34","Find direct owner contact before AE outreach.","","",""
"2026-06-13","838","affiliated-dermatology-scottsdale-85255-1a44396","Affiliated Dermatology","Scottsdale","Retail And Specialty","needs-contact-enrichment","34","Find direct owner contact before AE outreach.","","",""
"2026-06-14","839","affiliated-dermatology-scottsdale-85251-6450-5205dab","Affiliated Dermatology","Scottsdale","Retail And Specialty","needs-contact-enrichment","34","Find direct owner contact before AE outreach.","","",""
"2026-06-15","840","affiliated-ophthalmologists-sc-scottsdale-85251-6415-5ec9954","Affiliated Ophthalmologists Sc","Scottsdale","Retail And Specialty","needs-contact-enrichment","34","Find direct owner contact before AE outreach.","","",""
"2026-05-17","841","affiliated-pediatric-dentistry-and-orthodontics-scottsdale-85255-7440-c2c9a8a","Affiliated Pediatric Dentistry & Orthodontics","Scottsdale","Health And Care","needs-contact-enrichment","34","Find direct owner contact before AE outreach.","","",""
"2026-05-18","842","affiliated-pediatric-dentistry-and-orthodontics-scottsdale-85254-53d59b6","Affiliated Pediatric Dentistry & Orthodontics","Scottsdale","Health And Care","needs-contact-enrichment","34","Find direct owner contact before AE outreach.","","",""
"2026-05-19","843","affiliated-pediatric-dentistry-and-orthodontics-pc-scottsdale-85254-6708-1248b0c","Affiliated Pediatric Dentistry & Orthodontics Pc","Scottsdale","Health And Care","needs-contact-enrichment","34","Find direct owner contact before AE outreach.","","",""
"2026-05-20","844","affinity-counseling-scottsdale-85260-26f65d3","Affinity Counseling","Scottsdale","Retail And Specialty","needs-contact-enrichment","34","Find direct owner contact before AE outreach.","","",""
"2026-05-21","845","affinity-family-care-llc-mesa-85206-cd2391f","Affinity Family Care Llc","Mesa","Business Services","needs-contact-enrichment","34","Find direct owner contact before AE outreach.","","",""
"2026-05-22","846","affinity-kitchens-scottsdale-85260-41fc011","Affinity Kitchens","Scottsdale","Food And Events","needs-contact-enrichment","34","Find direct owner contact before AE outreach.","","",""
"2026-05-23","847","affinity-mortgage-inc-scottsdale-85260-3683-9eca1cb","Affinity Mortgage Inc","Scottsdale","Real Estate And Property","needs-contact-enrichment","34","Find direct owner contact before AE outreach.","","",""
"2026-05-24","848","affinity-service-electric-llc-mesa-85213-e945b53","Affinity Service Electric Llc","Mesa","Home Services","needs-contact-enrichment","34","Find direct owner contact before AE outreach.","","",""
"2026-05-25","849","affordable-dental-care-llc-mesa-85208-7f3163f","Affordable Dental Care Llc","Mesa","Health And Care","needs-contact-enrichment","34","Find direct owner contact before AE outreach.","","",""
"2026-05-26","850","affordable-dentures-mesa-p-c-mesa-85204-224e212","Affordable Dentures - Mesa, P.C.","Mesa","Business Services","needs-contact-enrichment","34","Find direct owner contact before AE outreach.","","",""
"2026-05-27","851","affordable-dentures-dental-laboratories-llc-mesa-85204-a6fe807","Affordable Dentures Dental Laboratories, Llc","Mesa","Health And Care","needs-contact-enrichment","34","Find direct owner contact before AE outreach.","","",""
"2026-05-28","852","affordable-design-with-you-in-mind-llc-scottsdale-85259-6515-a3cdfa7","Affordable Design With You In Mind Llc","Scottsdale","Creative Services","needs-contact-enrichment","34","Find direct owner contact before AE outreach.","","",""
"2026-05-29","853","affordable-family-dental-lab-scottsdale-85260-f6ea594","Affordable Family Dental Lab","Scottsdale","Health And Care","needs-contact-enrichment","34","Find direct owner contact before AE outreach.","","",""
"2026-05-30","854","affordable-home-care-solutions-scottsdale-85260-ebd4e8c","Affordable Home Care Solutions","Scottsdale","Retail And Specialty","needs-contact-enrichment","34","Find direct owner contact before AE outreach.","","",""
"2026-05-31","855","afi-like-taffy-scottsdale-85251-836ee82","Afi Like Taffy","Scottsdale","Retail And Specialty","needs-contact-enrichment","34","Find direct owner contact before AE outreach.","","",""
"2026-06-01","856","afit-aesthetics-llc-scottsdale-85250-6183-703fba0","Afit Aesthetics Llc","Scottsdale","Beauty And Wellness","needs-contact-enrichment","34","Find direct owner contact before AE outreach.","","",""
"2026-06-02","857","after-hours-auto-and-truck-scottsdale-85260-3c192cc","After Hours Auto And Truck","Scottsdale","Auto Services","needs-contact-enrichment","34","Find direct owner contact before AE outreach.","","",""
"2026-06-03","858","after-the-king-phoenix-metro-home-based-business-ff5b695","After The King","Phoenix Metro","Business Services","needs-contact-enrichment","34","Find direct owner contact before AE outreach.","","",""
"2026-06-04","859","afterglo-aesthetics-scottsdale-85258-5304a37","Afterglo Aesthetics","Scottsdale","Beauty And Wellness","needs-contact-enrichment","34","Find direct owner contact before AE outreach.","","",""
"2026-06-05","860","afterglow-scottsdale-85251-3927-f10fbbc","Afterglow","Scottsdale","Retail And Specialty","needs-contact-enrichment","34","Find direct owner contact before AE outreach.","","",""
"2026-06-06","861","aftermaster-scottsdale-85260-2955-3494421","Aftermaster","Scottsdale","Retail And Specialty","needs-contact-enrichment","34","Find direct owner contact before AE outreach.","","",""
"2026-06-07","862","aftermaster-audio-labs-scottsdale-85260-6966-cc673ef","Aftermaster Audio Labs","Scottsdale","Retail And Specialty","needs-contact-enrichment","34","Find direct owner contact before AE outreach.","","",""
"2026-06-08","863","ag-scottsdale-fashion-square-scottsdale-85251-1254-c692b01","Ag Scottsdale Fashion Square","Scottsdale","Retail And Specialty","needs-contact-enrichment","34","Find direct owner contact before AE outreach.","","",""
"2026-06-09","864","against-the-grain-food-mesa-85201-06de533","Against The Grain Food","Mesa","Food And Events","needs-contact-enrichment","34","Find direct owner contact before AE outreach.","","",""
"2026-06-10","865","agasi-tax-and-financial-pllc-scottsdale-85260-d2c98fe","Agasi Tax & Financial Pllc","Scottsdale","Legal And Financial","needs-contact-enrichment","34","Find direct owner contact before AE outreach.","","",""
"2026-06-11","866","agave-center-for-behavioral-health-mesa-85210-f14d6f5","Agave Center For Behavioral Health","Mesa","Health And Care","needs-contact-enrichment","34","Find direct owner contact before AE outreach.","","",""
"2026-06-12","867","agave-del-scottsdale-scottsdale-85258-3189-ed2f895","Agave Del Scottsdale","Scottsdale","Retail And Specialty","needs-contact-enrichment","34","Find direct owner contact before AE outreach.","","",""
"2026-06-13","868","agave-massage-llc-scottsdale-85251-6407-9e32716","Agave Massage Llc","Scottsdale","Beauty And Wellness","needs-contact-enrichment","34","Find direct owner contact before AE outreach.","","",""
"2026-06-14","869","agave-pay-inc-scottsdale-85250-5912-5af3087","Agave Pay Inc","Scottsdale","Retail And Specialty","needs-contact-enrichment","34","Find direct owner contact before AE outreach.","","",""
"2026-06-15","870","agave-pediatrics-scottsdale-85251-ca5485a","Agave Pediatrics","Scottsdale","Retail And Specialty","needs-contact-enrichment","34","Find direct owner contact before AE outreach.","","",""
"2026-05-17","871","agave-ridge-behavioral-hospital-mesa-85212-79779fa","Agave Ridge Behavioral Hospital","Mesa","Health And Care","needs-contact-enrichment","34","Find direct owner contact before AE outreach.","","",""
"2026-05-18","872","age-well-arizona-mesa-85206-c075737","Age-Well Arizona","Mesa","Business Services","needs-contact-enrichment","34","Find direct owner contact before AE outreach.","","",""
"2026-05-19","873","agee-briggs-enterprises-llc-scottsdale-85254-81108f7","Agee Briggs Enterprises Llc","Scottsdale","Retail And Specialty","needs-contact-enrichment","34","Find direct owner contact before AE outreach.","","",""
"2026-05-20","874","ageility-physical-therapy-solutions-at-norte-pueblo-scottsdale-85254-6118-ac80d85","Ageility Physical Therapy Solutions At Norte Pueblo","Scottsdale","Health And Care","needs-contact-enrichment","34","Find direct owner contact before AE outreach.","","",""
"2026-05-21","875","ageility-physical-therapy-solutions-at-scottsdale-scottsdale-85251-7511-c2bd0f4","Ageility Physical Therapy Solutions At Scottsdale","Scottsdale","Health And Care","needs-contact-enrichment","34","Find direct owner contact before AE outreach.","","",""
"2026-05-22","876","ageility-pt-solutions-at-andara-scottsdale-85259-5eacb3d","Ageility Pt Solutions At Andara","Scottsdale","Retail And Specialty","needs-contact-enrichment","34","Find direct owner contact before AE outreach.","","",""
"2026-05-23","877","ageless-beauty-and-wellness-scottsdale-85255-03e474c","Ageless Beauty & Wellness","Scottsdale","Beauty And Wellness","needs-contact-enrichment","34","Find direct owner contact before AE outreach.","","",""
"2026-05-24","878","ageless-by-natasha-rn-mesa-85215-4d7bceb","Ageless By Natasha Rn","Mesa","Business Services","needs-contact-enrichment","34","Find direct owner contact before AE outreach.","","",""
"2026-05-25","879","ageless-injections-mesa-85210-ec0c2ce","Ageless Injections","Mesa","Business Services","needs-contact-enrichment","34","Find direct owner contact before AE outreach.","","",""
"2026-05-26","880","ageless-men-s-health-scottsdale-85260-6b79192","Ageless Men'S Health","Scottsdale","Health And Care","needs-contact-enrichment","34","Find direct owner contact before AE outreach.","","",""
"2026-05-27","881","ageless-mens-health-az-scottsdale-85260-5568a86","Ageless Mens Health Az","Scottsdale","Health And Care","needs-contact-enrichment","34","Find direct owner contact before AE outreach.","","",""
"2026-05-28","882","ageless-mi-medspa-scottsdale-85251-ae6f8fb","Ageless Mi Medspa","Scottsdale","Beauty And Wellness","needs-contact-enrichment","34","Find direct owner contact before AE outreach.","","",""
"2026-05-29","883","ageless-skin-aesthetics-llc-scottsdale-85254-f2def98","Ageless Skin Aesthetics Llc","Scottsdale","Beauty And Wellness","needs-contact-enrichment","34","Find direct owner contact before AE outreach.","","",""
"2026-05-30","884","ageless-womens-health-scottsdale-85258-87f7f58","Ageless Womens Health","Scottsdale","Health And Care","needs-contact-enrichment","34","Find direct owner contact before AE outreach.","","",""
"2026-05-31","885","agency-roofing-scottsdale-85251-458d308","Agency Roofing","Scottsdale","Home Services","needs-contact-enrichment","34","Find direct owner contact before AE outreach.","","",""
"2026-06-01","886","ages-financial-services-ltd-scottsdale-85258-4477efe","Ages Financial Services Ltd","Scottsdale","Legal And Financial","needs-contact-enrichment","34","Find direct owner contact before AE outreach.","","",""
"2026-06-02","887","aggie-inc-mesa-85202-af739aa","Aggie Inc","Mesa","Business Services","needs-contact-enrichment","34","Find direct owner contact before AE outreach.","","",""
"2026-06-03","888","aggregate-machinery-inc-phoenix-metro-home-based-business-de3dc0a","Aggregate Machinery Inc.","Phoenix Metro","Business Services","needs-contact-enrichment","34","Find direct owner contact before AE outreach.","","",""
"2026-06-04","889","aghtamar-llc-scottsdale-85260-6888-b272278","Aghtamar Llc","Scottsdale","Retail And Specialty","needs-contact-enrichment","34","Find direct owner contact before AE outreach.","","",""
"2026-06-05","890","agi-press-llc-scottsdale-85260-f972e80","Agi Press Llc","Scottsdale","Retail And Specialty","needs-contact-enrichment","34","Find direct owner contact before AE outreach.","","",""
"2026-06-06","891","agilesys-inc-scottsdale-85260-cc629c6","Agilesys Inc","Scottsdale","Retail And Specialty","needs-contact-enrichment","34","Find direct owner contact before AE outreach.","","",""
"2026-06-07","892","agnes-chau-llc-scottsdale-85251-9f02ccd","Agnes Chau Llc","Scottsdale","Retail And Specialty","needs-contact-enrichment","34","Find direct owner contact before AE outreach.","","",""
"2026-06-08","893","agni-flo-yoga-scottsdale-85255-9f2fa4f","Agni Flo Yoga","Scottsdale","Beauty And Wellness","needs-contact-enrichment","34","Find direct owner contact before AE outreach.","","",""
"2026-06-09","894","agora-fine-rugs-scottsdale-85255-1606b7a","Agora Fine Rugs","Scottsdale","Retail And Specialty","needs-contact-enrichment","34","Find direct owner contact before AE outreach.","","",""
"2026-06-10","895","agrandar-associates-scottsdale-85253-1ff189e","Agrandar Associates","Scottsdale","Retail And Specialty","needs-contact-enrichment","34","Find direct owner contact before AE outreach.","","",""
"2026-06-11","896","agua-caliente-scottsdale-85254-10700df","Agua Caliente","Scottsdale","Retail And Specialty","needs-contact-enrichment","34","Find direct owner contact before AE outreach.","","",""
"2026-06-12","897","aguila-aviation-llc-scottsdale-85260-2426-81d0574","Aguila Aviation Llc","Scottsdale","Retail And Specialty","needs-contact-enrichment","34","Find direct owner contact before AE outreach.","","",""
"2026-06-13","898","aguila-s-hidaway-the-office-mesa-85204-3858fce","Aguila'S Hidaway The Office","Mesa","Business Services","needs-contact-enrichment","34","Find direct owner contact before AE outreach.","","",""
"2026-06-14","899","ah-properties-scottsdale-85251-9f919bb","Ah Properties","Scottsdale","Retail And Specialty","needs-contact-enrichment","34","Find direct owner contact before AE outreach.","","",""
"2026-06-15","900","ah-properties-mesa-85210-8c5758b","Ah Properties","Mesa","Business Services","needs-contact-enrichment","34","Find direct owner contact before AE outreach.","","",""
"2026-05-17","901","ahaa-gems-and-jewelry-appraisals-llc-mesa-85208-4f591fb","Ahaa Gems & Jewelry Appraisals, Llc","Mesa","Business Services","needs-contact-enrichment","34","Find direct owner contact before AE outreach.","","",""
"2026-05-18","902","ahf-llc-mesa-85204-7513368","Ahf Llc","Mesa","Business Services","needs-contact-enrichment","34","Find direct owner contact before AE outreach.","","",""
"2026-05-19","903","ahipoki-bowl-scottsdale-85257-bb4bf73","Ahipoki Bowl","Scottsdale","Retail And Specialty","needs-contact-enrichment","34","Find direct owner contact before AE outreach.","","",""
"2026-05-20","904","ahipoki-bowl-scottsdale-85260-6734-c961431","Ahipoki Bowl","Scottsdale","Retail And Specialty","needs-contact-enrichment","34","Find direct owner contact before AE outreach.","","",""
"2026-05-21","905","ahn-clinic-scottsdale-85255-7b89803","Ahn Clinic","Scottsdale","Health And Care","needs-contact-enrichment","34","Find direct owner contact before AE outreach.","","",""
"2026-05-22","906","ahnen-chiropractic-mesa-85202-ea6a458","Ahnen Chiropractic","Mesa","Health And Care","needs-contact-enrichment","34","Find direct owner contact before AE outreach.","","",""
"2026-05-23","907","ai-vending-solutions-llc-mesa-85209-6ff0a8f","Ai Vending Solutions Llc","Mesa","Business Services","needs-contact-enrichment","34","Find direct owner contact before AE outreach.","","",""
"2026-05-24","908","aidant-fire-protection-co-scottsdale-85260-38b21df","Aidant Fire Protection Co","Scottsdale","Retail And Specialty","needs-contact-enrichment","34","Find direct owner contact before AE outreach.","","",""
"2026-05-25","909","aiden-by-best-western-scottsdale-85260-20df1ad","Aiden By Best Western","Scottsdale","Retail And Specialty","needs-contact-enrichment","34","Find direct owner contact before AE outreach.","","",""
"2026-05-26","910","aiden-by-best-western-scottsdale-north-scottsdale-85260-eba5338","Aiden By Best Western Scottsdale North","Scottsdale","Retail And Specialty","needs-contact-enrichment","34","Find direct owner contact before AE outreach.","","",""
"2026-05-27","911","aidun-medical-llc-scottsdale-85260-ed22c28","Aidun Medical Llc","Scottsdale","Health And Care","needs-contact-enrichment","34","Find direct owner contact before AE outreach.","","",""
"2026-05-28","912","aifai-massage-scottsdale-85253-4526-73b89a4","Aifai Massage","Scottsdale","Beauty And Wellness","needs-contact-enrichment","34","Find direct owner contact before AE outreach.","","",""
"2026-05-29","913","aikido-of-scottsdale-scottsdale-85260-992c4e7","Aikido Of Scottsdale","Scottsdale","Retail And Specialty","needs-contact-enrichment","34","Find direct owner contact before AE outreach.","","",""
"2026-05-30","914","aikitech-inc-scottsdale-85258-751f4a6","Aikitech Inc","Scottsdale","Retail And Specialty","needs-contact-enrichment","34","Find direct owner contact before AE outreach.","","",""
"2026-05-31","915","aim-capital-of-arizona-scottsdale-85258-a713cca","Aim Capital Of Arizona","Scottsdale","Retail And Specialty","needs-contact-enrichment","34","Find direct owner contact before AE outreach.","","",""
"2026-06-01","916","aim-cure-mesa-85209-8ef99d3","Aim Cure","Mesa","Business Services","needs-contact-enrichment","34","Find direct owner contact before AE outreach.","","",""
"2026-06-02","917","aimees-spic-and-span-scottsdale-85251-d1f5214","Aimees Spic And Span","Scottsdale","Beauty And Wellness","needs-contact-enrichment","34","Find direct owner contact before AE outreach.","","",""
"2026-06-03","918","aims-companies-scottsdale-85255-26f9a49","Aims Companies","Scottsdale","Retail And Specialty","needs-contact-enrichment","34","Find direct owner contact before AE outreach.","","",""
"2026-06-04","919","aine-healthcare-llc-scottsdale-85254-1208d82","Aine Healthcare Llc","Scottsdale","Health And Care","needs-contact-enrichment","34","Find direct owner contact before AE outreach.","","",""
"2026-06-05","920","air-conditioning-of-arizona-scottsdale-85260-1777-647ce7e","Air Conditioning Of Arizona","Scottsdale","Home Services","needs-contact-enrichment","34","Find direct owner contact before AE outreach.","","",""
"2026-06-06","921","air-culinaire-worldwide-llc-scottsdale-85260-3101-eadeedf","Air Culinaire Worldwide Llc","Scottsdale","Retail And Specialty","needs-contact-enrichment","34","Find direct owner contact before AE outreach.","","",""
"2026-06-07","922","air-engineering-scottsdale-85254-6164-31ad854","Air Engineering","Scottsdale","Retail And Specialty","needs-contact-enrichment","34","Find direct owner contact before AE outreach.","","",""
"2026-06-08","923","air-hunters-llc-phoenix-metro-home-based-business-1412b9a","Air Hunters Llc","Phoenix Metro","Business Services","needs-contact-enrichment","34","Find direct owner contact before AE outreach.","","",""
"2026-06-09","924","air-liquide-electronics-us-lp-scottsdale-85251-bc8da5b","Air Liquide Electronics Us Lp","Scottsdale","Home Services","needs-contact-enrichment","34","Find direct owner contact before AE outreach.","","",""
"2026-06-10","925","air-logic-mesa-85210-d2b7db7","Air Logic","Mesa","Business Services","needs-contact-enrichment","34","Find direct owner contact before AE outreach.","","",""
"2026-06-11","926","air-sports-scottsdale-85260-2832-04a4f73","Air Sports","Scottsdale","Retail And Specialty","needs-contact-enrichment","34","Find direct owner contact before AE outreach.","","",""
"2026-06-12","927","air-treatment-corporation-phoenix-metro-92821-83932dd","Air Treatment Corporation","Phoenix Metro","Business Services","needs-contact-enrichment","34","Find direct owner contact before AE outreach.","","",""
"2026-06-13","928","air2o-intelligent-cooling-scottsdale-85260-2569-24b22bf","Air2O Intelligent Cooling","Scottsdale","Retail And Specialty","needs-contact-enrichment","34","Find direct owner contact before AE outreach.","","",""
"2026-06-14","929","aire-serv-of-north-valley-scottsdale-85260-75c1a64","Aire Serv Of North Valley","Scottsdale","Retail And Specialty","needs-contact-enrichment","34","Find direct owner contact before AE outreach.","","",""
"2026-06-15","930","aire-serv-of-red-mountain-mesa-85213-19f3b58","Aire Serv Of Red Mountain","Mesa","Business Services","needs-contact-enrichment","34","Find direct owner contact before AE outreach.","","",""
"2026-05-17","931","airevac-international-scottsdale-85260-2552-1c347b7","Airevac International","Scottsdale","Retail And Specialty","needs-contact-enrichment","34","Find direct owner contact before AE outreach.","","",""
"2026-05-18","932","airgain-scottsdale-85260-0346b75","Airgain","Scottsdale","Retail And Specialty","needs-contact-enrichment","34","Find direct owner contact before AE outreach.","","",""
"2026-05-19","933","airgas-usa-llc-mesa-85210-89abea8","Airgas Usa, Llc","Mesa","Business Services","needs-contact-enrichment","34","Find direct owner contact before AE outreach.","","",""
"2026-05-20","934","aironics-phoenix-metro-92879-7e9d5ed","Aironics","Phoenix Metro","Business Services","needs-contact-enrichment","34","Find direct owner contact before AE outreach.","","",""
"2026-05-21","935","airpark-auto-clinic-scottsdale-85260-2505-d08efde","Airpark Auto Clinic","Scottsdale","Auto Services","needs-contact-enrichment","34","Find direct owner contact before AE outreach.","","",""
"2026-05-22","936","airpark-auto-detailing-scottsdale-85260-ffe9245","Airpark Auto Detailing","Scottsdale","Auto Services","needs-contact-enrichment","34","Find direct owner contact before AE outreach.","","",""
"2026-05-23","937","airpark-bicycle-center-scottsdale-85255-9194-1062467","Airpark Bicycle Center","Scottsdale","Retail And Specialty","needs-contact-enrichment","34","Find direct owner contact before AE outreach.","","",""
"2026-05-24","938","airpark-bike-co-scottsdale-85255-5ec5d11","Airpark Bike Co","Scottsdale","Retail And Specialty","needs-contact-enrichment","34","Find direct owner contact before AE outreach.","","",""
"2026-05-25","939","airpark-collision-center-llc-scottsdale-85260-2667-8f8459a","Airpark Collision Center Llc","Scottsdale","Auto Services","needs-contact-enrichment","34","Find direct owner contact before AE outreach.","","",""
"2026-05-26","940","airpark-consignment-scottsdale-85260-f88f0bb","Airpark Consignment","Scottsdale","Retail And Specialty","needs-contact-enrichment","34","Find direct owner contact before AE outreach.","","",""
"2026-05-27","941","airpark-corner-square-llc-scottsdale-85260-6d4fd50","Airpark Corner Square Llc","Scottsdale","Retail And Specialty","needs-contact-enrichment","34","Find direct owner contact before AE outreach.","","",""
"2026-05-28","942","airpark-dodge-chrysler-jeep-scottsdale-85260-30cb696","Airpark Dodge Chrysler Jeep","Scottsdale","Retail And Specialty","needs-contact-enrichment","34","Find direct owner contact before AE outreach.","","",""
"2026-05-29","943","airpark-land-llc-scottsdale-85260-0cab687","Airpark Land Llc","Scottsdale","Retail And Specialty","needs-contact-enrichment","34","Find direct owner contact before AE outreach.","","",""
"2026-05-30","944","airpark-motor-vehicle-services-scottsdale-85260-f6e3a7d","Airpark Motor Vehicle Services","Scottsdale","Auto Services","needs-contact-enrichment","34","Find direct owner contact before AE outreach.","","",""
"2026-05-31","945","airpark-motorcars-scottsdale-85260-10936dd","Airpark Motorcars","Scottsdale","Auto Services","needs-contact-enrichment","34","Find direct owner contact before AE outreach.","","",""
"2026-06-01","946","airpark-nutrition-and-truhit-fitness-scottsdale-airpark-scottsdale-85260-2960-3957426","Airpark Nutrition And Truhit Fitness-Scottsdale Airpark","Scottsdale","Beauty And Wellness","needs-contact-enrichment","34","Find direct owner contact before AE outreach.","","",""
"2026-06-02","947","airpark-office-75-llc-scottsdale-85258-4616-981b4d4","Airpark Office 75 Llc","Scottsdale","Business Services","needs-contact-enrichment","34","Find direct owner contact before AE outreach.","","",""
"2026-06-03","948","airpark-pharmacy-llc-scottsdale-85260-2497-4417256","Airpark Pharmacy Llc","Scottsdale","Health And Care","needs-contact-enrichment","34","Find direct owner contact before AE outreach.","","",""
"2026-06-04","949","airpark-plaza-scottsdale-85260-2972-29526c3","Airpark Plaza","Scottsdale","Retail And Specialty","needs-contact-enrichment","34","Find direct owner contact before AE outreach.","","",""
"2026-06-05","950","airpark-plaza-western-properties-inc-scottsdale-85260-c1aa38d","Airpark Plaza Western Properties Inc","Scottsdale","Retail And Specialty","needs-contact-enrichment","34","Find direct owner contact before AE outreach.","","",""
"2026-06-06","951","airpark-real-estate-investments-llc-scottsdale-85260-82df1e4","Airpark Real Estate Investments Llc","Scottsdale","Real Estate And Property","needs-contact-enrichment","34","Find direct owner contact before AE outreach.","","",""
"2026-06-07","952","airpark-rental-scottsdale-85260-2515-8d5012c","Airpark Rental","Scottsdale","Retail And Specialty","needs-contact-enrichment","34","Find direct owner contact before AE outreach.","","",""
"2026-06-08","953","airplane-caretaker-mesa-85215-6e2fb08","Airplane Caretaker","Mesa","Business Services","needs-contact-enrichment","34","Find direct owner contact before AE outreach.","","",""
"2026-06-09","954","airport-mak-phoenix-metro-home-based-business-0af6271","Airport Mak","Phoenix Metro","Business Services","needs-contact-enrichment","34","Find direct owner contact before AE outreach.","","",""
"2026-06-10","955","airsprint-private-aviation-scottsdale-85262-2841-ea49d53","Airsprint Private Aviation","Scottsdale","Retail And Specialty","needs-contact-enrichment","34","Find direct owner contact before AE outreach.","","",""
"2026-06-11","956","airstream-of-scottsdale-scottsdale-85260-39d0535","Airstream Of Scottsdale","Scottsdale","Retail And Specialty","needs-contact-enrichment","34","Find direct owner contact before AE outreach.","","",""
"2026-06-12","957","airtelligence-scottsdale-85260-be0d8e6","Airtelligence","Scottsdale","Retail And Specialty","needs-contact-enrichment","34","Find direct owner contact before AE outreach.","","",""
"2026-06-13","958","airzone-systems-scottsdale-85260-5450-12d2dcb","Airzone Systems","Scottsdale","Business Services","needs-contact-enrichment","34","Find direct owner contact before AE outreach.","","",""
"2026-06-14","959","aix-fusion-llc-scottsdale-85260-1b7b9f7","Aix Fusion Llc","Scottsdale","Retail And Specialty","needs-contact-enrichment","34","Find direct owner contact before AE outreach.","","",""
"2026-06-15","960","aj-harlan-photography-scottsdale-85258-2616dc7","Aj Harlan Photography","Scottsdale","Creative Services","needs-contact-enrichment","34","Find direct owner contact before AE outreach.","","",""
"2026-05-17","961","aj-home-decor-llc-mesa-85212-5464e3b","Aj Home Decor Llc","Mesa","Business Services","needs-contact-enrichment","34","Find direct owner contact before AE outreach.","","",""
"2026-05-18","962","aj-sewing-scottsdale-85259-4064-dec374d","Aj Sewing","Scottsdale","Retail And Specialty","needs-contact-enrichment","34","Find direct owner contact before AE outreach.","","",""
"2026-05-19","963","aj-s-173-scottsdale-85255-5695-bc3cd62","Aj'S #173","Scottsdale","Retail And Specialty","needs-contact-enrichment","34","Find direct owner contact before AE outreach.","","",""
"2026-05-20","964","aj-s-fine-foods-118-scottsdale-85260-2863-b6201ff","Aj'S Fine Foods # 118","Scottsdale","Food And Events","needs-contact-enrichment","34","Find direct owner contact before AE outreach.","","",""
"2026-05-21","965","aj-s-fine-foods-75-scottsdale-85255-4315-7c6af42","Aj'S Fine Foods #75","Scottsdale","Food And Events","needs-contact-enrichment","34","Find direct owner contact before AE outreach.","","",""
"2026-05-22","966","aj-s-fine-foods-90-scottsdale-85266-2702-055895d","Aj'S Fine Foods #90","Scottsdale","Food And Events","needs-contact-enrichment","34","Find direct owner contact before AE outreach.","","",""
"2026-05-23","967","ajca-stone-company-llc-mesa-85204-5302c1a","Ajca Stone Company Llc","Mesa","Business Services","needs-contact-enrichment","34","Find direct owner contact before AE outreach.","","",""
"2026-05-24","968","ajf-custom-homes-llc-scottsdale-85255-6495-a90d18b","Ajf Custom Homes Llc","Scottsdale","Real Estate And Property","needs-contact-enrichment","34","Find direct owner contact before AE outreach.","","",""
"2026-05-25","969","ajf-engineering-inc-scottsdale-85260-eec702a","Ajf Engineering Inc","Scottsdale","Retail And Specialty","needs-contact-enrichment","34","Find direct owner contact before AE outreach.","","",""
"2026-05-26","970","ajf-inspections-scottsdale-85260-0d82272","Ajf Inspections","Scottsdale","Retail And Specialty","needs-contact-enrichment","34","Find direct owner contact before AE outreach.","","",""
"2026-05-27","971","ajl-properties-llc-phoenix-metro-home-based-business-f4eac22","Ajl Properties Llc","Phoenix Metro","Business Services","needs-contact-enrichment","34","Find direct owner contact before AE outreach.","","",""
"2026-05-28","972","ajo-al-s-mexican-cafe-scottsdale-85258-5039-bc88473","Ajo Al'S Mexican Cafe","Scottsdale","Food And Events","needs-contact-enrichment","34","Find direct owner contact before AE outreach.","","",""
"2026-05-29","973","ajo-al-s-mexican-cafe-scottsdale-85254-5220-15ea3d5","Ajo Al'S Mexican Cafe","Scottsdale","Food And Events","needs-contact-enrichment","34","Find direct owner contact before AE outreach.","","",""
"2026-05-30","974","ajo-al-s-mexican-cafe-mesa-85204-59d3786","Ajo Al'S Mexican Cafe","Mesa","Food And Events","needs-contact-enrichment","34","Find direct owner contact before AE outreach.","","",""
"2026-05-31","975","ajo-als-mexican-cafe-scottsdale-85258-84b0374","Ajo Als Mexican Cafe","Scottsdale","Food And Events","needs-contact-enrichment","34","Find direct owner contact before AE outreach.","","",""
"2026-06-01","976","ajo-als-mexican-cafe-scottsdale-85254-a787f6f","Ajo Als Mexican Cafe","Scottsdale","Food And Events","needs-contact-enrichment","34","Find direct owner contact before AE outreach.","","",""
"2026-06-02","977","ajs-fine-foods-118-scottsdale-85260-ea42043","Ajs Fine Foods #118","Scottsdale","Food And Events","needs-contact-enrichment","34","Find direct owner contact before AE outreach.","","",""
"2026-06-03","978","ajs-fine-foods-173-scottsdale-85255-69bfc63","Ajs Fine Foods #173","Scottsdale","Food And Events","needs-contact-enrichment","34","Find direct owner contact before AE outreach.","","",""
"2026-06-04","979","ajs-fine-foods-63-scottsdale-85253-6a36190","Ajs Fine Foods #63","Scottsdale","Food And Events","needs-contact-enrichment","34","Find direct owner contact before AE outreach.","","",""
"2026-06-05","980","ajs-fine-foods-75-scottsdale-85255-98689c1","Ajs Fine Foods #75","Scottsdale","Food And Events","needs-contact-enrichment","34","Find direct owner contact before AE outreach.","","",""
"2026-06-06","981","ajs-fine-foods-90-scottsdale-85266-16e2af5","Ajs Fine Foods #90","Scottsdale","Food And Events","needs-contact-enrichment","34","Find direct owner contact before AE outreach.","","",""
"2026-06-07","982","ajs-inspired-garden-essentials-scottsdale-85251-e787e8e","Ajs Inspired Garden Essentials","Scottsdale","Retail And Specialty","needs-contact-enrichment","34","Find direct owner contact before AE outreach.","","",""
"2026-06-08","983","ajs-signature-swimming-pools-inc-scottsdale-85251-40e8fc8","Ajs Signature Swimming Pools Inc","Scottsdale","Home Services","needs-contact-enrichment","34","Find direct owner contact before AE outreach.","","",""
"2026-06-09","984","ak-air-llc-scottsdale-85260-1939-c24929b","Ak Air Llc","Scottsdale","Retail And Specialty","needs-contact-enrichment","34","Find direct owner contact before AE outreach.","","",""
"2026-06-10","985","ak-auto-az-mesa-85210-d755d92","Ak Auto Az","Mesa","Auto Services","needs-contact-enrichment","34","Find direct owner contact before AE outreach.","","",""
"2026-06-11","986","ak-hair-design-scottsdale-85254-d4091c0","Ak Hair Design","Scottsdale","Creative Services","needs-contact-enrichment","34","Find direct owner contact before AE outreach.","","",""
"2026-06-12","987","ak-ink-phoenix-metro-home-based-business-2bad7af","Ak Ink","Phoenix Metro","Business Services","needs-contact-enrichment","34","Find direct owner contact before AE outreach.","","",""
"2026-06-13","988","akamaru-japanese-restaurant-scottsdale-85260-e0e7509","Akamaru Japanese Restaurant","Scottsdale","Food And Events","needs-contact-enrichment","34","Find direct owner contact before AE outreach.","","",""
"2026-06-14","989","akdhc-llc-scottsdale-85251-9631a3a","Akdhc Llc","Scottsdale","Retail And Specialty","needs-contact-enrichment","34","Find direct owner contact before AE outreach.","","",""
"2026-06-15","990","akers-pearson-eyecare-mesa-85206-bf1cddf","Akers Pearson Eyecare","Mesa","Business Services","needs-contact-enrichment","34","Find direct owner contact before AE outreach.","","",""
"2026-05-17","991","akh-software-phoenix-metro-business-professional-services-fbcbc24","Akh Software","Phoenix Metro","Business Services","needs-contact-enrichment","34","Find direct owner contact before AE outreach.","","",""
"2026-05-18","992","akins-law-firm-scottsdale-85258-be31907","Akins Law Firm","Scottsdale","Legal And Financial","needs-contact-enrichment","34","Find direct owner contact before AE outreach.","","",""
"2026-05-19","993","akita-sushi-revolving-sushi-bar-scottsdale-85258-78f2606","Akita Sushi Revolving Sushi Bar","Scottsdale","Food And Events","needs-contact-enrichment","34","Find direct owner contact before AE outreach.","","",""
"2026-05-20","994","akkar-scottsdale-85260-a71ebe6","Akkar","Scottsdale","Retail And Specialty","needs-contact-enrichment","34","Find direct owner contact before AE outreach.","","",""
"2026-05-21","995","akos-med-clinic-scottsdale-85260-2390-02a8526","Akos Med Clinic","Scottsdale","Health And Care","needs-contact-enrichment","34","Find direct owner contact before AE outreach.","","",""
"2026-05-22","996","akos-med-clinic-scottsdale-85255-3463-f267ca9","Akos Med Clinic","Scottsdale","Health And Care","needs-contact-enrichment","34","Find direct owner contact before AE outreach.","","",""
"2026-05-23","997","akrimax-pharmaceuticals-llc-scottsdale-85260-1014-fee30d6","Akrimax Pharmaceuticals Llc","Scottsdale","Retail And Specialty","needs-contact-enrichment","34","Find direct owner contact before AE outreach.","","",""
"2026-05-24","998","al-advantage-scottsdale-85260-3675-44f00f9","Al Advantage","Scottsdale","Retail And Specialty","needs-contact-enrichment","34","Find direct owner contact before AE outreach.","","",""
"2026-05-25","999","al-bass-pool-service-llc-scottsdale-85262-a4afe27","Al Bass Pool Service Llc","Scottsdale","Home Services","needs-contact-enrichment","34","Find direct owner contact before AE outreach.","","",""
"2026-05-26","1000","al-hamra-scottsdale-85255-3648-11c4865","Al Hamra","Scottsdale","Retail And Specialty","needs-contact-enrichment","34","Find direct owner contact before AE outreach.","","",""
