action,priority,business_id,kept_id,candidate_id,name,flags,reason,suggested_resolution
"review_listing_quality","normal","arclight-event-films-tempe-85281-04b822a","","","ArcLight Event Films","thin description","","request owner cleanup, enrich listing, or suppress if abusive"
"review_listing_quality","high","copper-sun-mobile-detail-glendale-85307-4f7951d","","","Copper Sun Mobile Detail","poster email differs from business email | source URL domain differs from website | thin description | auto-merged duplicate: domain:coppersundetail.example","","request owner cleanup, enrich listing, or suppress if abusive"
"review_listing_quality","normal","desert-frame-studio","","","Desert Frame Studio","thin description","","request owner cleanup, enrich listing, or suppress if abusive"
"review_listing_quality","normal","1259-mesa-85210-0f39529","","","#1259","missing contact path | no website or booking URL","","request owner cleanup, enrich listing, or suppress if abusive"
"review_listing_quality","normal","adeline-scottsdale-85251-5308-6cee620","","","+Adeline","missing contact path | no website or booking URL","","request owner cleanup, enrich listing, or suppress if abusive"
"review_listing_quality","normal","1-armor-glass-llc-scottsdale-85260-1902-68f5081","","","1 Armor Glass Llc","missing contact path | no website or booking URL","","request owner cleanup, enrich listing, or suppress if abusive"
"review_listing_quality","normal","1-care-hospice-arizona-scottsdale-85258-7c290bf","","","1 Care Hospice Arizona","missing contact path | no website or booking URL","","request owner cleanup, enrich listing, or suppress if abusive"
"review_listing_quality","normal","1-hb-scottsdale-85251-c71f9d7","","","1 Hb","missing contact path | no website or booking URL","","request owner cleanup, enrich listing, or suppress if abusive"
"review_listing_quality","normal","1-one-armor-inc-scottsdale-85260-1902-f796064","","","1 One Armor Inc","missing contact path | no website or booking URL","","request owner cleanup, enrich listing, or suppress if abusive"
"review_listing_quality","normal","1-stop-motor-vehicle-services-scottsdale-85257-56093c8","","","1 Stop Motor Vehicle Services","missing contact path | no website or booking URL","","request owner cleanup, enrich listing, or suppress if abusive"
"review_listing_quality","normal","1-stop-motor-vehicle-services-mesa-85205-52a1994","","","1 Stop Motor Vehicle Services","missing contact path | no website or booking URL","","request owner cleanup, enrich listing, or suppress if abusive"
"review_listing_quality","normal","1-stop-motor-vehicle-services-mesa-85202-bd6c767","","","1 Stop Motor Vehicle Services","missing contact path | no website or booking URL","","request owner cleanup, enrich listing, or suppress if abusive"
"review_listing_quality","normal","1-swing-golf-scottsdale-85260-4030-6b60277","","","1 Swing Golf","missing contact path | no website or booking URL","","request owner cleanup, enrich listing, or suppress if abusive"
"review_listing_quality","normal","10-to-1-public-relations-scottsdale-85258-e33d05b","","","10 To 1 Public Relations","missing contact path | no website or booking URL","","request owner cleanup, enrich listing, or suppress if abusive"
"review_listing_quality","normal","100-chiropractic-scottsdale-85258-8eea480","","","100% Chiropractic","missing contact path | no website or booking URL","","request owner cleanup, enrich listing, or suppress if abusive"
"review_listing_quality","normal","100-pure-scottsdale-85251-1239-5e53e49","","","100% Pure","missing contact path | no website or booking URL","","request owner cleanup, enrich listing, or suppress if abusive"
"review_listing_quality","normal","101-auto-outlet-scottsdale-85257-dbb77b6","","","101 Auto Outlet","missing contact path | no website or booking URL","","request owner cleanup, enrich listing, or suppress if abusive"
"review_listing_quality","normal","101-barber-shop-scottsdale-85251-6c2e755","","","101 Barber Shop","missing contact path | no website or booking URL","","request owner cleanup, enrich listing, or suppress if abusive"
"review_listing_quality","normal","101-construct-scottsdale-85260-097990a","","","101 Construct","missing contact path | no website or booking URL","","request owner cleanup, enrich listing, or suppress if abusive"
"review_listing_quality","normal","101-smoke-and-cigar-scottsdale-85260-628d14c","","","101 Smoke And Cigar","missing contact path | no website or booking URL","","request owner cleanup, enrich listing, or suppress if abusive"
"review_listing_quality","normal","101-smoke-shop-scottsdale-85260-a48914b","","","101 Smoke Shop","missing contact path | no website or booking URL","","request owner cleanup, enrich listing, or suppress if abusive"
"review_listing_quality","normal","101-spay-and-neuter-clinic-scottsdale-85257-6079630","","","101 Spay And Neuter Clinic","missing contact path | no website or booking URL","","request owner cleanup, enrich listing, or suppress if abusive"
"review_listing_quality","normal","10405-scottsdale-plaza-llc-scottsdale-85253-ab3c063","","","10405 Scottsdale Plaza Llc","missing contact path | no website or booking URL","","request owner cleanup, enrich listing, or suppress if abusive"
"review_listing_quality","normal","10818-n-scottsdale-llc-scottsdale-85254-2ad62db","","","10818 N Scottsdale Llc","missing contact path | no website or booking URL","","request owner cleanup, enrich listing, or suppress if abusive"
"review_listing_quality","normal","10th-ave-ventures-scottsdale-85250-98d275d","","","10Th Ave Ventures","missing contact path | no website or booking URL","","request owner cleanup, enrich listing, or suppress if abusive"
"review_listing_quality","normal","10th-planet-jiu-jitsu-phoenix-mesa-85203-d14c554","","","10Th Planet Jiu-Jitsu Phoenix","missing contact path | no website or booking URL","","request owner cleanup, enrich listing, or suppress if abusive"
"review_listing_quality","normal","10x-health-system-scottsdale-85250-79c52cf","","","10X Health System","missing contact path | no website or booking URL","","request owner cleanup, enrich listing, or suppress if abusive"
"review_listing_quality","normal","10x-health-system-scottsdale-85251-a978b7a","","","10X Health System","missing contact path | no website or booking URL","","request owner cleanup, enrich listing, or suppress if abusive"
"review_listing_quality","normal","10x-health-system-scottsdale-85254-92394bf","","","10X Health System","missing contact path | no website or booking URL","","request owner cleanup, enrich listing, or suppress if abusive"
"review_listing_quality","normal","11-11-scottsdale-85251-e4fc03d","","","11:11","missing contact path | no website or booking URL","","request owner cleanup, enrich listing, or suppress if abusive"
"review_listing_quality","normal","1117-university-llc-mesa-85201-b550360","","","1117 University Llc","missing contact path | no website or booking URL","","request owner cleanup, enrich listing, or suppress if abusive"
"review_listing_quality","normal","1123-university-llc-mesa-85201-75fdbd0","","","1123 University Llc","missing contact path | no website or booking URL","","request owner cleanup, enrich listing, or suppress if abusive"
"review_listing_quality","normal","11333-piedmont-llc-preg-temecula-llc-scottsdale-85254-04fe225","","","11333 Piedmont Llc/Preg Temecula Llc","missing contact path | no website or booking URL","","request owner cleanup, enrich listing, or suppress if abusive"
"review_listing_quality","normal","1137sr-llc-scottsdale-85255-b4068dd","","","1137Sr Llc","missing contact path | no website or booking URL","","request owner cleanup, enrich listing, or suppress if abusive"
"review_listing_quality","normal","1215sr-llc-scottsdale-85257-3408-55d06d5","","","1215Sr Llc","missing contact path | no website or booking URL","","request owner cleanup, enrich listing, or suppress if abusive"
"review_listing_quality","normal","123-remodeling-scottsdale-85260-852735d","","","123 Remodeling","missing contact path | no website or booking URL","","request owner cleanup, enrich listing, or suppress if abusive"
"review_listing_quality","normal","1257-properties-llc-scottsdale-85260-cf84987","","","1257 Properties Llc","missing contact path | no website or booking URL","","request owner cleanup, enrich listing, or suppress if abusive"
"review_listing_quality","normal","127-power-llc-mesa-85215-403259e","","","127 Power Llc","missing contact path | no website or booking URL","","request owner cleanup, enrich listing, or suppress if abusive"
"review_listing_quality","normal","128-power-llc-mesa-85215-b5ab260","","","128 Power Llc","missing contact path | no website or booking URL","","request owner cleanup, enrich listing, or suppress if abusive"
"review_listing_quality","normal","12th-round-fit-scottsdale-85257-1320-b30ecca","","","12Th Round Fit","missing contact path | no website or booking URL","","request owner cleanup, enrich listing, or suppress if abusive"
"review_listing_quality","normal","12th-street-kf-llc-scottsdale-85254-212c911","","","12Th Street Kf Llc","missing contact path | no website or booking URL","","request owner cleanup, enrich listing, or suppress if abusive"
"review_listing_quality","normal","1301-w-university-drive-llc-mesa-85201-813adf8","","","1301 W. University Drive Llc","missing contact path | no website or booking URL","","request owner cleanup, enrich listing, or suppress if abusive"
"review_listing_quality","normal","13845-north-scottsdale-road-llc-scottsdale-85254-3432-ef799f9","","","13845 North Scottsdale Road Llc","missing contact path | no website or booking URL","","request owner cleanup, enrich listing, or suppress if abusive"
"review_listing_quality","normal","14200-n-northsight-blvd-140-llc-scottsdale-85260-57dfddf","","","14200 N Northsight Blvd #140 Llc","missing contact path | no website or booking URL","","request owner cleanup, enrich listing, or suppress if abusive"
"review_listing_quality","normal","14201-hayden-llc-scottsdale-85260-2929-c201ccc","","","14201 Hayden Llc","missing contact path | no website or booking URL","","request owner cleanup, enrich listing, or suppress if abusive"
"review_listing_quality","normal","14201-n-hayden-b-1-llc-scottsdale-85260-2b26eb4","","","14201 N Hayden B-1 Llc","missing contact path | no website or booking URL","","request owner cleanup, enrich listing, or suppress if abusive"
"review_listing_quality","normal","14555-n-scottsdale-rd-lp-scottsdale-85254-3400-59ad008","","","14555 N Scottsdale Rd Lp","missing contact path | no website or booking URL","","request owner cleanup, enrich listing, or suppress if abusive"
"review_listing_quality","normal","14605-n-73rd-street-llc-scottsdale-85260-724c948","","","14605 N 73Rd Street Llc","missing contact path | no website or booking URL","","request owner cleanup, enrich listing, or suppress if abusive"
"review_listing_quality","normal","14939-n-northsight-blvd-llc-scottsdale-85260-f3577be","","","14939 N Northsight Blvd Llc","missing contact path | no website or booking URL","","request owner cleanup, enrich listing, or suppress if abusive"
"review_listing_quality","normal","15100-llc-scottsdale-85260-a8b099c","","","15100 Llc","missing contact path | no website or booking URL","","request owner cleanup, enrich listing, or suppress if abusive"
"review_listing_quality","normal","15220-n-75th-st-llc-scottsdale-85260-2495-7be5405","","","15220 N 75Th St Llc","missing contact path | no website or booking URL","","request owner cleanup, enrich listing, or suppress if abusive"
"review_listing_quality","normal","15223-northsight-blvd-llc-scottsdale-85260-2639-39ed45c","","","15223 Northsight Blvd Llc","missing contact path | no website or booking URL","","request owner cleanup, enrich listing, or suppress if abusive"
"review_listing_quality","normal","15231-n-87th-street-partners-llc-scottsdale-85260-4ebbf29","","","15231 N 87Th Street Partners Llc","missing contact path | no website or booking URL","","request owner cleanup, enrich listing, or suppress if abusive"
"review_listing_quality","normal","15600-n-hayden-llc-scottsdale-85260-1924-9438d83","","","15600 N Hayden Llc","missing contact path | no website or booking URL","","request owner cleanup, enrich listing, or suppress if abusive"
"review_listing_quality","normal","15650-northsight-llc-scottsdale-85260-1933-5182bca","","","15650 Northsight Llc","missing contact path | no website or booking URL","","request owner cleanup, enrich listing, or suppress if abusive"
"review_listing_quality","normal","15750-n-northsight-llc-scottsdale-85260-5d244e8","","","15750 N Northsight Llc","missing contact path | no website or booking URL","","request owner cleanup, enrich listing, or suppress if abusive"
"review_listing_quality","normal","15955-dial-rd-llc-scottsdale-85260-1211-ec8702c","","","15955 Dial Rd Llc","missing contact path | no website or booking URL","","request owner cleanup, enrich listing, or suppress if abusive"
"review_listing_quality","normal","16-22-114-llc-scottsdale-85259-4939-4eee653","","","16-22-114 Llc","missing contact path | no website or booking URL","","request owner cleanup, enrich listing, or suppress if abusive"
"review_listing_quality","normal","16454-n-91st-street-a-llc-scottsdale-85260-1570-4aa8382","","","16454 N 91St Street A Llc","missing contact path | no website or booking URL","","request owner cleanup, enrich listing, or suppress if abusive"
"review_listing_quality","normal","16573-n-92nd-st-120-lp-scottsdale-85260-e2656cd","","","16573 N 92Nd St #120 Lp","missing contact path | no website or booking URL","","request owner cleanup, enrich listing, or suppress if abusive"
"review_listing_quality","normal","168-retail-mesa-85209-7d24d32","","","168 Retail","missing contact path | no website or booking URL","","request owner cleanup, enrich listing, or suppress if abusive"
"review_listing_quality","normal","17015-n-scottsdale-road-llc-scottsdale-85255-b60cd38","","","17015 N Scottsdale Road Llc","missing contact path | no website or booking URL","","request owner cleanup, enrich listing, or suppress if abusive"
"review_listing_quality","normal","17207-perimeter-dr-llc-scottsdale-85255-a636b5e","","","17207 Perimeter Dr Llc","missing contact path | no website or booking URL","","request owner cleanup, enrich listing, or suppress if abusive"
"review_listing_quality","normal","1784-holdings-llc-scottsdale-85258-247f78e","","","1784 Holdings Llc","missing contact path | no website or booking URL","","request owner cleanup, enrich listing, or suppress if abusive"
"review_listing_quality","normal","18-degree-neighborhood-grill-scottsdale-85260-5f8256c","","","18 Degree Neighborhood Grill","missing contact path | no website or booking URL","","request owner cleanup, enrich listing, or suppress if abusive"
"review_listing_quality","normal","18-degrees-scottsdale-85260-1541-2e040d5","","","18 Degrees","missing contact path | no website or booking URL","","request owner cleanup, enrich listing, or suppress if abusive"
"review_listing_quality","normal","18-8-fine-men-s-salon-scottsdale-85251-1283-524e706","","","18/8 Fine Men'S Salon","missing contact path | no website or booking URL","","request owner cleanup, enrich listing, or suppress if abusive"
"review_listing_quality","normal","180-degrees-beauty-health-and-wellness-scottsdale-85253-5417-d7d082d","","","180 Degrees Beauty Health & Wellness","missing contact path | no website or booking URL","","request owner cleanup, enrich listing, or suppress if abusive"
"review_listing_quality","normal","1818-fine-men-s-salons-scottsdale-85255-4484-6f3a2c1","","","1818 Fine Men'S Salons","missing contact path | no website or booking URL","","request owner cleanup, enrich listing, or suppress if abusive"
"review_listing_quality","normal","18615-claret-drive-llc-scottsdale-85255-3febeef","","","18615 Claret Drive Llc","missing contact path | no website or booking URL","","request owner cleanup, enrich listing, or suppress if abusive"
"review_listing_quality","normal","18700-hayden-road-llc-scottsdale-85255-61b98f8","","","18700 Hayden Road Llc","missing contact path | no website or booking URL","","request owner cleanup, enrich listing, or suppress if abusive"
"review_listing_quality","normal","18750-n-hayden-road-llc-scottsdale-85255-574e432","","","18750 N Hayden Road Llc","missing contact path | no website or booking URL","","request owner cleanup, enrich listing, or suppress if abusive"
"review_listing_quality","normal","190-west-st-james-llc-scottsdale-85255-7c12746","","","190 West St James Llc","missing contact path | no website or booking URL","","request owner cleanup, enrich listing, or suppress if abusive"
"review_listing_quality","normal","1900-building-lllp-scottsdale-85260-e327ae5","","","1900 Building Lllp","missing contact path | no website or booking URL","","request owner cleanup, enrich listing, or suppress if abusive"
"review_listing_quality","normal","19th-avenue-design-llc-scottsdale-85260-1acd129","","","19Th Avenue Design Llc","missing contact path | no website or booking URL","","request owner cleanup, enrich listing, or suppress if abusive"
"review_listing_quality","normal","19th-donut-hole-mesa-85213-8f732c4","","","19Th Donut Hole","missing contact path | no website or booking URL","","request owner cleanup, enrich listing, or suppress if abusive"
"review_listing_quality","normal","1a-smart-start-inc-scottsdale-85260-6943-323c971","","","1A Smart Start Inc","missing contact path | no website or booking URL","","request owner cleanup, enrich listing, or suppress if abusive"
"review_listing_quality","normal","1heart-caregiver-services-scottsdale-85260-c3fe1bd","","","1Heart Caregiver Services","missing contact path | no website or booking URL","","request owner cleanup, enrich listing, or suppress if abusive"
"review_listing_quality","normal","1st-and-75th-llc-scottsdale-85251-4521-bb495f1","","","1St & 75Th Llc","missing contact path | no website or booking URL","","request owner cleanup, enrich listing, or suppress if abusive"
"review_listing_quality","normal","1st-academy-preschool-and-childcare-mesa-85202-7000c5f","","","1St Academy Preschool And Childcare","missing contact path | no website or booking URL","","request owner cleanup, enrich listing, or suppress if abusive"
"review_listing_quality","normal","1st-care-medical-clinic-mesa-85204-21c6a85","","","1St Care Medical Clinic","missing contact path | no website or booking URL","","request owner cleanup, enrich listing, or suppress if abusive"
"review_listing_quality","normal","1st-care-medical-spa-mesa-85204-6506c4f","","","1St Care Medical Spa","missing contact path | no website or booking URL","","request owner cleanup, enrich listing, or suppress if abusive"
"review_listing_quality","normal","1st-scottsdale-dental-scottsdale-85258-54535d1","","","1St Scottsdale Dental","missing contact path | no website or booking URL","","request owner cleanup, enrich listing, or suppress if abusive"
"review_listing_quality","normal","1up-games-llc-mesa-85210-a1f163c","","","1Up Games, Llc","missing contact path | no website or booking URL","","request owner cleanup, enrich listing, or suppress if abusive"
"review_listing_quality","high","1up-tech-llc-phoenix-metro-home-based-business-532325e","","","1Up Tech Llc","missing contact path | no website or booking URL | no physical address or coordinates","","request owner cleanup, enrich listing, or suppress if abusive"
"review_listing_quality","normal","2-change-hair-design-scottsdale-85258-1800-01df1bc","","","2 Change Hair Design","missing contact path | no website or booking URL","","request owner cleanup, enrich listing, or suppress if abusive"
"review_listing_quality","normal","2-links-permanent-jewelry-mesa-85209-52666cd","","","2 Links Permanent Jewelry","missing contact path | no website or booking URL","","request owner cleanup, enrich listing, or suppress if abusive"
"review_listing_quality","normal","20-pima-plaza-llc-scottsdale-85251-4404-d217f65","","","20 Pima Plaza Llc","missing contact path | no website or booking URL","","request owner cleanup, enrich listing, or suppress if abusive"
"review_listing_quality","normal","20-20-image-eye-center-scottsdale-85260-7323-6bcc231","","","20/20 Image Eye Center","missing contact path | no website or booking URL","","request owner cleanup, enrich listing, or suppress if abusive"
"review_listing_quality","normal","20-20-scottsdale-scottsdale-85260-917cf7f","","","20/20 Scottsdale","missing contact path | no website or booking URL","","request owner cleanup, enrich listing, or suppress if abusive"
"review_listing_quality","normal","2011-llc-scottsdale-85257-789a7cb","","","2011 Llc","missing contact path | no website or booking URL","","request owner cleanup, enrich listing, or suppress if abusive"
"review_listing_quality","normal","2020-mobile-corp-mesa-85206-0c01968","","","2020 Mobile Corp","missing contact path | no website or booking URL","","request owner cleanup, enrich listing, or suppress if abusive"
"review_listing_quality","normal","2020-nails-and-spa-scottsdale-85251-ae4b7ea","","","2020 Nails And Spa","missing contact path | no website or booking URL","","request owner cleanup, enrich listing, or suppress if abusive"
"review_listing_quality","high","2021-phoenix-metro-home-based-business-c40fe72","","","2021","missing contact path | no website or booking URL | no physical address or coordinates","","request owner cleanup, enrich listing, or suppress if abusive"
"review_listing_quality","normal","20pn-llc-scottsdale-85259-37c8f7b","","","20Pn Llc","missing contact path | no website or booking URL","","request owner cleanup, enrich listing, or suppress if abusive"
"review_listing_quality","normal","21-degree-cigar-scottsdale-85260-7685c81","","","21 Degree Cigar","missing contact path | no website or booking URL","","request owner cleanup, enrich listing, or suppress if abusive"
"review_listing_quality","normal","21-interiors-scottsdale-85260-921fc6a","","","21 Interiors","missing contact path | no website or booking URL","","request owner cleanup, enrich listing, or suppress if abusive"
"review_listing_quality","normal","21050-north-pima-building-d-llc-scottsdale-85255-16f5e15","","","21050 North Pima Building D Llc","missing contact path | no website or booking URL","","request owner cleanup, enrich listing, or suppress if abusive"
"review_listing_quality","normal","212-platinum-motors-scottsdale-85260-ad2f59e","","","212 Platinum Motors","missing contact path | no website or booking URL","","request owner cleanup, enrich listing, or suppress if abusive"
"review_listing_quality","normal","21819-n-scottsdale-road-llc-scottsdale-85255-7442-4ee3e05","","","21819 N Scottsdale Road Llc","missing contact path | no website or booking URL","","request owner cleanup, enrich listing, or suppress if abusive"
"review_listing_quality","normal","224-apparel-and-design-scottsdale-85251-1255-8530f56","","","224 Apparel & Design","missing contact path | no website or booking URL","","request owner cleanup, enrich listing, or suppress if abusive"
"review_listing_quality","high","230-ironwood-llc-scottsdale-85258-1d34b80","","","230 Ironwood Llc","missing contact path | no website or booking URL | auto-merged duplicate: name_city_zip:230-ironwood-scottsdale-85258","","request owner cleanup, enrich listing, or suppress if abusive"
"review_listing_quality","normal","2302-n-scottsdale-rd-llc-scottsdale-85257-2100-5a23bd9","","","2302 N Scottsdale Rd Llc","missing contact path | no website or booking URL","","request owner cleanup, enrich listing, or suppress if abusive"
"review_listing_quality","normal","24-hour-home-health-llc-scottsdale-85255-7532-5460119","","","24 Hour Home Health Llc","missing contact path | no website or booking URL","","request owner cleanup, enrich listing, or suppress if abusive"
"review_listing_quality","normal","243-power-road-llc-mesa-85207-8cedba6","","","243 Power Road Llc","missing contact path | no website or booking URL","","request owner cleanup, enrich listing, or suppress if abusive"
"review_listing_quality","normal","24hr-homecare-arizona-llc-scottsdale-85251-3325-ac25c03","","","24Hr Homecare Arizona Llc","missing contact path | no website or booking URL","","request owner cleanup, enrich listing, or suppress if abusive"
"review_listing_quality","normal","24k-nail-lounge-mesa-85206-66a8b47","","","24K Nail Lounge","missing contact path | no website or booking URL","","request owner cleanup, enrich listing, or suppress if abusive"
"review_listing_quality","normal","25-n-alma-school-llc-mesa-85201-b10a845","","","25 N Alma School Llc","missing contact path | no website or booking URL","","request owner cleanup, enrich listing, or suppress if abusive"
"review_listing_quality","normal","2748134-canada-inc-scottsdale-85259-99c0a20","","","2748134 Canada Inc","missing contact path | no website or booking URL","","request owner cleanup, enrich listing, or suppress if abusive"
"review_listing_quality","normal","2812-north-norwalk-llc-mesa-85215-56ed405","","","2812 North Norwalk Llc","missing contact path | no website or booking URL","","request owner cleanup, enrich listing, or suppress if abusive"
"review_listing_quality","normal","2933-building-llc-scottsdale-85251-c2ab9f1","","","2933 Building Llc","missing contact path | no website or booking URL","","request owner cleanup, enrich listing, or suppress if abusive"
"review_listing_quality","normal","2b-clean-cs-mesa-85213-266e610","","","2B Clean Cs","missing contact path | no website or booking URL","","request owner cleanup, enrich listing, or suppress if abusive"
"review_listing_quality","normal","2d-semiconductors-scottsdale-85251-8323f1e","","","2D Semiconductors","missing contact path | no website or booking URL","","request owner cleanup, enrich listing, or suppress if abusive"
"review_listing_quality","high","2low-inc-phoenix-metro-home-based-business-21b84cb","","","2Low Inc","missing contact path | no website or booking URL | no physical address or coordinates","","request owner cleanup, enrich listing, or suppress if abusive"
"review_listing_quality","normal","2nd-ave-commons-mesa-85210-65479d2","","","2Nd Ave Commons","missing contact path | no website or booking URL","","request owner cleanup, enrich listing, or suppress if abusive"
"review_listing_quality","normal","2nd-sdale-llc-scottsdale-85251-59ceb93","","","2Nd Sdale Llc","missing contact path | no website or booking URL","","request owner cleanup, enrich listing, or suppress if abusive"
"review_listing_quality","normal","2nd-swing-golf-scottsdale-85260-d715e49","","","2Nd Swing Golf","missing contact path | no website or booking URL","","request owner cleanup, enrich listing, or suppress if abusive"
"review_listing_quality","high","2utire-llc-phoenix-metro-automotive-services-9b58f55","","","2Utire Llc","missing contact path | no website or booking URL | no physical address or coordinates","","request owner cleanup, enrich listing, or suppress if abusive"
"review_listing_quality","normal","3-brothers-food-mart-mesa-85204-d50b595","","","3 Brothers Food Mart","missing contact path | no website or booking URL","","request owner cleanup, enrich listing, or suppress if abusive"
"review_listing_quality","high","3-d-masonry-llc-phoenix-metro-home-based-business-2fe59f6","","","3 D Masonry Llc","missing contact path | no website or booking URL | no physical address or coordinates","","request owner cleanup, enrich listing, or suppress if abusive"
"review_listing_quality","normal","3-day-blinds-scottsdale-85260-3466-1936fb1","","","3 Day Blinds","missing contact path | no website or booking URL","","request owner cleanup, enrich listing, or suppress if abusive"
"review_listing_quality","normal","3-engineering-llc-scottsdale-85251-3e411f3","","","3 Engineering Llc","missing contact path | no website or booking URL","","request owner cleanup, enrich listing, or suppress if abusive"
"review_listing_quality","normal","3-palms-resort-oasis-llc-scottsdale-85257-3743-b1a6dc8","","","3 Palms Resort Oasis Llc","missing contact path | no website or booking URL","","request owner cleanup, enrich listing, or suppress if abusive"
"review_listing_quality","high","3-sons-electric-llc-phoenix-metro-contractor-home-service-a8ae25a","","","3 Sons Electric, Llc","missing contact path | no website or booking URL | no physical address or coordinates","","request owner cleanup, enrich listing, or suppress if abusive"
"review_listing_quality","normal","3-v-k-elle-nails-scottsdale-85258-5328-97f86e9","","","3 V-K Elle Nails","missing contact path | no website or booking URL","","request owner cleanup, enrich listing, or suppress if abusive"
"review_listing_quality","normal","3-d-innovation-sc0ttsdale-scottsdale-85251-1227-b792e10","","","3-D Innovation -Sc0Ttsdale","missing contact path | no website or booking URL","","request owner cleanup, enrich listing, or suppress if abusive"
"review_listing_quality","normal","3014-n-civic-center-plaza-scottsdale-85251-7db253c","","","3014 N Civic Center Plaza","missing contact path | no website or booking URL","","request owner cleanup, enrich listing, or suppress if abusive"
"review_listing_quality","normal","309-sports-lounge-mesa-85202-798ebc1","","","309 Sports Lounge","missing contact path | no website or booking URL","","request owner cleanup, enrich listing, or suppress if abusive"
"review_listing_quality","normal","3134-civic-center-llc-scottsdale-85251-0f5c045","","","3134 Civic Center Llc","missing contact path | no website or booking URL","","request owner cleanup, enrich listing, or suppress if abusive"
"review_listing_quality","normal","32-perfect-dental-care-scottsdale-85260-6661-994e8ad","","","32 Perfect Dental Care","missing contact path | no website or booking URL","","request owner cleanup, enrich listing, or suppress if abusive"
"review_listing_quality","normal","321-gang-inc-scottsdale-85260-6674657","","","321 Gang Inc","missing contact path | no website or booking URL","","request owner cleanup, enrich listing, or suppress if abusive"
"review_listing_quality","normal","33-degrees-corporate-services-llc-scottsdale-85260-38d641b","","","33 Degrees Corporate Services Llc","missing contact path | no website or booking URL","","request owner cleanup, enrich listing, or suppress if abusive"
"review_listing_quality","normal","3301-miller-llc-scottsdale-85251-7b23e7e","","","3301 Miller Llc","missing contact path | no website or booking URL","","request owner cleanup, enrich listing, or suppress if abusive"
"review_listing_quality","normal","333-infinite-revelations-scottsdale-85251-2668-d6c984b","","","333.Infinite.Revelations","missing contact path | no website or booking URL","","request owner cleanup, enrich listing, or suppress if abusive"
"review_listing_quality","normal","3337-n-miller-llc-scottsdale-85251-6436-b840e24","","","3337 N Miller Llc","missing contact path | no website or booking URL","","request owner cleanup, enrich listing, or suppress if abusive"
"review_listing_quality","high","336-beverly-llc-phoenix-metro-home-based-business-25815f6","","","336 Beverly Llc","missing contact path | no website or booking URL | no physical address or coordinates","","request owner cleanup, enrich listing, or suppress if abusive"
"review_listing_quality","normal","33rd-parallel-defense-scottsdale-85253-9fc9ce4","","","33Rd Parallel Defense","missing contact path | no website or booking URL","","request owner cleanup, enrich listing, or suppress if abusive"
"review_listing_quality","normal","344-beverly-llc-mesa-85201-b22c7bc","","","344 Beverly Llc","missing contact path | no website or booking URL","","request owner cleanup, enrich listing, or suppress if abusive"
"review_listing_quality","high","345-office-team-llc-phoenix-metro-business-professional-services-a329f97","","","345 Office Team Llc","missing contact path | no website or booking URL | no physical address or coordinates","","request owner cleanup, enrich listing, or suppress if abusive"
"review_listing_quality","normal","356-beverly-llc-mesa-85201-7ed7275","","","356 Beverly Llc","missing contact path | no website or booking URL","","request owner cleanup, enrich listing, or suppress if abusive"
"review_listing_quality","normal","360-cloud-apps-llc-scottsdale-85257-3ca2d41","","","360 Cloud Apps Llc","missing contact path | no website or booking URL","","request owner cleanup, enrich listing, or suppress if abusive"
"review_listing_quality","normal","360-cloud-solutions-scottsdale-85257-3538-a156051","","","360 Cloud Solutions","missing contact path | no website or booking URL","","request owner cleanup, enrich listing, or suppress if abusive"
"review_listing_quality","normal","360-design-and-art-group-llc-scottsdale-85258-346580a","","","360 Design & Art Group Llc","missing contact path | no website or booking URL","","request owner cleanup, enrich listing, or suppress if abusive"
"review_listing_quality","normal","360-designs-kitchen-and-bath-mesa-85213-571eb88","","","360 Designs Kitchen And Bath","missing contact path | no website or booking URL","","request owner cleanup, enrich listing, or suppress if abusive"
"review_listing_quality","high","360-home-services-llc-phoenix-metro-home-based-business-c3ef1f5","","","360 Home Services Llc","missing contact path | no website or booking URL | no physical address or coordinates","","request owner cleanup, enrich listing, or suppress if abusive"
"review_listing_quality","normal","360-mechanical-scottsdale-85260-7aa0f51","","","360 Mechanical","missing contact path | no website or booking URL","","request owner cleanup, enrich listing, or suppress if abusive"
"review_listing_quality","normal","360-physical-therapy-scottsdale-85257-720e8b9","","","360 Physical Therapy","missing contact path | no website or booking URL","","request owner cleanup, enrich listing, or suppress if abusive"
"review_listing_quality","normal","360-physical-therapy-scottsdale-85260-db9300e","","","360 Physical Therapy","missing contact path | no website or booking URL","","request owner cleanup, enrich listing, or suppress if abusive"
"review_listing_quality","normal","360-physical-therapy-llc-mesa-85209-f2337de","","","360 Physical Therapy Llc","missing contact path | no website or booking URL","","request owner cleanup, enrich listing, or suppress if abusive"
"review_listing_quality","normal","360-physical-therapy-llc-mesa-85206-824dc8c","","","360 Physical Therapy Llc","missing contact path | no website or booking URL","","request owner cleanup, enrich listing, or suppress if abusive"
"review_listing_quality","normal","360-thrift-stores-mesa-85204-d17b701","","","360 Thrift Stores","missing contact path | no website or booking URL","","request owner cleanup, enrich listing, or suppress if abusive"
"review_listing_quality","normal","360-thrift-stores-mesa-85209-3b73336","","","360 Thrift Stores","missing contact path | no website or booking URL","","request owner cleanup, enrich listing, or suppress if abusive"
"review_listing_quality","normal","360-wealth-management-inc-scottsdale-85262-ff86460","","","360 Wealth Management Inc","missing contact path | no website or booking URL","","request owner cleanup, enrich listing, or suppress if abusive"
"review_listing_quality","normal","3654-n-power-rd-llc-mesa-85215-6b1c87a","","","3654 N Power Rd, Llc","missing contact path | no website or booking URL","","request owner cleanup, enrich listing, or suppress if abusive"
"review_listing_quality","high","3f-assisted-living-phoenix-metro-home-based-business-1dfae81","","","3F Assisted Living","missing contact path | no website or booking URL | no physical address or coordinates","","request owner cleanup, enrich listing, or suppress if abusive"
"review_listing_quality","normal","3genwealth-scottsdale-85251-75ce7db","","","3Genwealth","missing contact path | no website or booking URL","","request owner cleanup, enrich listing, or suppress if abusive"
"review_listing_quality","normal","3m-company-scottsdale-85259-f3986ce","","","3M Company","missing contact path | no website or booking URL","","request owner cleanup, enrich listing, or suppress if abusive"
"review_listing_quality","normal","3m3-creations-mesa-85201-77003df","","","3M3 Creations","missing contact path | no website or booking URL","","request owner cleanup, enrich listing, or suppress if abusive"
"review_listing_quality","high","3rd-batt-arms-llc-phoenix-metro-home-based-business-73c0cd1","","","3Rd Batt Arms Llc","missing contact path | no website or booking URL | no physical address or coordinates","","request owner cleanup, enrich listing, or suppress if abusive"
"review_listing_quality","normal","3rd-story-scottsdale-85260-1224-6eee25b","","","3Rd Story","missing contact path | no website or booking URL","","request owner cleanup, enrich listing, or suppress if abusive"
"review_listing_quality","normal","3rd-story-architecture-scottsdale-85255-4ed7bec","","","3Rd Story Architecture","missing contact path | no website or booking URL","","request owner cleanup, enrich listing, or suppress if abusive"
"review_listing_quality","normal","3rp-scottsdale-85260-3006-0167bea","","","3Rp","missing contact path | no website or booking URL","","request owner cleanup, enrich listing, or suppress if abusive"
"review_listing_quality","normal","3t-fitness-mesa-85209-70224d0","","","3T Fitness","missing contact path | no website or booking URL","","request owner cleanup, enrich listing, or suppress if abusive"
"review_listing_quality","normal","3t-properties-and-investment-co-lp-scottsdale-85254-5430976","","","3T Properties & Investment Co Lp","missing contact path | no website or booking URL","","request owner cleanup, enrich listing, or suppress if abusive"
"review_listing_quality","normal","3t-properties-and-investment-co-lp-scottsdale-85250-4cf3443","","","3T Properties & Investment Co Lp","missing contact path | no website or booking URL","","request owner cleanup, enrich listing, or suppress if abusive"
"review_listing_quality","high","3thirteen-llc-phoenix-metro-home-based-business-cd1cb4e","","","3Thirteen, Llc","missing contact path | no website or booking URL | no physical address or coordinates","","request owner cleanup, enrich listing, or suppress if abusive"
"review_listing_quality","normal","4-amigos-properties-llc-mesa-85207-281c232","","","4 Amigos Properties Llc","missing contact path | no website or booking URL","","request owner cleanup, enrich listing, or suppress if abusive"
"review_listing_quality","normal","4-paws-pet-resort-mesa-85215-aaf3c5d","","","4 Paws Pet Resort","missing contact path | no website or booking URL","","request owner cleanup, enrich listing, or suppress if abusive"
"review_listing_quality","normal","4-sons-food-store-512-scottsdale-85259-bda3c8f","","","4 Sons Food Store #512","missing contact path | no website or booking URL","","request owner cleanup, enrich listing, or suppress if abusive"
"review_listing_quality","normal","4-sons-store-510-mesa-85202-082c9f5","","","4 Sons Store #510","missing contact path | no website or booking URL","","request owner cleanup, enrich listing, or suppress if abusive"
"review_listing_quality","normal","4-the-love-of-self-mesa-85210-a43a73a","","","4 The Love Of Self","missing contact path | no website or booking URL","","request owner cleanup, enrich listing, or suppress if abusive"
"review_listing_quality","normal","4-the-love-of-self-mesa-85202-4df149b","","","4 The Love Of Self","missing contact path | no website or booking URL","","request owner cleanup, enrich listing, or suppress if abusive"
"review_listing_quality","normal","4-your-health-massage-and-colon-therapy-scottsdale-85250-6080-a0413e0","","","4 Your Health Massage And Colon Therapy","missing contact path | no website or booking URL","","request owner cleanup, enrich listing, or suppress if abusive"
"review_listing_quality","normal","4-e-painting-llc-mesa-85203-e5b0fee","","","4-E Painting Llc","missing contact path | no website or booking URL","","request owner cleanup, enrich listing, or suppress if abusive"
"review_listing_quality","high","40-love-scottsdale-85251-ee0edb8","","","40 Love","missing contact path | no website or booking URL | auto-merged duplicate: name_address:40-love-7117-e-6th-av-scottsdale","","request owner cleanup, enrich listing, or suppress if abusive"
"review_listing_quality","high","41-north-contractors-scottsdale-85258-4f817ee","","","41 North Contractors","missing contact path | no website or booking URL | auto-merged duplicate: name_address:41-north-contractors-7975-n-hayden-d363-scottsdale","","request owner cleanup, enrich listing, or suppress if abusive"
"review_listing_quality","normal","4110-old-town-llc-scottsdale-85251-0c1f174","","","4110 Old Town Llc","missing contact path | no website or booking URL","","request owner cleanup, enrich listing, or suppress if abusive"
"review_listing_quality","normal","4141-n-scottsdale-llc-scottsdale-85251-0dc7b63","","","4141 N Scottsdale Llc","missing contact path | no website or booking URL","","request owner cleanup, enrich listing, or suppress if abusive"
"review_listing_quality","normal","4180-n-drinkwater-dp201-scottsdale-85251-3971-7f6c03b","","","4180 N Drinkwater - Dp201","missing contact path | no website or booking URL","","request owner cleanup, enrich listing, or suppress if abusive"
"review_listing_quality","normal","41north-contractors-scottsdale-85258-dbfd93f","","","41North Contractors","missing contact path | no website or booking URL","","request owner cleanup, enrich listing, or suppress if abusive"
"review_listing_quality","normal","4200-marshall-way-llc-scottsdale-85251-aba3b7f","","","4200 Marshall Way Llc","missing contact path | no website or booking URL","","request owner cleanup, enrich listing, or suppress if abusive"
"review_listing_quality","normal","4215-n-winfield-scott-llc-scottsdale-85251-3905-a981727","","","4215 N Winfield Scott Llc","missing contact path | no website or booking URL","","request owner cleanup, enrich listing, or suppress if abusive"
"review_listing_quality","normal","4223-marshall-way-llc-scottsdale-85251-3235-d1eefac","","","4223 Marshall Way Llc","missing contact path | no website or booking URL","","request owner cleanup, enrich listing, or suppress if abusive"
"review_listing_quality","normal","4225-marshall-way-llc-scottsdale-85251-3203-7f0232a","","","4225 Marshall Way Llc","missing contact path | no website or booking URL","","request owner cleanup, enrich listing, or suppress if abusive"
"review_listing_quality","normal","4228-craftsman-court-llc-scottsdale-85251-6dda347","","","4228 Craftsman Court Llc","missing contact path | no website or booking URL","","request owner cleanup, enrich listing, or suppress if abusive"
"review_listing_quality","normal","4232-n-brown-ave-llc-scottsdale-85251-3996-b0933ff","","","4232 N Brown Ave Llc","missing contact path | no website or booking URL","","request owner cleanup, enrich listing, or suppress if abusive"
"review_listing_quality","normal","4234-craftsman-court-llc-scottsdale-85251-3202-17e8bf0","","","4234 Craftsman Court Llc","missing contact path | no website or booking URL","","request owner cleanup, enrich listing, or suppress if abusive"
"review_listing_quality","normal","4235-brown-avenue-llc-scottsdale-85251-3913-3424550","","","4235 Brown Avenue Llc","missing contact path | no website or booking URL","","request owner cleanup, enrich listing, or suppress if abusive"
"review_listing_quality","normal","42brown-collaborative-workspace-scottsdale-85251-3928-8acfcee","","","42Brown Collaborative Workspace","missing contact path | no website or booking URL","","request owner cleanup, enrich listing, or suppress if abusive"
"review_listing_quality","normal","43-east-llc-mesa-85210-b2debe2","","","43 East Llc","missing contact path | no website or booking URL","","request owner cleanup, enrich listing, or suppress if abusive"
"review_listing_quality","normal","4301-n-75th-street-llc-scottsdale-85251-4c21592","","","4301 N 75Th Street Llc","missing contact path | no website or booking URL","","request owner cleanup, enrich listing, or suppress if abusive"
"review_listing_quality","normal","4400-canyon-properties-llp-scottsdale-85251-3dff1e6","","","4400 Canyon Properties Llp","missing contact path | no website or booking URL","","request owner cleanup, enrich listing, or suppress if abusive"
"review_listing_quality","normal","441-robson-hangar-llc-mesa-85210-a697bbc","","","441 Robson Hangar Llc","missing contact path | no website or booking URL","","request owner cleanup, enrich listing, or suppress if abusive"
"review_listing_quality","normal","4414-n-civic-center-scottsdale-85251-31e11ae","","","4414 N Civic Center","missing contact path | no website or booking URL","","request owner cleanup, enrich listing, or suppress if abusive"
"review_listing_quality","normal","4422-n-civic-center-llc-scottsdale-85251-3574-c027c36","","","4422 N Civic Center Llc","missing contact path | no website or booking URL","","request owner cleanup, enrich listing, or suppress if abusive"
"review_listing_quality","normal","4430-n-civic-center-llc-scottsdale-85251-d476da1","","","4430 N Civic Center Llc","missing contact path | no website or booking URL","","request owner cleanup, enrich listing, or suppress if abusive"
"review_listing_quality","normal","445-lafayette-st-consulting-scottsdale-85255-5785-f13946f","","","445 Lafayette St Consulting","missing contact path | no website or booking URL","","request owner cleanup, enrich listing, or suppress if abusive"
"review_listing_quality","normal","451-e-juanita-llc-evans-gelding-llc-scottsdale-85260-fa82955","","","451 E Juanita Llc Evans Gelding Llc","missing contact path | no website or booking URL","","request owner cleanup, enrich listing, or suppress if abusive"
"review_listing_quality","normal","47-east-llc-mesa-85210-100d61e","","","47 East Llc","missing contact path | no website or booking URL","","request owner cleanup, enrich listing, or suppress if abusive"
"review_listing_quality","normal","480-realty-and-property-management-mesa-85209-c4d3da3","","","480 Realty & Property Management","missing contact path | no website or booking URL","","request owner cleanup, enrich listing, or suppress if abusive"
"review_listing_quality","high","480-roofing-llc-phoenix-metro-contractor-home-service-ce24ac9","","","480 Roofing Llc","missing contact path | no website or booking URL | no physical address or coordinates","","request owner cleanup, enrich listing, or suppress if abusive"
"review_listing_quality","normal","480-termite-scottsdale-85251-6826-c4555f1","","","480 Termite","missing contact path | no website or booking URL","","request owner cleanup, enrich listing, or suppress if abusive"
"review_listing_quality","normal","480-tires-and-wheels-llc-mesa-85205-6be713c","","","480 Tires & Wheels Llc","missing contact path | no website or booking URL","","request owner cleanup, enrich listing, or suppress if abusive"
"review_listing_quality","normal","48th-state-automotive-mesa-85204-36cda39","","","48Th State Automotive","missing contact path | no website or booking URL","","request owner cleanup, enrich listing, or suppress if abusive"
"review_listing_quality","normal","4c-medical-group-scottsdale-85251-18d6f00","","","4C Medical Group","missing contact path | no website or booking URL","","request owner cleanup, enrich listing, or suppress if abusive"
"review_listing_quality","normal","4c-medical-group-plc-scottsdale-85258-cf96634","","","4C Medical Group Plc","missing contact path | no website or booking URL","","request owner cleanup, enrich listing, or suppress if abusive"
"review_listing_quality","normal","4d8-electric-inc-phoenix-85017-930cab8","","","4D8 Electric Inc.","missing contact path | no website or booking URL","","request owner cleanup, enrich listing, or suppress if abusive"
"review_listing_quality","normal","4ever-young-scottsdale-scottsdale-85258-a49e581","","","4Ever Young Scottsdale","missing contact path | no website or booking URL","","request owner cleanup, enrich listing, or suppress if abusive"
"review_listing_quality","normal","4everyoung-mesa-85212-8688e0b","","","4Everyoung","missing contact path | no website or booking URL","","request owner cleanup, enrich listing, or suppress if abusive"
"review_listing_quality","normal","4healingtouch-scottsdale-85253-1426-ea11aba","","","4Healingtouch","missing contact path | no website or booking URL","","request owner cleanup, enrich listing, or suppress if abusive"
"review_listing_quality","normal","4one4-pub-pizza-and-karaoke-mesa-85210-e1e2dc9","","","4One4 Pub, Pizza & Karaoke","missing contact path | no website or booking URL","","request owner cleanup, enrich listing, or suppress if abusive"
"review_listing_quality","normal","4r-massage-llc-scottsdale-85253-fe0f414","","","4R Massage Llc","missing contact path | no website or booking URL","","request owner cleanup, enrich listing, or suppress if abusive"
"review_listing_quality","normal","4real-ventures-llc-scottsdale-85260-1677-ba3023c","","","4Real Ventures Llc","missing contact path | no website or booking URL","","request owner cleanup, enrich listing, or suppress if abusive"
"review_listing_quality","normal","4th-st-4th-po-llc-scottsdale-85251-db19c90","","","4Th St 4Th Po Llc","missing contact path | no website or booking URL","","request owner cleanup, enrich listing, or suppress if abusive"
"review_listing_quality","normal","5-birds-spa-mesa-85212-bbcd0eb","","","5 Birds Spa","missing contact path | no website or booking URL","","request owner cleanup, enrich listing, or suppress if abusive"
"review_listing_quality","normal","5-star-fitness-scottsdale-85257-25fd7a3","","","5 Star Fitness","missing contact path | no website or booking URL","","request owner cleanup, enrich listing, or suppress if abusive"
"review_listing_quality","high","5-star-home-cleaning-llc-phoenix-metro-contractor-home-service-386650f","","","5 Star Home Cleaning Llc","missing contact path | no website or booking URL | no physical address or coordinates","","request owner cleanup, enrich listing, or suppress if abusive"
"review_listing_quality","normal","5-visual-scottsdale-85251-3263-8d6a438","","","5 Visual","missing contact path | no website or booking URL","","request owner cleanup, enrich listing, or suppress if abusive"
"review_listing_quality","normal","521-automotive-mesa-85213-31831fb","","","521 Automotive","missing contact path | no website or booking URL","","request owner cleanup, enrich listing, or suppress if abusive"
"review_listing_quality","normal","55-resort-at-mccormick-ranch-scottsdale-85258-6c6f883","","","55 Resort At Mccormick Ranch","missing contact path | no website or booking URL","","request owner cleanup, enrich listing, or suppress if abusive"
"review_listing_quality","normal","55-tlc-interior-design-llc-scottsdale-85260-ae34401","","","55+ Tlc Interior Design Llc","missing contact path | no website or booking URL","","request owner cleanup, enrich listing, or suppress if abusive"
"review_listing_quality","normal","57-gold-scottsdale-85260-6986-ff7fcb2","","","57 Gold","missing contact path | no website or booking URL","","request owner cleanup, enrich listing, or suppress if abusive"
"review_listing_quality","normal","5th-avenue-scottsdale-llc-scottsdale-85251-936dbd1","","","5Th Avenue Scottsdale Llc","missing contact path | no website or booking URL","","request owner cleanup, enrich listing, or suppress if abusive"
"review_listing_quality","normal","5th-place-community-childcare-mesa-85201-d24a34a","","","5Th Place Community Childcare","missing contact path | no website or booking URL","","request owner cleanup, enrich listing, or suppress if abusive"
"review_listing_quality","normal","5th-street-burger-and-fries-mesa-85209-7b09345","","","5Th Street Burger & Fries","missing contact path | no website or booking URL","","request owner cleanup, enrich listing, or suppress if abusive"
"review_listing_quality","normal","6000-e-thomas-llc-scottsdale-85251-0000-c3fc7d2","","","6000 E Thomas Llc","missing contact path | no website or booking URL","","request owner cleanup, enrich listing, or suppress if abusive"
"review_listing_quality","normal","6024-hra-lincoln-scottsdale-lp-scottsdale-85253-4412-605e5d5","","","6024 Hra Lincoln Scottsdale Lp","missing contact path | no website or booking URL","","request owner cleanup, enrich listing, or suppress if abusive"
"review_listing_quality","normal","609-spa-scottsdale-85257-6c04f18","","","609 Spa","missing contact path | no website or booking URL","","request owner cleanup, enrich listing, or suppress if abusive"
"review_listing_quality","normal","6125-llc-scottsdale-85251-37f668c","","","6125 Llc","missing contact path | no website or booking URL","","request owner cleanup, enrich listing, or suppress if abusive"
"review_listing_quality","normal","6423-thomas-rd-llc-scottsdale-85251-ea05023","","","6423 Thomas Rd Llc","missing contact path | no website or booking URL","","request owner cleanup, enrich listing, or suppress if abusive"
"review_listing_quality","normal","65allure-llc-scottsdale-85255-8171-343445e","","","65Allure Llc","missing contact path | no website or booking URL","","request owner cleanup, enrich listing, or suppress if abusive"
"review_listing_quality","normal","6617-investors-llc-scottsdale-85250-f705b42","","","6617 Investors Llc","missing contact path | no website or booking URL","","request owner cleanup, enrich listing, or suppress if abusive"
"review_listing_quality","high","6687-intercal-way-llc-phoenix-metro-home-based-business-363a3b7","","","6687 Intercal Way Llc","missing contact path | no website or booking URL | no physical address or coordinates","","request owner cleanup, enrich listing, or suppress if abusive"
"review_listing_quality","normal","6812-scts-llc-scottsdale-85251-819f83b","","","6812 Scts Llc","missing contact path | no website or booking URL","","request owner cleanup, enrich listing, or suppress if abusive"
"review_listing_quality","normal","6820-e-5th-ave-llc-scottsdale-85260-5543-484af52","","","6820 E 5Th Ave Llc","missing contact path | no website or booking URL","","request owner cleanup, enrich listing, or suppress if abusive"
"review_listing_quality","normal","68th-street-scottsdale-plaza-scottsdale-85251-277d7c6","","","68Th Street Scottsdale Plaza","missing contact path | no website or booking URL","","request owner cleanup, enrich listing, or suppress if abusive"
"review_listing_quality","normal","6920-e-1st-avenue-llc-scottsdale-85251-29cdd26","","","6920 E 1St Avenue Llc","missing contact path | no website or booking URL","","request owner cleanup, enrich listing, or suppress if abusive"
"review_listing_quality","normal","6934-6962-e-1st-ave-llc-scottsdale-85251-e979267","","","6934-6962 E 1St Ave Llc","missing contact path | no website or booking URL","","request owner cleanup, enrich listing, or suppress if abusive"
"review_listing_quality","normal","6th-ave-management-llc-scottsdale-85251-3537-aede5c1","","","6Th Ave Management Llc","missing contact path | no website or booking URL","","request owner cleanup, enrich listing, or suppress if abusive"
"review_listing_quality","normal","6th-avenue-estate-llc-dba-studio-10-scottsdale-85251-96985c8","","","6Th Avenue Estate Llc Dba Studio 10","missing contact path | no website or booking URL","","request owner cleanup, enrich listing, or suppress if abusive"
"review_listing_quality","normal","7-brothers-transports-mesa-85207-83e146c","","","7 Brothers Transports","missing contact path | no website or booking URL","","request owner cleanup, enrich listing, or suppress if abusive"
"review_listing_quality","normal","7-chakras-mind-body-and-spirit-scottsdale-85253-560423f","","","7 Chakras Mind Body And Spirit","missing contact path | no website or booking URL","","request owner cleanup, enrich listing, or suppress if abusive"
"review_listing_quality","normal","7-chakras-mind-body-and-spirit-scottsdale-85254-2cf4740","","","7 Chakras Mind Body And Spirit","missing contact path | no website or booking URL","","request owner cleanup, enrich listing, or suppress if abusive"
"review_listing_quality","normal","7-chakras-of-scottsdale-scottsdale-85251-d8fed6a","","","7 Chakras Of Scottsdale","missing contact path | no website or booking URL","","request owner cleanup, enrich listing, or suppress if abusive"
"review_listing_quality","normal","7-eleven-store-25845-scottsdale-85257-ff2e66b","","","7 Eleven Store 25845","missing contact path | no website or booking URL","","request owner cleanup, enrich listing, or suppress if abusive"
"review_listing_quality","normal","7-eleven-store-26411b-scottsdale-85250-5800cb7","","","7 Eleven Store 26411B","missing contact path | no website or booking URL","","request owner cleanup, enrich listing, or suppress if abusive"
"review_listing_quality","normal","7-plus-water-alkaline-water-mesa-85209-fe77fbe","","","7 Plus Water-Alkaline Water","missing contact path | no website or booking URL","","request owner cleanup, enrich listing, or suppress if abusive"
"review_listing_quality","normal","7-eleven-25845g-scottsdale-85257-3904-56b6cb3","","","7-Eleven #25845G","missing contact path | no website or booking URL","","request owner cleanup, enrich listing, or suppress if abusive"
"review_listing_quality","normal","7-eleven-27036c-mesa-85202-67f3cc6","","","7-Eleven 27036C","missing contact path | no website or booking URL","","request owner cleanup, enrich listing, or suppress if abusive"
"review_listing_quality","normal","7-eleven-store-20168c-mesa-85210-1927fcd","","","7-Eleven Store #20168C","missing contact path | no website or booking URL","","request owner cleanup, enrich listing, or suppress if abusive"
"review_listing_quality","normal","7000-e-shea-boulevard-llc-scottsdale-85254-5261-ae5d144","","","7000 E Shea Boulevard Llc","missing contact path | no website or booking URL","","request owner cleanup, enrich listing, or suppress if abusive"
"review_listing_quality","normal","7017-main-street-llc-scottsdale-85251-c2a1654","","","7017 Main Street Llc","missing contact path | no website or booking URL","","request owner cleanup, enrich listing, or suppress if abusive"
"review_listing_quality","normal","7022-e-main-street-llc-scottsdale-85251-7404356","","","7022 E Main Street Llc","missing contact path | no website or booking URL","","request owner cleanup, enrich listing, or suppress if abusive"
"review_listing_quality","normal","7025-n-scottsdale-scottsdale-85253-3675-49a6abc","","","7025 N Scottsdale","missing contact path | no website or booking URL","","request owner cleanup, enrich listing, or suppress if abusive"
"review_listing_quality","normal","7033-1st-avenue-llc-scottsdale-85251-df64d8e","","","7033 1St Avenue Llc","missing contact path | no website or booking URL","","request owner cleanup, enrich listing, or suppress if abusive"
"review_listing_quality","normal","7103-e-main-llc-scottsdale-85251-bb3ae34","","","7103 E Main Llc","missing contact path | no website or booking URL","","request owner cleanup, enrich listing, or suppress if abusive"
"review_listing_quality","normal","7116-e-first-ave-llc-scottsdale-85251-b114f08","","","7116 E First Ave Llc","missing contact path | no website or booking URL","","request owner cleanup, enrich listing, or suppress if abusive"
"review_listing_quality","normal","7119-llc-scottsdale-85251-276d1d9","","","7119 Llc","missing contact path | no website or booking URL","","request owner cleanup, enrich listing, or suppress if abusive"
"review_listing_quality","normal","7154-stetson-llc-scottsdale-85251-e5f0d28","","","7154 Stetson Llc","missing contact path | no website or booking URL","","request owner cleanup, enrich listing, or suppress if abusive"
"review_listing_quality","normal","720-llc-scottsdale-85258-1234-af520b2","","","720 Llc","missing contact path | no website or booking URL","","request owner cleanup, enrich listing, or suppress if abusive"
"review_listing_quality","normal","723-21st-place-investments-llc-mesa-85212-ee29ec5","","","723 21St Place Investments Llc","missing contact path | no website or booking URL","","request owner cleanup, enrich listing, or suppress if abusive"
"review_listing_quality","normal","7243-investor-llc-scottsdale-85258-bfe1224","","","7243 Investor Llc","missing contact path | no website or booking URL","","request owner cleanup, enrich listing, or suppress if abusive"
"review_listing_quality","normal","7255-e-adobe-dr-scottsdale-85255-7e02253","","","7255 E Adobe Dr","missing contact path | no website or booking URL","","request owner cleanup, enrich listing, or suppress if abusive"
"review_listing_quality","normal","7325-east-evans-rental-associates-llc-scottsdale-85260-3101-6492455","","","7325 East Evans Rental Associates Llc","missing contact path | no website or booking URL","","request owner cleanup, enrich listing, or suppress if abusive"
"review_listing_quality","normal","7327-tierra-buena-llc-scottsdale-85260-7d3d1ec","","","7327 Tierra Buena Llc","missing contact path | no website or booking URL","","request owner cleanup, enrich listing, or suppress if abusive"
"review_listing_quality","normal","7330-venue-note-llc-scottsdale-85251-3b10211","","","7330 Venue Note Llc","missing contact path | no website or booking URL","","request owner cleanup, enrich listing, or suppress if abusive"
"review_listing_quality","normal","7345-acoma-llc-scottsdale-85260-b477e0c","","","7345 Acoma Llc","missing contact path | no website or booking URL","","request owner cleanup, enrich listing, or suppress if abusive"
"review_listing_quality","normal","7355-e-shoeman-lane-llc-scottsdale-85251-3306-d52797e","","","7355 E Shoeman Lane Llc","missing contact path | no website or booking URL","","request owner cleanup, enrich listing, or suppress if abusive"
"review_listing_quality","high","7363-llc-scottsdale-85251-f2b7091","","","7363 Llc","missing contact path | no website or booking URL | auto-merged duplicate: name_city_zip:7363-scottsdale-85251","","request owner cleanup, enrich listing, or suppress if abusive"
"review_listing_quality","normal","7399-e-tierra-buena-llc-scottsdale-85260-c19a43c","","","7399 E Tierra Buena Llc","missing contact path | no website or booking URL","","request owner cleanup, enrich listing, or suppress if abusive"
"review_listing_quality","normal","7405-monte-cristo-llc-scottsdale-85260-920ce05","","","7405 Monte Cristo Llc","missing contact path | no website or booking URL","","request owner cleanup, enrich listing, or suppress if abusive"
"review_listing_quality","normal","7440-llc-scottsdale-85260-4bcb7c7","","","7440 Llc","missing contact path | no website or booking URL","","request owner cleanup, enrich listing, or suppress if abusive"
"review_listing_quality","normal","7452-adobe-llc-scottsdale-85255-e46f94e","","","7452 Adobe Llc","missing contact path | no website or booking URL","","request owner cleanup, enrich listing, or suppress if abusive"
"review_listing_quality","normal","7525-camelback-llc-scottsdale-85251-1311656","","","7525 Camelback Llc","missing contact path | no website or booking URL","","request owner cleanup, enrich listing, or suppress if abusive"
"review_listing_quality","normal","7540-e-1st-street-llc-scottsdale-85251-4502-667452e","","","7540 E 1St Street Llc","missing contact path | no website or booking URL","","request owner cleanup, enrich listing, or suppress if abusive"
"review_listing_quality","normal","7575-e-redfield-llc-scottsdale-85260-6932-9967d22","","","7575 E Redfield Llc","missing contact path | no website or booking URL","","request owner cleanup, enrich listing, or suppress if abusive"
"review_listing_quality","normal","7575-redfield-partners-llc-scottsdale-85260-3f2f4f3","","","7575 Redfield Partners Llc","missing contact path | no website or booking URL","","request owner cleanup, enrich listing, or suppress if abusive"
"review_listing_quality","high","7585-thunderbird-park-llc-scottsdale-85260-a368845","","","7585 Thunderbird Park Llc","missing contact path | no website or booking URL | auto-merged duplicate: name_city_zip:7585-thunderbird-park-scottsdale-85260","","request owner cleanup, enrich listing, or suppress if abusive"
"review_listing_quality","normal","75th-street-properties-llc-scottsdale-85251-3558-bbffce3","","","75Th Street Properties Llc","missing contact path | no website or booking URL","","request owner cleanup, enrich listing, or suppress if abusive"
"review_listing_quality","normal","7689-llc-scottsdale-85260-27bffd9","","","7689 Llc","missing contact path | no website or booking URL","","request owner cleanup, enrich listing, or suppress if abusive"
"review_listing_quality","normal","76th-street-llc-scottsdale-85260-651ed77","","","76Th Street Llc","missing contact path | no website or booking URL","","request owner cleanup, enrich listing, or suppress if abusive"
"review_listing_quality","high","77-on-the-park-ii-llc-scottsdale-85257-b2810d1","","","77 On The Park Ii Llc","missing contact path | no website or booking URL | auto-merged duplicate: name_city_zip:77-on-park-ii-scottsdale-85257","","request owner cleanup, enrich listing, or suppress if abusive"
"review_listing_quality","normal","77-on-the-park-llc-scottsdale-85257-2ba5919","","","77 On The Park Llc","missing contact path | no website or booking URL","","request owner cleanup, enrich listing, or suppress if abusive"
"review_listing_quality","normal","7705-e-greenway-owners-assoc-inc-scottsdale-85260-2538187","","","7705 E Greenway Owners Assoc Inc","missing contact path | no website or booking URL","","request owner cleanup, enrich listing, or suppress if abusive"
"review_listing_quality","normal","7730-gelding-llc-scottsdale-85260-fe5a0d6","","","7730 Gelding Llc","missing contact path | no website or booking URL","","request owner cleanup, enrich listing, or suppress if abusive"
"review_listing_quality","normal","7755-e-redfield-llc-scottsdale-85260-6368ba0","","","7755 E Redfield Llc","missing contact path | no website or booking URL","","request owner cleanup, enrich listing, or suppress if abusive"
"review_listing_quality","normal","7777-paradise-lane-llc-scottsdale-85260-ab4e8f0","","","7777 Paradise Lane Llc","missing contact path | no website or booking URL","","request owner cleanup, enrich listing, or suppress if abusive"
"review_listing_quality","normal","7782-e-greenway-llc-scottsdale-85260-1943-e7ce04f","","","7782 E Greenway Llc","missing contact path | no website or booking URL","","request owner cleanup, enrich listing, or suppress if abusive"
"review_listing_quality","normal","78-contracting-llc-scottsdale-85260-7653-b149734","","","78 Contracting Llc","missing contact path | no website or booking URL","","request owner cleanup, enrich listing, or suppress if abusive"
"review_listing_quality","normal","7825-east-evans-llc-scottsdale-85260-2945-40d7da9","","","7825 East Evans Llc","missing contact path | no website or booking URL","","request owner cleanup, enrich listing, or suppress if abusive"
"review_listing_quality","normal","7830-redfield-llc-scottsdale-85260-7da46b6","","","7830 Redfield Llc","missing contact path | no website or booking URL","","request owner cleanup, enrich listing, or suppress if abusive"
"review_listing_quality","normal","7835-e-redfield-rd-bldg-scottsdale-85260-cb35259","","","7835 E Redfield Rd Bldg","missing contact path | no website or booking URL","","request owner cleanup, enrich listing, or suppress if abusive"
"review_listing_quality","normal","7845-east-redfield-llc-scottsdale-85260-a2c35ed","","","7845 East Redfield Llc","missing contact path | no website or booking URL","","request owner cleanup, enrich listing, or suppress if abusive"
"review_listing_quality","normal","7861-e-gray-llc-scottsdale-85260-3c8b254","","","7861 E Gray Llc","missing contact path | no website or booking URL","","request owner cleanup, enrich listing, or suppress if abusive"
"review_listing_quality","normal","78th-way-investments-llc-scottsdale-85260-12fa8df","","","78Th Way Investments Llc","missing contact path | no website or booking URL","","request owner cleanup, enrich listing, or suppress if abusive"
"review_listing_quality","normal","7949-e-acoma-drive-llc-scottsdale-85260-6904-d682713","","","7949 E Acoma Drive Llc","missing contact path | no website or booking URL","","request owner cleanup, enrich listing, or suppress if abusive"
"review_listing_quality","normal","79th-street-llc-scottsdale-85260-1205-cd6be1b","","","79Th Street Llc","missing contact path | no website or booking URL","","request owner cleanup, enrich listing, or suppress if abusive"
"review_listing_quality","normal","7eleven-43049-mesa-85212-5fe92e2","","","7Eleven 43049","missing contact path | no website or booking URL","","request owner cleanup, enrich listing, or suppress if abusive"
"review_listing_quality","normal","7th-level-scottsdale-85254-34a7298","","","7Th Level","missing contact path | no website or booking URL","","request owner cleanup, enrich listing, or suppress if abusive"
"review_listing_quality","normal","8-digit-display-inc-scottsdale-85258-30ae88c","","","8 Digit Display Inc","missing contact path | no website or booking URL","","request owner cleanup, enrich listing, or suppress if abusive"
"review_listing_quality","normal","8001-east-thomas-llc-scottsdale-85251-04e5373","","","8001 East Thomas Llc","missing contact path | no website or booking URL","","request owner cleanup, enrich listing, or suppress if abusive"
"review_listing_quality","normal","8010-e-mcdowell-llc-scottsdale-85257-3867-ebd27c2","","","8010 E Mcdowell Llc","missing contact path | no website or booking URL","","request owner cleanup, enrich listing, or suppress if abusive"
"review_listing_quality","normal","8035-property-llc-scottsdale-85258-4321-df61dda","","","8035 Property Llc","missing contact path | no website or booking URL","","request owner cleanup, enrich listing, or suppress if abusive"
"review_listing_quality","normal","8100-llc-scottsdale-85251-6e61372","","","8100 Llc","missing contact path | no website or booking URL","","request owner cleanup, enrich listing, or suppress if abusive"
"review_listing_quality","normal","8130-llc-scottsdale-85258-4308-dd6e8c2","","","8130 Llc","missing contact path | no website or booking URL","","request owner cleanup, enrich listing, or suppress if abusive"
"review_listing_quality","normal","8149-87th-place-llc-scottsdale-85258-79fbad8","","","8149 87Th Place Llc","missing contact path | no website or booking URL","","request owner cleanup, enrich listing, or suppress if abusive"
"review_listing_quality","normal","8201-hayden-llc-scottsdale-85258-8be7804","","","8201 Hayden Llc","missing contact path | no website or booking URL","","request owner cleanup, enrich listing, or suppress if abusive"
"review_listing_quality","normal","8221-llc-scottsdale-85260-b23041f","","","8221 Llc","missing contact path | no website or booking URL","","request owner cleanup, enrich listing, or suppress if abusive"
"review_listing_quality","normal","8280-e-gelding-llc-scottsdale-85260-97f1b12","","","8280 E Gelding Llc","missing contact path | no website or booking URL","","request owner cleanup, enrich listing, or suppress if abusive"
"review_listing_quality","normal","8300-e-raintree-scottsdale-85260-2529-4bd1456","","","8300 E Raintree","missing contact path | no website or booking URL","","request owner cleanup, enrich listing, or suppress if abusive"
"review_listing_quality","normal","8350-e-raintree-holdings-llc-scottsdale-85260-2691-c6dc227","","","8350 E Raintree Holdings Llc","missing contact path | no website or booking URL","","request owner cleanup, enrich listing, or suppress if abusive"
"review_listing_quality","normal","8418-holdings-llc-scottsdale-85260-6672-c7c9888","","","8418 Holdings Llc","missing contact path | no website or booking URL","","request owner cleanup, enrich listing, or suppress if abusive"
"review_listing_quality","normal","844-scottsdale-scottsdale-85254-6734e96","","","844 Scottsdale","missing contact path | no website or booking URL","","request owner cleanup, enrich listing, or suppress if abusive"
"review_listing_quality","normal","84th-street-industrial-llc-scottsdale-85260-1840-9cf7769","","","84Th Street Industrial Llc","missing contact path | no website or booking URL","","request owner cleanup, enrich listing, or suppress if abusive"
"review_listing_quality","normal","8502-e-via-de-ventura-llc-scottsdale-85258-05fa7de","","","8502 E Via De Ventura Llc","missing contact path | no website or booking URL","","request owner cleanup, enrich listing, or suppress if abusive"
"review_listing_quality","normal","8590-e-shea-gc-llc-scottsdale-85260-eb9f815","","","8590 E Shea Gc Llc","missing contact path | no website or booking URL","","request owner cleanup, enrich listing, or suppress if abusive"
"review_listing_quality","normal","8600-via-de-ventura-llc-scottsdale-85258-3323-d40426f","","","8600 Via De Ventura Llc","missing contact path | no website or booking URL","","request owner cleanup, enrich listing, or suppress if abusive"
"review_listing_quality","normal","86th-place-llc-scottsdale-85258-4310-e7bc327","","","86Th Place Llc","missing contact path | no website or booking URL","","request owner cleanup, enrich listing, or suppress if abusive"
"review_listing_quality","normal","8701-bt-mcdowell-llc-scottsdale-85257-a48b2cb","","","8701 Bt Mcdowell Llc","missing contact path | no website or booking URL","","request owner cleanup, enrich listing, or suppress if abusive"
"review_listing_quality","normal","8707-e-vista-bonita-llc-scottsdale-85255-b32bdb5","","","8707 E Vista Bonita Llc","missing contact path | no website or booking URL","","request owner cleanup, enrich listing, or suppress if abusive"
"review_listing_quality","normal","8720-e-flwb-llc-scottsdale-85260-1926-f2521bd","","","8720 E Flwb Llc","missing contact path | no website or booking URL","","request owner cleanup, enrich listing, or suppress if abusive"
"review_listing_quality","normal","8753-llc-scottsdale-85260-1339-e4680c3","","","8753 Llc","missing contact path | no website or booking URL","","request owner cleanup, enrich listing, or suppress if abusive"
"review_listing_quality","normal","888-massage-scottsdale-85258-5402-18df9f0","","","888 Massage","missing contact path | no website or booking URL","","request owner cleanup, enrich listing, or suppress if abusive"
"review_listing_quality","normal","8910-e-raintree-investments-llc-scottsdale-85260-e3490ee","","","8910 E Raintree Investments Llc","missing contact path | no website or booking URL","","request owner cleanup, enrich listing, or suppress if abusive"
"review_listing_quality","normal","8970-raintree-llc-scottsdale-85260-845046d","","","8970 Raintree Llc","missing contact path | no website or booking URL","","request owner cleanup, enrich listing, or suppress if abusive"
"review_listing_quality","normal","8980-e-shea-blvd-llc-scottsdale-85260-3baca5b","","","8980 E Shea Blvd Llc","missing contact path | no website or booking URL","","request owner cleanup, enrich listing, or suppress if abusive"
"review_listing_quality","high","8train-productions-llc-phoenix-metro-home-based-business-879b7db","","","8Train Productions, Llc","missing contact path | no website or booking URL | no physical address or coordinates","","request owner cleanup, enrich listing, or suppress if abusive"
"review_listing_quality","normal","9-round-30-min-kickbox-fitness-scottsdale-85260-6894-e6a1731","","","9 Round 30 Min Kickbox Fitness","missing contact path | no website or booking URL","","request owner cleanup, enrich listing, or suppress if abusive"
"review_listing_quality","high","90-day-dental-assistant-phoenix-metro-healthcare-wellness-102ac6b","","","90 Day Dental Assistant","missing contact path | no website or booking URL | no physical address or coordinates","","request owner cleanup, enrich listing, or suppress if abusive"
"review_listing_quality","normal","90-mountain-view-scottsdale-85258-4423-e7b4d4e","","","90 Mountain View","missing contact path | no website or booking URL","","request owner cleanup, enrich listing, or suppress if abusive"
"review_listing_quality","normal","90-mountain-view-scottsdale-85258-4420-3489b21","","","90 Mountain View","missing contact path | no website or booking URL","","request owner cleanup, enrich listing, or suppress if abusive"
"review_listing_quality","normal","90-west-group-llc-scottsdale-85255-3517-8c6fb37","","","90 West Group Llc","missing contact path | no website or booking URL","","request owner cleanup, enrich listing, or suppress if abusive"
"review_listing_quality","normal","90th-and-bell-llc-scottsdale-85260-2790-33f3eec","","","90Th & Bell Llc","missing contact path | no website or booking URL","","request owner cleanup, enrich listing, or suppress if abusive"
"review_listing_quality","normal","90th-place-llc-scottsdale-85255-4515-99f3f90","","","90Th Place Llc","missing contact path | no website or booking URL","","request owner cleanup, enrich listing, or suppress if abusive"
"review_listing_quality","high","919-hillsdale-llc-scottsdale-85251-3abd63e","","","919 Hillsdale Llc","missing contact path | no website or booking URL | auto-merged duplicate: name_city_zip:919-hillsdale-scottsdale-85251","","request owner cleanup, enrich listing, or suppress if abusive"
"review_listing_quality","normal","92-mountain-view-scottsdale-85258-4545-6b38ba3","","","92 Mountain View","missing contact path | no website or booking URL","","request owner cleanup, enrich listing, or suppress if abusive"
"review_listing_quality","normal","92nd-street-cafe-scottsdale-85260-6722-de40ba2","","","92Nd Street Cafe","missing contact path | no website or booking URL","","request owner cleanup, enrich listing, or suppress if abusive"
"review_listing_quality","normal","9393-ventures-llc-scottsdale-85260-fff8be7","","","9393 Ventures Llc","missing contact path | no website or booking URL","","request owner cleanup, enrich listing, or suppress if abusive"
"review_listing_quality","normal","94-hundred-center-scottsdale-85260-7127-66da7a7","","","94 Hundred Center","missing contact path | no website or booking URL","","request owner cleanup, enrich listing, or suppress if abusive"
"review_listing_quality","normal","94-hundred-corporate-center-scottsdale-85260-6986-1c6f0d4","","","94 Hundred Corporate Center","missing contact path | no website or booking URL","","request owner cleanup, enrich listing, or suppress if abusive"
"review_listing_quality","normal","94-salvador-llc-scottsdale-85258-996880d","","","94 Salvador Llc","missing contact path | no website or booking URL","","request owner cleanup, enrich listing, or suppress if abusive"
"review_listing_quality","high","942-detailing-phoenix-metro-automotive-services-af41fa1","","","942 Detailing","missing contact path | no website or booking URL | no physical address or coordinates","","request owner cleanup, enrich listing, or suppress if abusive"
"review_listing_quality","normal","99-cents-only-store-164-scottsdale-85251-d2cb800","","","99 Cents Only Store #164","missing contact path | no website or booking URL","","request owner cleanup, enrich listing, or suppress if abusive"
"review_listing_quality","normal","9933-properties-llc-scottsdale-85260-fb33f95","","","9933 Properties Llc","missing contact path | no website or booking URL","","request owner cleanup, enrich listing, or suppress if abusive"
"review_listing_quality","normal","9965-ironwood-condo-llc-scottsdale-85258-dd17215","","","9965 Ironwood Condo Llc","missing contact path | no website or booking URL","","request owner cleanup, enrich listing, or suppress if abusive"
"review_listing_quality","normal","9round-scottsdale-85260-2187-d4b03a3","","","9Round","missing contact path | no website or booking URL","","request owner cleanup, enrich listing, or suppress if abusive"
"review_listing_quality","normal","a-and-a-funding-corporation-scottsdale-85262-2c7dd44","","","A & A Funding Corporation","missing contact path | no website or booking URL","","request owner cleanup, enrich listing, or suppress if abusive"
"review_listing_quality","normal","a-and-a-legacy-smoke-and-vape-mesa-85210-204c18a","","","A & A Legacy Smoke And Vape","missing contact path | no website or booking URL","","request owner cleanup, enrich listing, or suppress if abusive"
"review_listing_quality","normal","a-and-a-snacks-llc-mesa-85201-e41b81b","","","A & A Snacks Llc","missing contact path | no website or booking URL","","request owner cleanup, enrich listing, or suppress if abusive"
"review_listing_quality","normal","a-and-g-turf-equipment-inc-mesa-85203-e932011","","","A & G Turf Equipment, Inc","missing contact path | no website or booking URL","","request owner cleanup, enrich listing, or suppress if abusive"
"review_listing_quality","normal","a-and-j-nails-scottsdale-85260-45f51a7","","","A & J Nails","missing contact path | no website or booking URL","","request owner cleanup, enrich listing, or suppress if abusive"
"review_listing_quality","high","a-and-j-properties-four-llc-phoenix-metro-home-based-business-250dcf4","","","A & J Properties Four Llc","missing contact path | no website or booking URL | no physical address or coordinates","","request owner cleanup, enrich listing, or suppress if abusive"
"review_listing_quality","high","a-and-j-properties-one-phoenix-metro-home-based-business-6688295","","","A & J Properties One","missing contact path | no website or booking URL | no physical address or coordinates","","request owner cleanup, enrich listing, or suppress if abusive"
"review_listing_quality","high","a-and-j-properties-three-phoenix-metro-home-based-business-222beb1","","","A & J Properties Three","missing contact path | no website or booking URL | no physical address or coordinates","","request owner cleanup, enrich listing, or suppress if abusive"
"review_listing_quality","high","a-and-j-properties-two-llc-phoenix-metro-home-based-business-85b3a79","","","A & J Properties Two Llc","missing contact path | no website or booking URL | no physical address or coordinates","","request owner cleanup, enrich listing, or suppress if abusive"
"review_listing_quality","normal","a-and-m-corsons-aqua-value-scottsdale-85251-4dac99d","","","A & M Corsons Aqua Value","missing contact path | no website or booking URL","","request owner cleanup, enrich listing, or suppress if abusive"
"review_listing_quality","normal","a-and-m-pump-and-pool-supply-scottsdale-85251-877f154","","","A & M Pump & Pool Supply","missing contact path | no website or booking URL","","request owner cleanup, enrich listing, or suppress if abusive"
"review_listing_quality","high","a-and-p-nursery-phoenix-metro-home-based-business-1f07870","","","A & P Nursery","missing contact path | no website or booking URL | no physical address or coordinates","","request owner cleanup, enrich listing, or suppress if abusive"
"review_listing_quality","normal","a-and-p-thai-massage-scottsdale-85250-665451b","","","A & P Thai Massage","missing contact path | no website or booking URL","","request owner cleanup, enrich listing, or suppress if abusive"
"review_listing_quality","normal","a-and-s-contracting-phoenix-85035-f4587aa","","","A & S Contracting","missing contact path | no website or booking URL","","request owner cleanup, enrich listing, or suppress if abusive"
"review_listing_quality","normal","a-and-s-premier-properties-llc-scottsdale-85258-5a58d32","","","A & S Premier Properties Llc","missing contact path | no website or booking URL","","request owner cleanup, enrich listing, or suppress if abusive"
"review_listing_quality","normal","a-and-w-properties-llc-scottsdale-85260-4df15e1","","","A & W Properties Llc","missing contact path | no website or booking URL","","request owner cleanup, enrich listing, or suppress if abusive"
"review_listing_quality","normal","a-101-dental-care-pc-scottsdale-85257-62a4eac","","","A 101 Dental Care Pc","missing contact path | no website or booking URL","","request owner cleanup, enrich listing, or suppress if abusive"
"review_listing_quality","normal","a-2-z-realty-scottsdale-85257-e4debdf","","","A 2 Z Realty","missing contact path | no website or booking URL","","request owner cleanup, enrich listing, or suppress if abusive"
"review_listing_quality","normal","a-better-life-psychotherapy-pllc-scottsdale-85258-1234-198b19a","","","A Better Life Psychotherapy Pllc","missing contact path | no website or booking URL","","request owner cleanup, enrich listing, or suppress if abusive"
"review_listing_quality","normal","a-better-repair-mesa-85213-ed81b7f","","","A Better Repair","missing contact path | no website or booking URL","","request owner cleanup, enrich listing, or suppress if abusive"
"review_listing_quality","normal","a-better-solution-in-home-care-phx-scottsdale-scottsdale-85258-2129-5e3b664","","","A Better Solution In Home Care Phx-Scottsdale","missing contact path | no website or booking URL","","request owner cleanup, enrich listing, or suppress if abusive"
"review_listing_quality","normal","a-better-today-recovery-services-scottsdale-85260-5535-c23be2a","","","A Better Today Recovery Services","missing contact path | no website or booking URL","","request owner cleanup, enrich listing, or suppress if abusive"
"review_listing_quality","normal","a-better-today-recovery-services-llc-scottsdale-85266-8120-9b89b8b","","","A Better Today Recovery Services Llc","missing contact path | no website or booking URL","","request owner cleanup, enrich listing, or suppress if abusive"
"review_listing_quality","normal","a-bottle-a-day-scottsdale-85260-7e152dd","","","A Bottle A Day","missing contact path | no website or booking URL","","request owner cleanup, enrich listing, or suppress if abusive"
"review_listing_quality","normal","a-brighter-day-enterprises-llc-scottsdale-85254-284fe2d","","","A Brighter Day Enterprises Llc","missing contact path | no website or booking URL","","request owner cleanup, enrich listing, or suppress if abusive"
"review_listing_quality","normal","a-caring-heart-of-arizona-scottsdale-85260-0c2c028","","","A Caring Heart Of Arizona","missing contact path | no website or booking URL","","request owner cleanup, enrich listing, or suppress if abusive"
"review_listing_quality","normal","a-cheap-body-shop-scottsdale-85260-53b7ebf","","","A Cheap Body Shop","missing contact path | no website or booking URL","","request owner cleanup, enrich listing, or suppress if abusive"
"review_listing_quality","normal","a-closet-full-of-dresses-mesa-85205-971b0dc","","","A Closet Full Of Dresses","missing contact path | no website or booking URL","","request owner cleanup, enrich listing, or suppress if abusive"
"review_listing_quality","normal","a-cool-breeze-scottsdale-85258-9925d15","","","A Cool Breeze","missing contact path | no website or booking URL","","request owner cleanup, enrich listing, or suppress if abusive"
"review_listing_quality","normal","a-creative-brilliance-llc-scottsdale-85251-4a640f0","","","A Creative Brilliance Llc","missing contact path | no website or booking URL","","request owner cleanup, enrich listing, or suppress if abusive"
"review_listing_quality","normal","a-creative-brilliance-llc-mesa-85206-9494f48","","","A Creative Brilliance Llc","missing contact path | no website or booking URL","","request owner cleanup, enrich listing, or suppress if abusive"
"review_listing_quality","normal","a-curated-touch-scottsdale-85260-4fbdd46","","","A Curated Touch","missing contact path | no website or booking URL","","request owner cleanup, enrich listing, or suppress if abusive"
"review_listing_quality","normal","a-d-d-clinic-scottsdale-85260-75e9fce","","","A D D Clinic","missing contact path | no website or booking URL","","request owner cleanup, enrich listing, or suppress if abusive"
"review_listing_quality","high","a-dough-a-bowl-llc-phoenix-metro-home-based-business-cf3251d","","","A Dough A Bowl Llc","missing contact path | no website or booking URL | no physical address or coordinates","","request owner cleanup, enrich listing, or suppress if abusive"
"review_listing_quality","normal","a-few-good-handy-men-scottsdale-85250-5830-4afa8b7","","","A Few Good Handy Men","missing contact path | no website or booking URL","","request owner cleanup, enrich listing, or suppress if abusive"
"review_listing_quality","normal","a-finer-touch-construction-llc-scottsdale-85260-ae48e8b","","","A Finer Touch Construction Llc","missing contact path | no website or booking URL","","request owner cleanup, enrich listing, or suppress if abusive"
"review_listing_quality","high","a-gal-and-her-bucket-phoenix-metro-home-based-business-c996e58","","","A Gal And Her Bucket","missing contact path | no website or booking URL | no physical address or coordinates","","request owner cleanup, enrich listing, or suppress if abusive"
"review_listing_quality","normal","a-gnomes-shoe-repair-mesa-85205-d0517e1","","","A Gnomes Shoe Repair","missing contact path | no website or booking URL","","request owner cleanup, enrich listing, or suppress if abusive"
"review_listing_quality","high","a-gold-star-glass-phoenix-metro-home-based-business-1d65016","","","A Gold Star Glass","missing contact path | no website or booking URL | no physical address or coordinates","","request owner cleanup, enrich listing, or suppress if abusive"
"review_listing_quality","normal","a-graphic-source-llc-scottsdale-85255-73e650c","","","A Graphic Source Llc","missing contact path | no website or booking URL","","request owner cleanup, enrich listing, or suppress if abusive"
"review_listing_quality","normal","a-greener-place-llc-mesa-85201-224b5b7","","","A Greener Place Llc","missing contact path | no website or booking URL","","request owner cleanup, enrich listing, or suppress if abusive"
"review_listing_quality","normal","a-group-studio-llc-scottsdale-85260-2477-aa3607b","","","A Group Studio Llc","missing contact path | no website or booking URL","","request owner cleanup, enrich listing, or suppress if abusive"
"review_listing_quality","normal","a-guiding-light-services-mesa-85210-c5f629d","","","A Guiding Light Services","missing contact path | no website or booking URL","","request owner cleanup, enrich listing, or suppress if abusive"
"review_listing_quality","normal","a-h-neal-sales-inc-scottsdale-85260-b99716d","","","A H Neal Sales Inc","missing contact path | no website or booking URL","","request owner cleanup, enrich listing, or suppress if abusive"
"review_listing_quality","normal","a-h-tolen-nutritional-consultants-scottsdale-85250-4681-df7872e","","","A H Tolen Nutritional Consultants","missing contact path | no website or booking URL","","request owner cleanup, enrich listing, or suppress if abusive"
"review_listing_quality","normal","a-j-t-development-llc-scottsdale-85250-6fc1ec6","","","A J T Development Llc","missing contact path | no website or booking URL","","request owner cleanup, enrich listing, or suppress if abusive"
"review_listing_quality","normal","a-j-s-fine-foods-63-scottsdale-85253-4417-dde7f7e","","","A J'S Fine Foods 63","missing contact path | no website or booking URL","","request owner cleanup, enrich listing, or suppress if abusive"
"review_listing_quality","normal","a-kitchen-store-mesa-85209-e2d0189","","","A Kitchen Store","missing contact path | no website or booking URL","","request owner cleanup, enrich listing, or suppress if abusive"
"review_listing_quality","normal","a-la-mode-abode-scottsdale-85259-8dfe875","","","A La Mode Abode","missing contact path | no website or booking URL","","request owner cleanup, enrich listing, or suppress if abusive"
"review_listing_quality","normal","a-likely-story-traffic-school-mesa-85201-16d9de4","","","A Likely Story Traffic School","missing contact path | no website or booking URL","","request owner cleanup, enrich listing, or suppress if abusive"
"review_listing_quality","normal","a-little-bit-of-everything-scottsdale-85251-2eea068","","","A Little Bit Of Everything","missing contact path | no website or booking URL","","request owner cleanup, enrich listing, or suppress if abusive"
"review_listing_quality","normal","a-little-of-this-and-that-scottsdale-85258-44af904","","","A Little Of This And That","missing contact path | no website or booking URL","","request owner cleanup, enrich listing, or suppress if abusive"
"review_listing_quality","normal","a-lor-a-organic-studio-llc-scottsdale-85251-400572b","","","A Lor A Organic Studio Llc","missing contact path | no website or booking URL","","request owner cleanup, enrich listing, or suppress if abusive"
"review_listing_quality","normal","a-m-s-inc-scottsdale-85260-6c593bb","","","A M S Inc","missing contact path | no website or booking URL","","request owner cleanup, enrich listing, or suppress if abusive"
"review_listing_quality","normal","a-mind-for-detail-inc-mesa-85201-76bc141","","","A Mind For Detail Inc.","missing contact path | no website or booking URL","","request owner cleanup, enrich listing, or suppress if abusive"
"review_listing_quality","normal","a-mindfullness-life-center-scottsdale-85253-1426-1b9e895","","","A Mindfullness Life Center","missing contact path | no website or booking URL","","request owner cleanup, enrich listing, or suppress if abusive"
"review_listing_quality","normal","a-mindfulness-life-center-scottsdale-85253-1477-cf885bb","","","A Mindfulness Life Center","missing contact path | no website or booking URL","","request owner cleanup, enrich listing, or suppress if abusive"
"review_listing_quality","normal","a-modo-mio-mesa-85205-b4f5686","","","A Modo Mio","missing contact path | no website or booking URL","","request owner cleanup, enrich listing, or suppress if abusive"
"review_listing_quality","normal","a-new-beginning-dta-mesa-85201-e8ce582","","","A New Beginning Dta","missing contact path | no website or booking URL","","request owner cleanup, enrich listing, or suppress if abusive"
"review_listing_quality","normal","a-new-beginning-dta-mesa-85210-2639e76","","","A New Beginning Dta","missing contact path | no website or booking URL","","request owner cleanup, enrich listing, or suppress if abusive"
"review_listing_quality","normal","a-new-beginning-outpatient-treatment-center-scottsdale-85258-f1e8847","","","A New Beginning Outpatient Treatment Center","missing contact path | no website or booking URL","","request owner cleanup, enrich listing, or suppress if abusive"
"review_listing_quality","normal","a-new-beginning-outpatient-treatment-center-llc-scottsdale-85258-4590-d6b53ba","","","A New Beginning Outpatient Treatment Center Llc","missing contact path | no website or booking URL","","request owner cleanup, enrich listing, or suppress if abusive"
"review_listing_quality","normal","a-new-dawn-wellness-center-llc-scottsdale-85260-a3f0f74","","","A New Dawn Wellness Center Llc","missing contact path | no website or booking URL","","request owner cleanup, enrich listing, or suppress if abusive"
"review_listing_quality","normal","a-p-i-alarm-monitoring-inc-scottsdale-85260-a9ac59d","","","A P I Alarm Monitoring Inc","missing contact path | no website or booking URL","","request owner cleanup, enrich listing, or suppress if abusive"
"review_listing_quality","normal","a-perfect-handle-scottsdale-85255-232513b","","","A Perfect Handle","missing contact path | no website or booking URL","","request owner cleanup, enrich listing, or suppress if abusive"
"review_listing_quality","high","a-perfect-ten-nail-salon-by-elise-scottsdale-85253-4553-ba9a5ce","","","A Perfect Ten Nail Salon By Elise","missing contact path | no website or booking URL | auto-merged duplicate: name_address:a-perfect-ten-nail-salon-by-elise-10247-n-scottsdale-13-scottsdale","","request owner cleanup, enrich listing, or suppress if abusive"
"review_listing_quality","normal","a-personal-peace-scottsdale-85266-7223-cbcdbb9","","","A Personal Peace","missing contact path | no website or booking URL","","request owner cleanup, enrich listing, or suppress if abusive"
"review_listing_quality","normal","a-place-4-pawz-scottsdale-85250-6728-cd5be09","","","A Place 4 Pawz","missing contact path | no website or booking URL","","request owner cleanup, enrich listing, or suppress if abusive"
"review_listing_quality","normal","a-place-at-home-scottsdale-85258-3348-7b70561","","","A Place At Home","missing contact path | no website or booking URL","","request owner cleanup, enrich listing, or suppress if abusive"
"review_listing_quality","normal","a-place-at-home-scottsdale-85260-279790f","","","A Place At Home","missing contact path | no website or booking URL","","request owner cleanup, enrich listing, or suppress if abusive"
"review_listing_quality","normal","a-place-to-be-counseling-services-scottsdale-85255-863f100","","","A Place To Be Counseling Services","missing contact path | no website or booking URL","","request owner cleanup, enrich listing, or suppress if abusive"
"review_listing_quality","normal","a-place-to-see-scottsdale-85251-3403-ee20be4","","","A Place To See","missing contact path | no website or booking URL","","request owner cleanup, enrich listing, or suppress if abusive"
"review_listing_quality","high","a-plus-home-watch-of-arizona-llc-phoenix-metro-home-based-business-8ebdfc4","","","A Plus Home Watch Of Arizona Llc","missing contact path | no website or booking URL | no physical address or coordinates","","request owner cleanup, enrich listing, or suppress if abusive"
"review_listing_quality","normal","a-professional-image-inc-ofessional-image-inc-mesa-85202-4dce2d0","","","A Professional Image Inc Ofessional Image, Inc","missing contact path | no website or booking URL","","request owner cleanup, enrich listing, or suppress if abusive"
"review_listing_quality","high","a-prudent-way-phoenix-metro-home-based-business-10741d0","","","A Prudent Way","missing contact path | no website or booking URL | no physical address or coordinates","","request owner cleanup, enrich listing, or suppress if abusive"
"review_listing_quality","normal","a-quilters-oasis-mesa-85209-a6ab24a","","","A Quilters Oasis","missing contact path | no website or booking URL","","request owner cleanup, enrich listing, or suppress if abusive"
"review_listing_quality","normal","a-r-a-arizona-residential-architects-scottsdale-85260-891eff3","","","A R A - Arizona Residential Architects","missing contact path | no website or booking URL","","request owner cleanup, enrich listing, or suppress if abusive"
"review_listing_quality","normal","a-r-mays-construction-inc-scottsdale-85251-86a839a","","","A R Mays Construction Inc","missing contact path | no website or booking URL","","request owner cleanup, enrich listing, or suppress if abusive"
"review_listing_quality","normal","a-r-mays-residential-llc-scottsdale-85251-7ed5972","","","A R Mays Residential Llc","missing contact path | no website or booking URL","","request owner cleanup, enrich listing, or suppress if abusive"
"review_listing_quality","normal","a-reason-to-smile-scottsdale-85254-6723-2ea2c25","","","A Reason To Smile","missing contact path | no website or booking URL","","request owner cleanup, enrich listing, or suppress if abusive"
"review_listing_quality","normal","a-renewed-you-pllc-scottsdale-85260-8843-64d46c8","","","A Renewed You Pllc","missing contact path | no website or booking URL","","request owner cleanup, enrich listing, or suppress if abusive"
"review_listing_quality","normal","a-safe-pool-scottsdale-85258-d701669","","","A Safe Pool","missing contact path | no website or booking URL","","request owner cleanup, enrich listing, or suppress if abusive"
"review_listing_quality","normal","a-special-place-interiors-scottsdale-85255-8133734","","","A Special Place Interiors","missing contact path | no website or booking URL","","request owner cleanup, enrich listing, or suppress if abusive"
"review_listing_quality","normal","a-speedy-cash-car-title-loans-scottsdale-85257-881305b","","","A Speedy Cash Car Title Loans","missing contact path | no website or booking URL","","request owner cleanup, enrich listing, or suppress if abusive"
"review_listing_quality","normal","a-studio-bravo-scottsdale-85251-3923-d51788e","","","A Studio Bravo","missing contact path | no website or booking URL","","request owner cleanup, enrich listing, or suppress if abusive"
"review_listing_quality","normal","a-to-z-precision-llc-scottsdale-85254-6a8a3cf","","","A To Z Precision Llc","missing contact path | no website or booking URL","","request owner cleanup, enrich listing, or suppress if abusive"
"review_listing_quality","normal","a-touch-of-balance-massage-for-health-scottsdale-85251-85c2f16","","","A Touch Of Balance Massage For Health","missing contact path | no website or booking URL","","request owner cleanup, enrich listing, or suppress if abusive"
"review_listing_quality","normal","a-touch-of-grace-aesthetic-center-llc-scottsdale-85258-d063670","","","A Touch Of Grace Aesthetic Center Llc","missing contact path | no website or booking URL","","request owner cleanup, enrich listing, or suppress if abusive"
"review_listing_quality","normal","a-v-schwan-and-associates-scottsdale-85251-bc63ddd","","","A V Schwan & Associates","missing contact path | no website or booking URL","","request owner cleanup, enrich listing, or suppress if abusive"
"review_listing_quality","normal","a-western-tradition-scottsdale-85266-e8577e3","","","A Western Tradition","missing contact path | no website or booking URL","","request owner cleanup, enrich listing, or suppress if abusive"
"review_listing_quality","normal","a-aaakey-mini-storage-8-scottsdale-85257-4604-869a9e8","","","A-Aaakey Mini Storage #8","missing contact path | no website or booking URL","","request owner cleanup, enrich listing, or suppress if abusive"
"review_listing_quality","normal","a-i-massage-spa-mesa-85210-626a80e","","","A-I Massage Spa","missing contact path | no website or booking URL","","request owner cleanup, enrich listing, or suppress if abusive"
"review_listing_quality","normal","a-ride-scottsdale-85251-ee16fb5","","","A-Ride","missing contact path | no website or booking URL","","request owner cleanup, enrich listing, or suppress if abusive"
"review_listing_quality","normal","a-team-construction-mesa-85215-5eeff08","","","A-Team Construction","missing contact path | no website or booking URL","","request owner cleanup, enrich listing, or suppress if abusive"
"review_listing_quality","normal","a-z-ez-caddy-llc-scottsdale-85259-3cf8f09","","","A-Z Ez Caddy Llc","missing contact path | no website or booking URL","","request owner cleanup, enrich listing, or suppress if abusive"
"review_listing_quality","normal","a-z-quad-parts-mesa-85212-b47771d","","","A-Z Quad Parts","missing contact path | no website or booking URL","","request owner cleanup, enrich listing, or suppress if abusive"
"review_listing_quality","high","a-z-tennis-llc-scottsdale-85258-5805-74e0959","","","A-Z Tennis Llc","missing contact path | no website or booking URL | auto-merged duplicate: name_address:a-z-tennis-9699-n-hayden-108-scottsdale","","request owner cleanup, enrich listing, or suppress if abusive"
"review_listing_quality","normal","a-z-travel-center-scottsdale-85260-2983-333c49d","","","A-Z Travel Center","missing contact path | no website or booking URL","","request owner cleanup, enrich listing, or suppress if abusive"
"review_listing_quality","normal","a-zed-taxes-llc-scottsdale-85260-1529-8ece866","","","A-Zed Taxes Llc","missing contact path | no website or booking URL","","request owner cleanup, enrich listing, or suppress if abusive"
"review_listing_quality","high","a-j-mobility-phoenix-metro-home-based-business-32934c2","","","A.J. Mobility","missing contact path | no website or booking URL | no physical address or coordinates","","request owner cleanup, enrich listing, or suppress if abusive"
"review_listing_quality","normal","a-t-meridian-construction-mesa-85215-524ba34","","","A.T. Meridian Construction","missing contact path | no website or booking URL","","request owner cleanup, enrich listing, or suppress if abusive"
"review_listing_quality","high","a-t-still-university-mesa-85206-93045c8","","","A.T. Still University","missing contact path | no website or booking URL | auto-merged duplicate: name_city_zip:a-t-still-university-mesa-85206","","request owner cleanup, enrich listing, or suppress if abusive"
"review_listing_quality","normal","a-c-rangers-heating-and-cooling-llc-mesa-85204-c8c9b10","","","A/C Rangers Heating And Cooling Llc","missing contact path | no website or booking URL","","request owner cleanup, enrich listing, or suppress if abusive"
"review_listing_quality","normal","a-x-armani-exchange-scottsdale-85251-a2a8c3f","","","A/X Armani Exchange","missing contact path | no website or booking URL","","request owner cleanup, enrich listing, or suppress if abusive"
"review_listing_quality","normal","a-and-a-audiology-scottsdale-85251-07bcba5","","","A&A Audiology","missing contact path | no website or booking URL","","request owner cleanup, enrich listing, or suppress if abusive"
"review_listing_quality","normal","a-and-a-cooling-and-heating-llc-phoenix-metro-85120-944ebfe","","","A&A Cooling And Heating Llc","missing contact path | no website or booking URL","","request owner cleanup, enrich listing, or suppress if abusive"
"review_listing_quality","normal","a-and-b-prospecting-supplies-inc-mesa-85205-1441ab2","","","A&B Prospecting Supplies, Inc","missing contact path | no website or booking URL","","request owner cleanup, enrich listing, or suppress if abusive"
"review_listing_quality","normal","a-and-m-val-vista-llc-mesa-85204-011b222","","","A&M Val Vista Llc","missing contact path | no website or booking URL","","request owner cleanup, enrich listing, or suppress if abusive"
"review_listing_quality","normal","a-and-p-nursery-mesa-85202-bfb74ae","","","A&P Nursery","missing contact path | no website or booking URL","","request owner cleanup, enrich listing, or suppress if abusive"
"review_listing_quality","normal","a-foot-spa-scottsdale-85258-a1ef046","","","A+ Foot Spa","missing contact path | no website or booking URL","","request owner cleanup, enrich listing, or suppress if abusive"
"review_listing_quality","normal","a1-spine-mesa-85201-a1f6830","","","A1 Spine","missing contact path | no website or booking URL","","request owner cleanup, enrich listing, or suppress if abusive"
"review_listing_quality","normal","a2z-diesel-performance-solutions-inc-mesa-85201-9a267bd","","","A2Z Diesel Performance Solutions, Inc.","missing contact path | no website or booking URL","","request owner cleanup, enrich listing, or suppress if abusive"
"review_listing_quality","normal","aa-foot-spa-scottsdale-85258-c153f1e","","","Aa Foot Spa","missing contact path | no website or booking URL","","request owner cleanup, enrich listing, or suppress if abusive"
"review_listing_quality","normal","aaa-arizona-inc-scottsdale-85260-2084-4db6ab3","","","Aaa Arizona Inc","missing contact path | no website or booking URL","","request owner cleanup, enrich listing, or suppress if abusive"
"review_listing_quality","normal","aaa-arizona-repair-solutions-scottsdale-85251-291d2c4","","","Aaa Arizona Repair Solutions","missing contact path | no website or booking URL","","request owner cleanup, enrich listing, or suppress if abusive"
"review_listing_quality","normal","aaa-auto-repair-center-scottsdale-85257-31d322d","","","Aaa Auto Repair Center","missing contact path | no website or booking URL","","request owner cleanup, enrich listing, or suppress if abusive"
"review_listing_quality","normal","aaa-auto-repair-center-mesa-85206-3970ee7","","","Aaa Auto Repair Center","missing contact path | no website or booking URL","","request owner cleanup, enrich listing, or suppress if abusive"
"review_listing_quality","normal","aaa-auto-repair-center-mesa-85209-a228b38","","","Aaa Auto Repair Center","missing contact path | no website or booking URL","","request owner cleanup, enrich listing, or suppress if abusive"
"review_listing_quality","normal","aaa-car-buying-scottsdale-85260-2084-142acff","","","Aaa Car Buying","missing contact path | no website or booking URL","","request owner cleanup, enrich listing, or suppress if abusive"
"review_listing_quality","normal","aaa-collision-center-scottsdale-85251-6311-c13d7e4","","","Aaa Collision Center","missing contact path | no website or booking URL","","request owner cleanup, enrich listing, or suppress if abusive"
"review_listing_quality","normal","aaa-cooling-specialists-scottsdale-85260-3058-981a5be","","","Aaa Cooling Specialists","missing contact path | no website or booking URL","","request owner cleanup, enrich listing, or suppress if abusive"
"review_listing_quality","normal","aaa-custom-tailoring-scottsdale-85257-b5fc4f6","","","Aaa Custom Tailoring","missing contact path | no website or booking URL","","request owner cleanup, enrich listing, or suppress if abusive"
"review_listing_quality","normal","aaa-dog-grooming-llc-mesa-85208-a8bb76e","","","Aaa Dog Grooming Llc","missing contact path | no website or booking URL","","request owner cleanup, enrich listing, or suppress if abusive"
"review_listing_quality","normal","aaa-hardwood-floors-inc-scottsdale-85260-2626-9631f19","","","Aaa Hardwood Floors Inc","missing contact path | no website or booking URL","","request owner cleanup, enrich listing, or suppress if abusive"
"review_listing_quality","normal","aaa-pressure-washers-and-supplies-mesa-85210-4a40f71","","","Aaa Pressure Washers & Supplies","missing contact path | no website or booking URL","","request owner cleanup, enrich listing, or suppress if abusive"
"review_listing_quality","normal","aaa-roadside-assistance-mesa-85206-ea3bca5","","","Aaa Roadside Assistance","missing contact path | no website or booking URL","","request owner cleanup, enrich listing, or suppress if abusive"
"review_listing_quality","normal","aaa-roadside-assistance-llc-scottsdale-85260-4e2634e","","","Aaa Roadside Assistance Llc","missing contact path | no website or booking URL","","request owner cleanup, enrich listing, or suppress if abusive"
"review_listing_quality","normal","aaa-world-calling-inc-scottsdale-85260-bc9da2e","","","Aaa World Calling Inc","missing contact path | no website or booking URL","","request owner cleanup, enrich listing, or suppress if abusive"
"review_listing_quality","normal","aacs-pos-inc-scottsdale-85260-4896581","","","Aacs Pos Inc","missing contact path | no website or booking URL","","request owner cleanup, enrich listing, or suppress if abusive"
"review_listing_quality","normal","aaction-movers-mesa-85210-a89d585","","","Aaction Movers","missing contact path | no website or booking URL","","request owner cleanup, enrich listing, or suppress if abusive"
"review_listing_quality","normal","aak-architecture-and-interiors-inc-scottsdale-85260-55cc6e5","","","Aak Architecture & Interiors Inc","missing contact path | no website or booking URL","","request owner cleanup, enrich listing, or suppress if abusive"
"review_listing_quality","normal","aamco-transmissions-and-total-car-care-scottsdale-85260-1d39d2d","","","Aamco Transmissions & Total Car Care","missing contact path | no website or booking URL","","request owner cleanup, enrich listing, or suppress if abusive"
"review_listing_quality","normal","aamco-transmissions-and-total-car-care-scottsdale-85257-f9acda2","","","Aamco Transmissions & Total Car Care","missing contact path | no website or booking URL","","request owner cleanup, enrich listing, or suppress if abusive"
"review_listing_quality","normal","aap-dermatology-and-cosmetic-surgery-pc-mesa-85205-ef9ce6c","","","Aap Dermatology & Cosmetic Surgery, Pc","missing contact path | no website or booking URL","","request owner cleanup, enrich listing, or suppress if abusive"
"review_listing_quality","normal","aarc-mesa-85206-0975cd4","","","Aarc","missing contact path | no website or booking URL","","request owner cleanup, enrich listing, or suppress if abusive"
"review_listing_quality","normal","aaron-duncan-smyth-scottsdale-85251-6407-3cb80bf","","","Aaron Duncan Smyth","missing contact path | no website or booking URL","","request owner cleanup, enrich listing, or suppress if abusive"
"review_listing_quality","high","aaron-s-garage-phoenix-metro-automotive-services-44010e5","","","Aaron'S Garage","missing contact path | no website or booking URL | no physical address or coordinates","","request owner cleanup, enrich listing, or suppress if abusive"
"review_listing_quality","normal","aaron-s-sales-and-lease-ownership-scottsdale-85251-7214-d292e16","","","Aaron'S Sales And Lease Ownership","missing contact path | no website or booking URL","","request owner cleanup, enrich listing, or suppress if abusive"
"review_listing_quality","normal","ab-design-elements-llc-scottsdale-85259-59a396a","","","Ab Design Elements Llc","missing contact path | no website or booking URL","","request owner cleanup, enrich listing, or suppress if abusive"
"review_listing_quality","normal","aba-golden-steps-az-mesa-85210-2180a5e","","","Aba Golden Steps Az","missing contact path | no website or booking URL","","request owner cleanup, enrich listing, or suppress if abusive"
"review_listing_quality","normal","abacus-forensic-polygraph-llc-mesa-85202-a8b60bf","","","Abacus Forensic Polygraph, Llc","missing contact path | no website or booking URL","","request owner cleanup, enrich listing, or suppress if abusive"
"review_listing_quality","normal","abbie-major-skin-love-llc-scottsdale-85257-4510-0175d86","","","Abbie Major Skin Love Llc","missing contact path | no website or booking URL","","request owner cleanup, enrich listing, or suppress if abusive"
"review_listing_quality","normal","abbott-scottsdale-85255-5429-d17a149","","","Abbott","missing contact path | no website or booking URL","","request owner cleanup, enrich listing, or suppress if abusive"
"review_listing_quality","normal","abbott-nutrition-scottsdale-85254-0afd082","","","Abbott Nutrition","missing contact path | no website or booking URL","","request owner cleanup, enrich listing, or suppress if abusive"
"review_listing_quality","normal","abbsolutely-organized-scottsdale-85254-4134619","","","Abbsolutely Organized","missing contact path | no website or booking URL","","request owner cleanup, enrich listing, or suppress if abusive"
"review_listing_quality","normal","abby-garcia-phd-llc-scottsdale-85255-402348f","","","Abby Garcia Phd Llc","missing contact path | no website or booking URL","","request owner cleanup, enrich listing, or suppress if abusive"
"review_listing_quality","normal","abby-norman-coaching-llc-scottsdale-85258-4028c92","","","Abby Norman Coaching Llc","missing contact path | no website or booking URL","","request owner cleanup, enrich listing, or suppress if abusive"
"review_listing_quality","high","abby-s-and-rosho-s-bakery-llc-phoenix-metro-restaurant-food-service-702f1c6","","","Abby'S & Rosho`S Bakery Llc","missing contact path | no website or booking URL | no physical address or coordinates","","request owner cleanup, enrich listing, or suppress if abusive"
"review_listing_quality","normal","abc-auto-llc-scottsdale-85257-28083b9","","","Abc Auto Llc","missing contact path | no website or booking URL","","request owner cleanup, enrich listing, or suppress if abusive"
"review_listing_quality","normal","abc-bicycles-and-jet-ski-rentals-mesa-85204-0d2b3c9","","","Abc Bicycles And Jet Ski Rentals","missing contact path | no website or booking URL","","request owner cleanup, enrich listing, or suppress if abusive"
"review_listing_quality","normal","abc-care-llc-mesa-85213-1b504f6","","","Abc Care Llc","missing contact path | no website or booking URL","","request owner cleanup, enrich listing, or suppress if abusive"
"review_listing_quality","normal","abc-dentistry-for-children-mesa-85209-20cc835","","","Abc Dentistry For Children","missing contact path | no website or booking URL","","request owner cleanup, enrich listing, or suppress if abusive"
"review_listing_quality","normal","abc-food-store-mesa-85203-46aa0cb","","","Abc Food Store","missing contact path | no website or booking URL","","request owner cleanup, enrich listing, or suppress if abusive"
"review_listing_quality","normal","abc-hearing-mesa-85207-d657c37","","","Abc Hearing","missing contact path | no website or booking URL","","request owner cleanup, enrich listing, or suppress if abusive"
