id,name,category,subcategory,niche,city,state,zip,phone,email,website,booking_url,verification_score,starting_price,price_mode,claim_status,duplicate_status,identity_key,source_file,last_verified
"fade-masters-phx","Fade Masters PHX","Haircuts","Barber","Barber","Phoenix","AZ","85003","(602) 555-0123","book@fademastersphx.com","https://fademastersphx.com","https://book.fademastersphx.com","90","35","STARTING_AT","unclaimed","unscanned","domain:fademastersphx.com","seed/businesses/core.json","2026-02-04"
"480-realty-property-management-mesa-85209","480 Realty & Property Management","Real Estate And Property","Property Management","Residential Property Management","Mesa","AZ","85209","(480) 282-1234","mario@480realtypm.com","https://480-realty-property-management.pages.dev/","https://realty480pm.appfolio.com/","63","","CONTACT_FOR_QUOTE","unclaimed","unscanned","domain:480-realty-property-management.pages.dev","seed/businesses/clients.json","2026-05-19"
"bobs-smoke-shop-litchfield-park","Bob's Smoke Shop","Retail And Specialty","Smoke Shop","Smoke Shop","Litchfield Park","AZ","85340","(623) 935-0786","bobsmokeshopaz@gmail.com","https://metraiyux-0s-full-system.graylondonskyes.workers.dev/skyenet/bobs-smoke-shop/","https://metraiyux-0s-full-system.graylondonskyes.workers.dev/skyenet/bobs-smoke-shop/contact.html","63","","CONTACT_FOR_QUOTE","unclaimed","unscanned","domain:metraiyux-0s-full-system.graylondonskyes.workers.dev","seed/businesses/clients.json","2026-05-17"
"empire-pallets-phoenix","Empire Pallets","Business Services","Commercial Pallet Supply","Pallet Supply And Recycling","Phoenix","AZ","85009","(480) 662-6551","sales@empirepalletsaz.com","https://empire-pallets.pages.dev/","https://empire-pallets.pages.dev/quote.html","63","","CONTACT_FOR_QUOTE","unclaimed","unscanned","domain:empire-pallets.pages.dev","seed/businesses/clients.json","2026-05-17"
"next-level-gaming-goodyear","Next Level Gaming","Retail And Specialty","Trading Card Shop","Trading Card Shop","Goodyear","AZ","85338","(623) 248-7458","nlgaming2023@gmail.com","https://www.nextlevelgamingaz.com/","https://btdgamingtcg.tcgplayerpro.com/","59","","CONTACT_FOR_QUOTE","unclaimed","unscanned","domain:nextlevelgamingaz.com","seed/businesses/clients.json","2026-05-19"
"arclight-pictures-tucson","ArcLight Pictures","Creative Services","Video Production","Film / Video Production","Phoenix Metro","AZ","","(520) 230-1992","","https://arclight-pictures.pages.dev/","https://arclight-pictures.pages.dev/contact.html","55","","CONTACT_FOR_QUOTE","unclaimed","unscanned","domain:arclight-pictures.pages.dev","seed/businesses/clients.json","2026-05-19"
"as-you-wish-pottery-westgate","As You Wish Pottery","Creative Services","Paint-Your-Own Pottery Studio","Pottery Studio / Art Experience","Glendale","AZ","85305","(623) 772-5403","","https://www.asyouwishpottery.com","","55","","FREE99_PLATFORM_INCLUDED","unclaimed","unscanned","domain:asyouwishpottery.com","seed/businesses/northstar-clients.json","2026-05-27"
"chicken-n-pickle-westgate","Chicken N Pickle","Food And Events","Pickleball Club / Restaurant","Pickleball Club / Restaurant","Glendale","AZ","85305","(623) 352-8950","","https://chickennpickle.com","","55","","FREE99_PLATFORM_INCLUDED","unclaimed","unscanned","domain:chickennpickle.com","seed/businesses/northstar-clients.json","2026-05-27"
"dave-and-busters-westgate","Dave & Buster’s","Food And Events","Restaurant / Entertainment","Arcade Sports Bar / Event Venue","Glendale","AZ","85305","(623) 759-7800","","https://www.daveandbusters.com","","55","","FREE99_PLATFORM_INCLUDED","unclaimed","unscanned","domain:daveandbusters.com","seed/businesses/northstar-clients.json","2026-05-27"
"dink-and-dine-pickle-park-mesa-85201-5432605","Dink & Dine Pickle Park","Food And Events","Restaurant / Entertainment","Pickleball Club / Restaurant","Mesa","AZ","85201","(480) 719-4697","","https://dink-and-dine-pickle-park.pages.dev/","https://app.courtreserve.com/Online/Account/LogIn/12401","55","","CONTACT_FOR_QUOTE","unclaimed","merged","domain:dink-and-dine-pickle-park.pages.dev","seed/businesses/clients.json, seed/businesses/inbox/valley_verified_public_lead_build_2026-05-19_v4.csv","2026-05-19"
"escape-westgate","Escape Westgate","Food And Events","Escape Room","Escape Room Venue","Glendale","AZ","85305","(623) 282-1979","","https://www.escapewestgate.com","","55","","FREE99_PLATFORM_INCLUDED","unclaimed","unscanned","domain:escapewestgate.com","seed/businesses/northstar-clients.json","2026-05-27"
"popstroke-westgate","PopStroke","Food And Events","Restaurant / Entertainment","Social Mini Golf / Restaurant","Glendale","AZ","85305","(623) 323-0002","","https://popstroke.com","","55","","FREE99_PLATFORM_INCLUDED","unclaimed","unscanned","domain:popstroke.com","seed/businesses/northstar-clients.json","2026-05-27"
"state-farm-stadium","State Farm Stadium","Food And Events","Stadium / Event Venue","Stadium / Tours / Private Events","Glendale","AZ","85305","(623) 433-7101","","https://www.statefarmstadium.com/","","55","","FREE99_PLATFORM_INCLUDED","unclaimed","unscanned","domain:statefarmstadium.com","seed/businesses/northstar-clients.json","2026-05-27"
"stir-crazy-comedy-club","Stir Crazy","Food And Events","Comedy Club","Comedy Club / Live Entertainment","Glendale","AZ","85305","(623) 565-8667","","https://www.stircrazycomedyclub.com","","55","","FREE99_PLATFORM_INCLUDED","unclaimed","unscanned","domain:stircrazycomedyclub.com","seed/businesses/northstar-clients.json","2026-05-27"
"techbros-electronic-recycling-and-itad-scottsdale-85260-8909b0c","Techbros Electronic Recycling & ITAD","Business Services","Electronics Recycling / ITAD","Electronics Recycling / ITAD","Scottsdale","AZ","85260","(480) 447-7356","","https://techbros-electronic-recycling-itad.pages.dev/","https://techbros-electronic-recycling-itad.pages.dev/quote.html","55","","CONTACT_FOR_QUOTE","unclaimed","merged","domain:techbros-electronic-recycling-itad.pages.dev","seed/businesses/clients.json, seed/businesses/inbox/valley_verified_public_lead_build_2026-05-19_v4.csv","2026-05-19"
"goodyear-ballpark","Goodyear Ballpark","Food And Events","Ballpark / Sports Venue","Ballpark / Events / Community Venue","Goodyear","AZ","","","","https://goodyearbp.com/","","47","","FREE99_PLATFORM_INCLUDED","unclaimed","unscanned","domain:goodyearbp.com","seed/businesses/northstar-clients.json","2026-05-27"
"the-wigwam-resort","The Wigwam","Food And Events","Resort / Event Venue","Resort / Meetings / Weddings","Litchfield Park","AZ","","","","https://www.wigwamarizona.com/","","47","","FREE99_PLATFORM_INCLUDED","unclaimed","unscanned","domain:wigwamarizona.com","seed/businesses/northstar-clients.json","2026-05-27"
"theaterworks-peoria","TheaterWorks","Creative Services","Performing Arts Venue","Theater Company / Arts Education","Peoria","AZ","","","","https://theaterworks.org/","","47","","FREE99_PLATFORM_INCLUDED","unclaimed","unscanned","domain:theaterworks.org","seed/businesses/northstar-clients.json","2026-05-27"
"westgate-entertainment-district","Westgate","Food And Events","Entertainment District","Entertainment District / Destination","Glendale","AZ","85305","","","https://westgateaz.com/","","47","","FREE99_PLATFORM_INCLUDED","unclaimed","unscanned","domain:westgateaz.com","seed/businesses/northstar-clients.json","2026-05-27"
"alerus-phoenix-85008-783cb2b","Alerus","Legal And Financial","Small Business Banking / SBA Lending","Small Business Banking / SBA Lending","Phoenix","AZ","85008","(602) 346-1800","","https://alerus.com","","21","","CONTACT_FOR_QUOTE","unclaimed","unscanned","domain:alerus.com","seed/businesses/inbox/valley_verified_public_lead_build_2026-05-19_v4.csv","2026-05-19"
"american-technology-specialists-mesa-85210-142f7ae","American Technology Specialists","Business Services","IT Services","IT Services","Mesa","AZ","85210","(480) 491-1400","","https://www.technologyspec.com","","21","","CONTACT_FOR_QUOTE","unclaimed","unscanned","domain:technologyspec.com","seed/businesses/inbox/valley_verified_public_lead_build_2026-05-19_v4.csv","2026-05-19"
"ames-construction-inc-scottsdale-85255-1a3d9fd","Ames Construction, Inc.","Home Services","Construction Contractor","Construction Contractor","Scottsdale","AZ","85255","(602) 431-2111","","https://www.amesconstruction.com","","21","","CONTACT_FOR_QUOTE","unclaimed","unscanned","domain:amesconstruction.com","seed/businesses/inbox/valley_verified_public_lead_build_2026-05-19_v4.csv","2026-05-19"
"ap-professionals-of-arizona-scottsdale-85251-d6ce44c","AP Professionals of Arizona","Business Services","Technology Staffing / Recruiting","Technology Staffing / Recruiting","Scottsdale","AZ","85251","(480) 947-1441","","https://www.approus.com","","21","","CONTACT_FOR_QUOTE","unclaimed","merged","domain:approus.com","seed/businesses/inbox/valley_verified_public_lead_build_2026-05-19_v4.csv","2026-05-19"
"apartment-hunters-phoenix-85051-4a7265c","Apartment Hunters","Real Estate And Property","Apartment Locating / Real Estate","Apartment Locating / Real Estate","Phoenix","AZ","85051","(602) 863-1500","","https://www.valleywidehouses.com","","21","","CONTACT_FOR_QUOTE","unclaimed","unscanned","domain:valleywidehouses.com","seed/businesses/inbox/valley_verified_public_lead_build_2026-05-19_v4.csv","2026-05-19"
"arizona-alliance-for-community-health-centers-phoenix-85034-c9af822","Arizona Alliance for Community Health Centers","Health And Care","Health Association","Health Association","Phoenix","AZ","85034","(602) 288-7547","","https://www.aachc.org","","21","","CONTACT_FOR_QUOTE","unclaimed","unscanned","domain:aachc.org","seed/businesses/inbox/valley_verified_public_lead_build_2026-05-19_v4.csv","2026-05-19"
"arizona-best-real-estate-scottsdale-85254-c8dd9fe","Arizona Best Real Estate","Real Estate And Property","Real Estate Brokerage","Real Estate Brokerage","Scottsdale","AZ","85254","(480) 948-4711","","https://www.arizonabest.com","","21","","CONTACT_FOR_QUOTE","unclaimed","unscanned","domain:arizonabest.com","seed/businesses/inbox/valley_verified_public_lead_build_2026-05-19_v4.csv","2026-05-19"
"austin-commercial-l-p-phoenix-85027-474a9c5","Austin Commercial, L.P.","Home Services","Commercial Construction","Commercial Construction","Phoenix","AZ","85027","(602) 267-1879","","https://www.austin-ind.com","","21","","CONTACT_FOR_QUOTE","unclaimed","unscanned","domain:austin-ind.com","seed/businesses/inbox/valley_verified_public_lead_build_2026-05-19_v4.csv","2026-05-19"
"aventura-catering-phoenix-85004-352fe2c","Aventura Catering","Food And Events","Catering","Catering","Phoenix","AZ","85004","(602) 534-8607","","https://www.aventuracatering.com","","21","","CONTACT_FOR_QUOTE","unclaimed","unscanned","domain:aventuracatering.com","seed/businesses/inbox/valley_verified_public_lead_build_2026-05-19_v4.csv","2026-05-19"
"baker-commodities-inc-phoenix-85005-460fcbd","Baker Commodities, Inc.","Local Services","Recycling / Rendering Services","Recycling / Rendering Services","Phoenix","AZ","85005","(602) 254-5971","","https://www.bakercommodities.com","","21","","CONTACT_FOR_QUOTE","unclaimed","merged","domain:bakercommodities.com","seed/businesses/inbox/valley_verified_public_lead_build_2026-05-19_v4.csv","2026-05-19"
"bbsi-barrett-business-services-inc-scottsdale-85250-175a1ff","BBSI/Barrett Business Services, Inc.","Legal And Financial","HR / Payroll / Business Services","HR / Payroll / Business Services","Scottsdale","AZ","85250","(480) 839-4400","","https://www.bbsi.com","","21","","CONTACT_FOR_QUOTE","unclaimed","merged","domain:bbsi.com","seed/businesses/inbox/valley_verified_public_lead_build_2026-05-19_v4.csv","2026-05-19"
"beatitudes-campus-phoenix-85021-e66a4ed","Beatitudes Campus","Health And Care","Senior Living / Care Campus","Senior Living / Care Campus","Phoenix","AZ","85021","(602) 995-6100","","https://www.beatitudescampus.org","","21","","CONTACT_FOR_QUOTE","unclaimed","merged","domain:beatitudescampus.org","seed/businesses/inbox/valley_verified_public_lead_build_2026-05-19_v4.csv","2026-05-19"
"beer-and-wine-distributors-of-arizona-phoenix-85003-782e174","Beer & Wine Distributors of Arizona","Local Services","Trade Association / Distributors","Trade Association / Distributors","Phoenix","AZ","85003","(602) 445-6345","","https://bwdaz.com","","21","","CONTACT_FOR_QUOTE","unclaimed","unscanned","domain:bwdaz.com","seed/businesses/inbox/valley_verified_public_lead_build_2026-05-19_v4.csv","2026-05-19"
"beltmann-group-inc-agent-for-north-american-van-lines-phoenix-85009-2285722","Beltmann Group, Inc. - Agent for North American Van Lines","Local Services","Moving / Relocation Services","Moving / Relocation Services","Phoenix","AZ","85009","(602) 484-7665","","https://beltmann.com","","21","","CONTACT_FOR_QUOTE","unclaimed","unscanned","domain:beltmann.com","seed/businesses/inbox/valley_verified_public_lead_build_2026-05-19_v4.csv","2026-05-19"
"border-states-electric-supply-phoenix-85034-85275d9","Border States Electric Supply","Home Services","Electrical Supply","Electrical Supply","Phoenix","AZ","85034","(602) 244-0331","","https://www.borderstateselectric.com","","21","","CONTACT_FOR_QUOTE","unclaimed","unscanned","domain:borderstateselectric.com","seed/businesses/inbox/valley_verified_public_lead_build_2026-05-19_v4.csv","2026-05-19"
"breyer-law-offices-p-c-phoenix-85044-9980de5","Breyer Law Offices, P.C.","Legal And Financial","Personal Injury Law Firm","Personal Injury Law Firm","Phoenix","AZ","85044","(480) 588-8508","","https://www.breyerlaw.com","","21","","CONTACT_FOR_QUOTE","unclaimed","merged","domain:breyerlaw.com","seed/businesses/inbox/valley_verified_public_lead_build_2026-05-19_v4.csv","2026-05-19"
"bridgeway-health-solutions-tempe-85281-9163161","Bridgeway Health Solutions","Health And Care","Health Solutions / Managed Care","Health Solutions / Managed Care","Tempe","AZ","85281","(866) 475-3129","","https://bridgewayhs.com","","21","","CONTACT_FOR_QUOTE","unclaimed","unscanned","domain:bridgewayhs.com","seed/businesses/inbox/valley_verified_public_lead_build_2026-05-19_v4.csv","2026-05-19"
"brown-and-brown-insurance-of-arizona-inc-phoenix-85004-b4e68c9","Brown & Brown Insurance of Arizona, Inc.","Legal And Financial","Insurance Brokerage","Insurance Brokerage","Phoenix","AZ","85004","(602) 277-6672","","https://bbphoenix.com","","21","","CONTACT_FOR_QUOTE","unclaimed","unscanned","domain:bbphoenix.com","seed/businesses/inbox/valley_verified_public_lead_build_2026-05-19_v4.csv","2026-05-19"
"burch-and-cracchiolo-p-a-phoenix-85004-acf6c6b","Burch & Cracchiolo, P.A.","Legal And Financial","Legal Services","Legal Services","Phoenix","AZ","85004","(602) 274-7611","","https://www.bcattorneys.com","","21","","CONTACT_FOR_QUOTE","unclaimed","merged","domain:bcattorneys.com","seed/businesses/inbox/valley_verified_public_lead_build_2026-05-19_v4.csv","2026-05-19"
"carollo-engineers-inc-phoenix-85034-7ad9b48","Carollo Engineers, Inc.","Local Services","Environmental Engineering","Environmental Engineering","Phoenix","AZ","85034","(602) 263-9500","","https://www.carollo.com","","21","","CONTACT_FOR_QUOTE","unclaimed","merged","domain:carollo.com","seed/businesses/inbox/valley_verified_public_lead_build_2026-05-19_v4.csv","2026-05-19"
"chas-roberts-air-conditioning-inc-phoenix-85021-1ea814f","Chas Roberts Air Conditioning, Inc.","Home Services","Air Conditioning / HVAC","Air Conditioning / HVAC","Phoenix","AZ","85021","(602) 943-7291","","https://www.chasroberts.com","","21","","CONTACT_FOR_QUOTE","unclaimed","merged","domain:chasroberts.com","seed/businesses/inbox/valley_verified_public_lead_build_2026-05-19_v4.csv","2026-05-19"
"city-of-hope-phoenix-goodyear-85338-ecfea5d","City of Hope - Phoenix","Health And Care","Cancer Treatment Center","Cancer Treatment Center","Goodyear","AZ","85338","(623) 207-3000","","https://cancercenter.com","","21","","CONTACT_FOR_QUOTE","unclaimed","unscanned","domain:cancercenter.com","seed/businesses/inbox/valley_verified_public_lead_build_2026-05-19_v4.csv","2026-05-19"
"cizek-associates-inc-phoenix-85016-426ff6c","Cizek Associates, Inc.","Business Services","Consulting / Professional Services","Consulting / Professional Services","Phoenix","AZ","85016","(602) 553-1066","","https://www.cizekassociates.com","","21","","CONTACT_FOR_QUOTE","unclaimed","merged","domain:cizekassociates.com","seed/businesses/inbox/valley_verified_public_lead_build_2026-05-19_v4.csv","2026-05-19"
"clear-channel-outdoor-phoenix-phoenix-85016-657302e","Clear Channel Outdoor Phoenix","Business Services","Outdoor Advertising / Media Tech","Outdoor Advertising / Media Tech","Phoenix","AZ","85016","(602) 381-5700","","https://www.clearchanneloutdoor.com","","21","","CONTACT_FOR_QUOTE","unclaimed","unscanned","domain:clearchanneloutdoor.com","seed/businesses/inbox/valley_verified_public_lead_build_2026-05-19_v4.csv","2026-05-19"
"colliers-international-phoenix-phoenix-85016-1b0cc51","Colliers International - Phoenix","Real Estate And Property","Commercial Real Estate","Commercial Real Estate","Phoenix","AZ","85016","(602) 222-5000","","https://www.colliers.com","","21","","CONTACT_FOR_QUOTE","unclaimed","unscanned","domain:colliers.com","seed/businesses/inbox/valley_verified_public_lead_build_2026-05-19_v4.csv","2026-05-19"
"corporate-interior-systems-inc-phoenix-85040-d3d75cf","Corporate Interior Systems, Inc.","Business Services","Office Furniture / Interiors","Office Furniture / Interiors","Phoenix","AZ","85040","(602) 304-0100","","https://www.cisinphx.com","","21","","CONTACT_FOR_QUOTE","unclaimed","unscanned","domain:cisinphx.com","seed/businesses/inbox/valley_verified_public_lead_build_2026-05-19_v4.csv","2026-05-19"
"coulter-cadillac-inc-phoenix-85014-4555168","Coulter Cadillac, Inc.","Auto Services","Auto Dealer","Auto Dealer","Phoenix","AZ","85014","(602) 264-1188","","https://www.coultercadillac.com","","21","","CONTACT_FOR_QUOTE","unclaimed","unscanned","domain:coultercadillac.com","seed/businesses/inbox/valley_verified_public_lead_build_2026-05-19_v4.csv","2026-05-19"
"delta-dental-of-arizona-scottsdale-85254-635c247","Delta Dental of Arizona","Health And Care","Dental Insurance / Health Plan","Dental Insurance / Health Plan","Scottsdale","AZ","85254","(602) 938-3131","","https://deltadentalaz.com","","21","","CONTACT_FOR_QUOTE","unclaimed","unscanned","domain:deltadentalaz.com","seed/businesses/inbox/valley_verified_public_lead_build_2026-05-19_v4.csv","2026-05-19"
"delta-diversified-enterprises-inc-tempe-85283-93b3bbf","Delta Diversified Enterprises, Inc.","Home Services","Electrical Contractor","Electrical Contractor","Tempe","AZ","85283","(480) 831-0532","","https://www.deltadiv.com","","21","","CONTACT_FOR_QUOTE","unclaimed","unscanned","domain:deltadiv.com","seed/businesses/inbox/valley_verified_public_lead_build_2026-05-19_v4.csv","2026-05-19"
"desert-ridge-marketplace-phoenix-85050-4d37756","Desert Ridge Marketplace","Real Estate And Property","Shopping Center / Retail Property","Shopping Center / Retail Property","Phoenix","AZ","85050","(480) 513-7586","","https://www.shopdesertridge.com","","21","","CONTACT_FOR_QUOTE","unclaimed","unscanned","domain:shopdesertridge.com","seed/businesses/inbox/valley_verified_public_lead_build_2026-05-19_v4.csv","2026-05-19"
"dircks-moving-and-logistics-phoenix-85043-2c4cabf","Dircks Moving & Logistics","Business Services","Moving / Logistics","Moving / Logistics","Phoenix","AZ","85043","(602) 267-9401","","https://www.dircks.com","","21","","CONTACT_FOR_QUOTE","unclaimed","unscanned","domain:dircks.com","seed/businesses/inbox/valley_verified_public_lead_build_2026-05-19_v4.csv","2026-05-19"
"duffy-group-inc-phoenix-85050-2ee1ed3","Duffy Group, Inc.","Local Services","Executive Search / Recruiting","Executive Search / Recruiting","Phoenix","AZ","85050","(602) 861-5840","","https://www.duffygroup.com","","21","","CONTACT_FOR_QUOTE","unclaimed","merged","domain:duffygroup.com","seed/businesses/inbox/valley_verified_public_lead_build_2026-05-19_v4.csv","2026-05-19"
"dwl-architects-and-planners-inc-phoenix-85004-02228af","DWL Architects & Planners, Inc.","Local Services","Architecture / Planning","Architecture / Planning","Phoenix","AZ","85004","(602) 264-9731","","https://www.dwlarchitects.com","","21","","CONTACT_FOR_QUOTE","unclaimed","merged","domain:dwlarchitects.com","seed/businesses/inbox/valley_verified_public_lead_build_2026-05-19_v4.csv","2026-05-19"
"elontec-llc-phoenix-85043-d1d9715","Elontec, LLC","Business Services","Office Relocation / Tech Services","Office Relocation / Tech Services","Phoenix","AZ","85043","(602) 759-5500","","https://elontec.com","","21","","CONTACT_FOR_QUOTE","unclaimed","merged","domain:elontec.com","seed/businesses/inbox/valley_verified_public_lead_build_2026-05-19_v4.csv","2026-05-19"
"fairytale-brownies-inc-phoenix-85040-d1096b3","Fairytale Brownies, Inc.","Food And Events","Bakery / Ecommerce Food","Bakery / Ecommerce Food","Phoenix","AZ","85040","(800) 531-5209","","https://www.brownies.com","","21","","CONTACT_FOR_QUOTE","unclaimed","unscanned","domain:brownies.com","seed/businesses/inbox/valley_verified_public_lead_build_2026-05-19_v4.csv","2026-05-19"
"gallagher-and-kennedy-p-a-phoenix-85016-887b1be","Gallagher & Kennedy, P.A.","Legal And Financial","Law Firm","Law Firm","Phoenix","AZ","85016","(602) 530-8000","","https://gknet.com","","21","","CONTACT_FOR_QUOTE","unclaimed","unscanned","domain:gknet.com","seed/businesses/inbox/valley_verified_public_lead_build_2026-05-19_v4.csv","2026-05-19"
"hallier-stearns-brierley-plc-phoenix-85018-6394357","Hallier Stearns Brierley PLC","Legal And Financial","Law Firm","Law Firm","Phoenix","AZ","85018","(602) 285-5500","","https://hallierlaw.com","","21","","CONTACT_FOR_QUOTE","unclaimed","unscanned","domain:hallierlaw.com","seed/businesses/inbox/valley_verified_public_lead_build_2026-05-19_v4.csv","2026-05-19"
"hdr-engineering-inc-phoenix-85012-7e0544d","HDR Engineering, Inc.","Local Services","Engineering","Engineering","Phoenix","AZ","85012","(602) 522-7700","","https://hdrinc.com","","21","","CONTACT_FOR_QUOTE","unclaimed","unscanned","domain:hdrinc.com","seed/businesses/inbox/valley_verified_public_lead_build_2026-05-19_v4.csv","2026-05-19"
"hospice-of-the-valley-phoenix-85014-e3bf8fd","Hospice of the Valley","Health And Care","Hospice Care","Hospice Care","Phoenix","AZ","85014","(602) 530-6900","","https://hov.org","","21","","CONTACT_FOR_QUOTE","unclaimed","unscanned","domain:hov.org","seed/businesses/inbox/valley_verified_public_lead_build_2026-05-19_v4.csv","2026-05-19"
"huitt-zollars-inc-phoenix-85018-3d69524","Huitt-Zollars, Inc.","Local Services","Engineering / Architecture","Engineering / Architecture","Phoenix","AZ","85018","(602) 252-8384","","https://huitt-zollars.com","","21","","CONTACT_FOR_QUOTE","unclaimed","unscanned","domain:huitt-zollars.com","seed/businesses/inbox/valley_verified_public_lead_build_2026-05-19_v4.csv","2026-05-19"
"ideas-collide-scottsdale-85251-bfb98cf","Ideas Collide","Creative Services","Marketing / Digital Services","Marketing / Digital Services","Scottsdale","AZ","85251","(480) 659-4520","","https://www.ideascollide.com","","21","","CONTACT_FOR_QUOTE","unclaimed","merged","domain:ideascollide.com","seed/businesses/inbox/valley_verified_public_lead_build_2026-05-19_v4.csv","2026-05-19"
"integrity-a-c-and-heating-llc-phoenix-85024-a69003d","Integrity A/C & Heating, LLC","Home Services","HVAC Contractor","HVAC Contractor","Phoenix","AZ","85024","(602) 971-0567","","https://integrity-hvac.com","","21","","CONTACT_FOR_QUOTE","unclaimed","unscanned","domain:integrity-hvac.com","seed/businesses/inbox/valley_verified_public_lead_build_2026-05-19_v4.csv","2026-05-19"
"invader-pest-management-inc-glendale-85311-b53c5ba","Invader Pest Management, Inc.","Home Services","Pest Control","Pest Control","Glendale","AZ","85311","(623) 435-0228","","https://www.invader.net","","21","","CONTACT_FOR_QUOTE","unclaimed","unscanned","domain:invader.net","seed/businesses/inbox/valley_verified_public_lead_build_2026-05-19_v4.csv","2026-05-19"
"jani-king-of-phoenix-phoenix-85020-852149a","Jani-King of Phoenix","Home Services","Commercial Cleaning / Janitorial","Commercial Cleaning / Janitorial","Phoenix","AZ","85020","(602) 433-0550","","https://www.janiking.com","","21","","CONTACT_FOR_QUOTE","unclaimed","merged","domain:janiking.com","seed/businesses/inbox/valley_verified_public_lead_build_2026-05-19_v4.csv","2026-05-19"
"keo-marketing-inc-phoenix-85004-bee14f3","KEO Marketing Inc","Creative Services","B2B Marketing Agency","B2B Marketing Agency","Phoenix","AZ","85004","(480) 413-2090","","https://keomarketing.com","","21","","CONTACT_FOR_QUOTE","unclaimed","unscanned","domain:keomarketing.com","seed/businesses/inbox/valley_verified_public_lead_build_2026-05-19_v4.csv","2026-05-19"
"mcfarland-s-carpet-service-phoenix-85008-b3c608a","McFarland's Carpet Service","Home Services","Carpet / Flooring Service","Carpet / Flooring Service","Phoenix","AZ","85008","(602) 244-9329","","https://www.mcfarlandscarpet.com","","21","","CONTACT_FOR_QUOTE","unclaimed","unscanned","domain:mcfarlandscarpet.com","seed/businesses/inbox/valley_verified_public_lead_build_2026-05-19_v4.csv","2026-05-19"
"mpr-med-exercise-phoenix-salon-personal-care-d469bb3","MPR Med Exercise","Beauty And Wellness","Medical Exercise / Mobile Fitness","Medical Exercise / Mobile Fitness","Scottsdale","AZ","85250","(602) 980-4199","","https://mprmedexercise.com","","21","","CONTACT_FOR_QUOTE","unclaimed","merged","domain:mprmedexercise.com","seed/businesses/inbox/valley_verified_public_lead_build_2026-05-19_v4.csv","2026-05-19"
"north-central-news-inc-phoenix-85016-c99746d","North Central News, Inc.","Beauty And Wellness","Local Media / Newspaper","Local Media / Newspaper","Phoenix","AZ","85016","(602) 277-2742","","https://northcentralnews.net","","21","","CONTACT_FOR_QUOTE","unclaimed","unscanned","domain:northcentralnews.net","seed/businesses/inbox/valley_verified_public_lead_build_2026-05-19_v4.csv","2026-05-19"
"o-neil-printing-inc-phoenix-85040-7141017","O'Neil Printing, Inc.","Business Services","Printing Services","Printing Services","Phoenix","AZ","85040","(602) 258-7789","","https://oneilprint.com","","21","","CONTACT_FOR_QUOTE","unclaimed","unscanned","domain:oneilprint.com","seed/businesses/inbox/valley_verified_public_lead_build_2026-05-19_v4.csv","2026-05-19"
"omega-test-and-balance-llc-phoenix-85029-a8409db","Omega Test & Balance, LLC","Home Services","HVAC Testing / Balancing","HVAC Testing / Balancing","Phoenix","AZ","85029","(602) 441-4727","","https://omegatab.com","","21","","CONTACT_FOR_QUOTE","unclaimed","unscanned","domain:omegatab.com","seed/businesses/inbox/valley_verified_public_lead_build_2026-05-19_v4.csv","2026-05-19"
"palamerican-security-phoenix-85023-2d99f7d","PalAmerican Security","Business Services","Security Services","Security Services","Phoenix","AZ","85023","(602) 331-7000","","https://palamerican.com","","21","","CONTACT_FOR_QUOTE","unclaimed","unscanned","domain:palamerican.com","seed/businesses/inbox/valley_verified_public_lead_build_2026-05-19_v4.csv","2026-05-19"
"pearson-s-enterprises-inc-phoenix-85009-8f4c7a1","Pearson's Enterprises, Inc.","Business Services","Signage / Printing","Signage / Printing","Phoenix","AZ","85009","(602) 272-9461","","https://pearsonsigns.com","","21","","CONTACT_FOR_QUOTE","unclaimed","unscanned","domain:pearsonsigns.com","seed/businesses/inbox/valley_verified_public_lead_build_2026-05-19_v4.csv","2026-05-19"
"penrose-academy-scottsdale-85254-b32c90d","Penrose Academy","Beauty And Wellness","Cosmetology / Barber School","Cosmetology / Barber School","Scottsdale","AZ","85254","(480) 222-9540","","https://www.penrose.edu","","21","","CONTACT_FOR_QUOTE","unclaimed","unscanned","domain:penrose.edu","seed/businesses/inbox/valley_verified_public_lead_build_2026-05-19_v4.csv","2026-05-19"
"phoenix-fence-co-phoenix-85040-22e13e2","Phoenix Fence Co.","Local Services","Fencing And Gates","Fencing And Gates","Phoenix","AZ","85040","(602) 276-4283","","https://www.phoenixfence.com","","21","","CONTACT_FOR_QUOTE","unclaimed","unscanned","domain:phoenixfence.com","seed/businesses/inbox/valley_verified_public_lead_build_2026-05-19_v4.csv","2026-05-19"
"pixa-phoenix-85040-c787c03","Pixa","Creative Services","Branding / Design / Web","Branding / Design / Web","Phoenix","AZ","85040","(480) 380-2201","","https://ThinkPixa.com","","21","","CONTACT_FOR_QUOTE","unclaimed","unscanned","domain:thinkpixa.com","seed/businesses/inbox/valley_verified_public_lead_build_2026-05-19_v4.csv","2026-05-19"
"amazon-phoenix-major-employer-adc4ff0","Amazon","Major Employers","Major Employer","Major Employer","Phoenix","AZ","","","","https://www.amazon.com","","13","","CONTACT_FOR_QUOTE","unclaimed","unscanned","domain:amazon.com","seed/businesses/inbox/az_businesses_seed.csv","2026-05-27"
"american-express-phoenix-legal-financial-services-accebed","American Express","Legal And Financial","Legal / Financial Services","Legal / Financial Services","Phoenix","AZ","","","","https://www.americanexpress.com","","13","","CONTACT_FOR_QUOTE","unclaimed","unscanned","domain:americanexpress.com","seed/businesses/inbox/az_businesses_seed.csv","2026-05-27"
"arizona-state-university-tempe-education-childcare-d5b33c6","Arizona State University","Education And Childcare","Education / Childcare","Education / Childcare","Tempe","AZ","","","","https://www.asu.edu","","13","","CONTACT_FOR_QUOTE","unclaimed","unscanned","domain:asu.edu","seed/businesses/inbox/az_businesses_seed.csv","2026-05-27"
"avnet-phoenix-contractor-home-service-014d78b","Avnet","Home Services","Contractor / Home Service","Contractor / Home Service","Phoenix","AZ","","","","https://www.avnet.com","","13","","CONTACT_FOR_QUOTE","unclaimed","unscanned","domain:avnet.com","seed/businesses/inbox/az_businesses_seed.csv","2026-05-27"
"banner-health-phoenix-healthcare-wellness-e134708","Banner Health","Health And Care","Healthcare / Wellness","Healthcare / Wellness","Phoenix","AZ","","","","https://www.bannerhealth.com","","13","","CONTACT_FOR_QUOTE","unclaimed","unscanned","domain:bannerhealth.com","seed/businesses/inbox/az_businesses_seed.csv","2026-05-27"
"dignity-health-phoenix-healthcare-wellness-449a910","Dignity Health","Health And Care","Healthcare / Wellness","Healthcare / Wellness","Phoenix","AZ","","","","https://www.dignityhealth.org","","13","","CONTACT_FOR_QUOTE","unclaimed","unscanned","domain:dignityhealth.org","seed/businesses/inbox/az_businesses_seed.csv","2026-05-27"
"freeport-mcmoran-phoenix-major-employer-5d1daf7","Freeport-McMoRan","Major Employers","Major Employer","Major Employer","Phoenix","AZ","","","","https://www.fcx.com","","13","","CONTACT_FOR_QUOTE","unclaimed","unscanned","domain:fcx.com","seed/businesses/inbox/az_businesses_seed.csv","2026-05-27"
"honeywell-aerospace-phoenix-salon-personal-care-5eb247f","Honeywell Aerospace","Beauty And Wellness","Salon / Personal Care","Salon / Personal Care","Phoenix","AZ","","","","https://www.honeywell.com","","13","","CONTACT_FOR_QUOTE","unclaimed","unscanned","domain:honeywell.com","seed/businesses/inbox/az_businesses_seed.csv","2026-05-27"
"intel-corporation-chandler-major-employer-e42a75d","Intel Corporation","Major Employers","Major Employer","Major Employer","Chandler","AZ","","","","https://www.intel.com","","13","","CONTACT_FOR_QUOTE","unclaimed","unscanned","domain:intel.com","seed/businesses/inbox/az_businesses_seed.csv","2026-05-27"
"phoenix-children-s-hospital-phoenix-healthcare-wellness-79b5f94","Phoenix Children’s Hospital","Health And Care","Healthcare / Wellness","Healthcare / Wellness","Phoenix","AZ","","","","https://www.phoenixchildrens.org","","13","","CONTACT_FOR_QUOTE","unclaimed","unscanned","domain:phoenixchildrens.org","seed/businesses/inbox/az_businesses_seed.csv","2026-05-27"
"republic-services-phoenix-business-professional-services-8a067e4","Republic Services","Business Services","Business / Professional Services","Business / Professional Services","Phoenix","AZ","","","","https://www.republicservices.com","","13","","CONTACT_FOR_QUOTE","unclaimed","unscanned","domain:republicservices.com","seed/businesses/inbox/az_businesses_seed.csv","2026-05-27"
"sprouts-farmers-market-phoenix-retail-specialty-store-10c03b9","Sprouts Farmers Market","Retail And Specialty","Retail / Specialty Store","Retail / Specialty Store","Phoenix","AZ","","","","https://www.sprouts.com","","13","","CONTACT_FOR_QUOTE","unclaimed","unscanned","domain:sprouts.com","seed/businesses/inbox/az_businesses_seed.csv","2026-05-27"
"state-of-arizona-phoenix-major-employer-d1d307f","State of Arizona","Major Employers","Major Employer","Major Employer","Phoenix","AZ","","","","https://www.az.gov","","13","","CONTACT_FOR_QUOTE","unclaimed","unscanned","domain:az.gov","seed/businesses/inbox/az_businesses_seed.csv","2026-05-27"
"usaa-phoenix-legal-financial-services-7ae1e09","USAA","Legal And Financial","Legal / Financial Services","Legal / Financial Services","Phoenix","AZ","","","","https://www.usaa.com","","13","","CONTACT_FOR_QUOTE","unclaimed","unscanned","domain:usaa.com","seed/businesses/inbox/az_businesses_seed.csv","2026-05-27"
"wells-fargo-phoenix-legal-financial-services-e21b245","Wells Fargo","Legal And Financial","Legal / Financial Services","Legal / Financial Services","Phoenix","AZ","","","","https://www.wellsfargo.com","","13","","CONTACT_FOR_QUOTE","unclaimed","unscanned","domain:wellsfargo.com","seed/businesses/inbox/az_businesses_seed.csv","2026-05-27"
"a-and-m-mechanical-llc-phoenix-85085-6754dbb","A & M Mechanical, LLC","Home Services","Mechanical / HVAC Services","Mechanical / HVAC Services","Phoenix","AZ","85085","(602) 405-8289","","","","13","","CONTACT_FOR_QUOTE","unclaimed","unscanned","phone:6024058289","seed/businesses/inbox/valley_verified_public_lead_build_2026-05-19_v4.csv","2026-05-19"
"a-ready-minded-youth-foundation-phoenix-85051-0b304fa","A Ready Minded Youth Foundation","Health And Care","Youth Foundation / Health-adjacent Services","Youth Foundation / Health-adjacent Services","Phoenix","AZ","85051","(480) 469-4950","","","","13","","CONTACT_FOR_QUOTE","unclaimed","unscanned","phone:4804694950","seed/businesses/inbox/valley_verified_public_lead_build_2026-05-19_v4.csv","2026-05-19"
"a-z-air-duct-tempe-85282-5668e9d","A-Z Air Duct","Home Services","Air Duct Cleaning","Air Duct Cleaning","Tempe","AZ","85282","(602) 466-2234","","","","13","","CONTACT_FOR_QUOTE","unclaimed","unscanned","phone:6024662234","seed/businesses/inbox/valley_verified_public_lead_build_2026-05-19_v4.csv","2026-05-19"
"accounting-launchpad-phoenix-85016-261fe8f","Accounting Launchpad","Legal And Financial","Accounting / Tax / Fractional CFO","Accounting / Tax / Fractional CFO","Phoenix","AZ","85016","(480) 788-3137","","","","13","","CONTACT_FOR_QUOTE","unclaimed","unscanned","phone:4807883137","seed/businesses/inbox/valley_verified_public_lead_build_2026-05-19_v4.csv","2026-05-19"
"ad-genius-phoenix-85022-6056b51","Ad Genius","Creative Services","Advertising / Marketing","Advertising / Marketing","Phoenix","AZ","85022","(602) 345-1272","","","","13","","CONTACT_FOR_QUOTE","unclaimed","unscanned","phone:6023451272","seed/businesses/inbox/valley_verified_public_lead_build_2026-05-19_v4.csv","2026-05-19"
"adelante-healthcare-phoenix-85012-ec0d196","Adelante Healthcare","Health And Care","Healthcare Clinic","Healthcare Clinic","Phoenix","AZ","85012","(623) 544-5129","","","","13","","CONTACT_FOR_QUOTE","unclaimed","unscanned","phone:6235445129","seed/businesses/inbox/valley_verified_public_lead_build_2026-05-19_v4.csv","2026-05-19"
"adelante-healthcare-mesa-mesa-85202-28264fb","Adelante Healthcare Central Phoenix","Health And Care","Healthcare Clinic","Healthcare Clinic","Phoenix","AZ","85202","(877) 809-5092","","","","13","","CONTACT_FOR_QUOTE","unclaimed","merged","phone:8778095092","seed/businesses/inbox/valley_verified_public_lead_build_2026-05-19_v4.csv","2026-05-19"
"admiremd-skin-wellness-clinic-phoenix-85018-7d4d23c","AdmireMD Skin + Wellness Clinic","Health And Care","Skin/wellness Clinic","Skin/wellness Clinic","Phoenix","AZ","85018","(480) 573-0082","","","","13","","CONTACT_FOR_QUOTE","unclaimed","unscanned","phone:4805730082","seed/businesses/inbox/valley_verified_public_lead_build_2026-05-19_v4.csv","2026-05-19"
"advanced-spine-and-pain-phoenix-85037-5ad64f5","Advanced Spine & Pain","Health And Care","Spine / Pain Care","Spine / Pain Care","Phoenix","AZ","85037","(480) 573-0130","","","","13","","CONTACT_FOR_QUOTE","unclaimed","unscanned","phone:4805730130","seed/businesses/inbox/valley_verified_public_lead_build_2026-05-19_v4.csv","2026-05-19"
"agave-home-loans-phoenix-85044-c305701","Agave Home Loans","Real Estate And Property","Mortgage / Home Loans","Mortgage / Home Loans","Phoenix","AZ","85044","(602) 325-5400","","","","13","","CONTACT_FOR_QUOTE","unclaimed","unscanned","phone:6023255400","seed/businesses/inbox/valley_verified_public_lead_build_2026-05-19_v4.csv","2026-05-19"
"ait-promotions-glendale-85304-85ee3b9","AIT Promotions","Local Services","Promotional Products","Promotional Products","Glendale","AZ","85304","(602) 978-2791","","","","13","","CONTACT_FOR_QUOTE","unclaimed","unscanned","phone:6029782791","seed/businesses/inbox/valley_verified_public_lead_build_2026-05-19_v4.csv","2026-05-19"
"aker-ink-pr-and-marketing-scottsdale-85016-5221eb1","Aker Ink PR & Marketing","Creative Services","PR / Marketing Agency","PR / Marketing Agency","Scottsdale","AZ","85016","(480) 269-2291","","","","13","","CONTACT_FOR_QUOTE","unclaimed","merged","phone:4802692291","seed/businesses/inbox/valley_verified_public_lead_build_2026-05-19_v4.csv","2026-05-19"
"alaskausa-federal-credit-union-phoenix-branch-phoenix-85029-cfdd65b","AlaskaUSA Federal Credit Union - Phoenix Branch","Legal And Financial","Credit Union Branch","Credit Union Branch","Phoenix","AZ","85029","(602) 338-5832","","","","13","","CONTACT_FOR_QUOTE","unclaimed","unscanned","phone:6023385832","seed/businesses/inbox/valley_verified_public_lead_build_2026-05-19_v4.csv","2026-05-19"
"alaskausa-federal-credit-union-tempe-branch-tempe-85282-5bc84aa","AlaskaUSA Federal Credit Union - Tempe Branch","Legal And Financial","Credit Union Branch","Credit Union Branch","Tempe","AZ","85282","(602) 338-5841","","","","13","","CONTACT_FOR_QUOTE","unclaimed","unscanned","phone:6023385841","seed/businesses/inbox/valley_verified_public_lead_build_2026-05-19_v4.csv","2026-05-19"
"all-city-towing-tempe-85281-c1a23d8","All City Towing","Auto Services","Towing / Vehicle Emergency Services","Towing / Vehicle Emergency Services","Tempe","AZ","85281","(480) 833-7278","","","","13","","CONTACT_FOR_QUOTE","unclaimed","unscanned","phone:4808337278","seed/businesses/inbox/valley_verified_public_lead_build_2026-05-19_v4.csv","2026-05-19"
"all-embracing-home-care-phoenix-85051-aa024c2","All Embracing Home Care","Health And Care","Home Health Care","Home Health Care","Phoenix","AZ","85051","(480) 744-9151","","","","13","","CONTACT_FOR_QUOTE","unclaimed","unscanned","phone:4807449151","seed/businesses/inbox/valley_verified_public_lead_build_2026-05-19_v4.csv","2026-05-19"
"allthrive-365-formerly-fsl-phoenix-85014-446ee90","AllThrive 365 (Formerly FSL)","Health And Care","Community Health / Services","Community Health / Services","Phoenix","AZ","85014","(602) 285-1800","","","","13","","CONTACT_FOR_QUOTE","unclaimed","unscanned","phone:6022851800","seed/businesses/inbox/valley_verified_public_lead_build_2026-05-19_v4.csv","2026-05-19"
"alma-school-pawn-and-gold-mesa-85210-2364e7a","Alma School Pawn and Gold","Retail And Specialty","Pawn / Gold Buyer","Pawn / Gold Buyer","Mesa","AZ","85210","(480) 644-7932","","","","13","","CONTACT_FOR_QUOTE","unclaimed","merged","phone:4806447932","seed/businesses/inbox/valley_verified_public_lead_build_2026-05-19_v4.csv","2026-05-19"
"american-asphalt-paving-and-sealcoating-inc-phoenix-85007-73983ca","American Asphalt Paving & Sealcoating, Inc.","Real Estate And Property","Paving / Sealcoating","Paving / Sealcoating","Phoenix","AZ","85007","(602) 256-7376","","","","13","","CONTACT_FOR_QUOTE","unclaimed","unscanned","phone:6022567376","seed/businesses/inbox/valley_verified_public_lead_build_2026-05-19_v4.csv","2026-05-19"
"amsafe-inc-phoenix-85043-0945fb1","Amsafe Inc.","Auto Services","Aircraft Parts / Safety Systems","Aircraft Parts / Safety Systems","Phoenix","AZ","85043","(602) 850-2850","","","","13","","CONTACT_FOR_QUOTE","unclaimed","unscanned","phone:6028502850","seed/businesses/inbox/valley_verified_public_lead_build_2026-05-19_v4.csv","2026-05-19"
"anago-cleaning-systems-of-phoenix-phoenix-85040-831eb3f","Anago Cleaning Systems of Phoenix","Home Services","Commercial Cleaning / Janitorial","Commercial Cleaning / Janitorial","Phoenix","AZ","85040","(602) 926-7991","","","","13","","CONTACT_FOR_QUOTE","unclaimed","merged","phone:6029267991","seed/businesses/inbox/valley_verified_public_lead_build_2026-05-19_v4.csv","2026-05-19"
"anchored-solutions-residential-construction-phoenix-85018-55784de","Anchored Solutions Residential Construction","Home Services","Residential Construction / Contractor","Residential Construction / Contractor","Phoenix","AZ","85018","(425) 418-7477","","","","13","","CONTACT_FOR_QUOTE","unclaimed","unscanned","phone:4254187477","seed/businesses/inbox/valley_verified_public_lead_build_2026-05-19_v4.csv","2026-05-19"
"archwell-health-north-mountain-phoenix-85021-3c28dea","ArchWell Health- North Mountain","Health And Care","Healthcare Clinic","Healthcare Clinic","Phoenix","AZ","85021","(602) 858-4361","","","","13","","CONTACT_FOR_QUOTE","unclaimed","unscanned","phone:6028584361","seed/businesses/inbox/valley_verified_public_lead_build_2026-05-19_v4.csv","2026-05-19"
"arizona-association-of-health-plans-phoenix-85016-982aab3","Arizona Association of Health Plans","Health And Care","Health Insurance Association","Health Insurance Association","Phoenix","AZ","85016","(602) 680-7680","","","","13","","CONTACT_FOR_QUOTE","unclaimed","unscanned","phone:6026807680","seed/businesses/inbox/valley_verified_public_lead_build_2026-05-19_v4.csv","2026-05-19"
"arizona-balloon-company-glendale-85306-d6013bf","Arizona Balloon Company","Creative Services","Outdoor Advertising / Balloons","Outdoor Advertising / Balloons","Glendale","AZ","85306","(602) 938-3550","","","","13","","CONTACT_FOR_QUOTE","unclaimed","unscanned","phone:6029383550","seed/businesses/inbox/valley_verified_public_lead_build_2026-05-19_v4.csv","2026-05-19"
"arizona-biltmore-dentistry-phoenix-85016-d406e26","Arizona Biltmore Dentistry","Health And Care","Dentist","Dentist","Phoenix","AZ","85016","(602) 957-8200","","","","13","","CONTACT_FOR_QUOTE","unclaimed","unscanned","phone:6029578200","seed/businesses/inbox/valley_verified_public_lead_build_2026-05-19_v4.csv","2026-05-19"
"arizona-bioindustry-association-azbio-chandler-85226-d7f7526","Arizona Bioindustry Association (AZBio)","Health And Care","Bioscience Association","Bioscience Association","Chandler","AZ","85226","(480) 779-8101","","","","13","","CONTACT_FOR_QUOTE","unclaimed","unscanned","phone:4807798101","seed/businesses/inbox/valley_verified_public_lead_build_2026-05-19_v4.csv","2026-05-19"
"arizona-chamber-of-commerce-and-industry-phoenix-85014-a9df964","Arizona Chamber of Commerce & Industry","Local Services","Business Association","Business Association","Phoenix","AZ","85014","(602) 248-9172","","","","13","","CONTACT_FOR_QUOTE","unclaimed","unscanned","phone:6022489172","seed/businesses/inbox/valley_verified_public_lead_build_2026-05-19_v4.csv","2026-05-19"
"arizona-complete-health-tempe-85281-ade1efa","Arizona Complete Health","Health And Care","Health Plan / Care Organization","Health Plan / Care Organization","Tempe","AZ","85281","(480) 567-9083 ext. 26883","","","","13","","CONTACT_FOR_QUOTE","unclaimed","unscanned","phone:480567908326883","seed/businesses/inbox/valley_verified_public_lead_build_2026-05-19_v4.csv","2026-05-19"
"arizona-escrow-and-financial-corporation-phoenix-85016-dbcdef8","Arizona Escrow & Financial Corporation","Real Estate And Property","Escrow / Financial Services","Escrow / Financial Services","Phoenix","AZ","85016","(602) 956-2629","","","","13","","CONTACT_FOR_QUOTE","unclaimed","unscanned","phone:6029562629","seed/businesses/inbox/valley_verified_public_lead_build_2026-05-19_v4.csv","2026-05-19"
"arizona-financial-credit-union-phoenix-85008-21e0e9c","Arizona Financial Credit Union","Legal And Financial","Credit Union","Credit Union","Phoenix","AZ","85008","(602) 683-1000","","","","13","","CONTACT_FOR_QUOTE","unclaimed","unscanned","phone:6026831000","seed/businesses/inbox/valley_verified_public_lead_build_2026-05-19_v4.csv","2026-05-19"
"arizona-hispanic-chamber-of-commerce-phoenix-85014-d845ef1","Arizona Hispanic Chamber of Commerce","Beauty And Wellness","Business Association","Business Association","Phoenix","AZ","85014","(602) 279-1800","","","","13","","CONTACT_FOR_QUOTE","unclaimed","unscanned","phone:6022791800","seed/businesses/inbox/valley_verified_public_lead_build_2026-05-19_v4.csv","2026-05-19"
"arizona-lobbying-llc-phoenix-85003-df60ce8","Arizona Lobbying, LLC","Local Services","Lobbying / Public Affairs","Lobbying / Public Affairs","Phoenix","AZ","85003","(602) 252-5222","","","","13","","CONTACT_FOR_QUOTE","unclaimed","unscanned","phone:6022525222","seed/businesses/inbox/valley_verified_public_lead_build_2026-05-19_v4.csv","2026-05-19"
"arizona-municipal-water-users-association-phoenix-85012-d2b2385","Arizona Municipal Water Users Association","Local Services","Water Policy / Association","Water Policy / Association","Phoenix","AZ","85012","(602) 248-8482","","","","13","","CONTACT_FOR_QUOTE","unclaimed","unscanned","phone:6022488482","seed/businesses/inbox/valley_verified_public_lead_build_2026-05-19_v4.csv","2026-05-19"
"arizona-private-school-association-scottsdale-85260-6216236","Arizona Private School Association","Education And Childcare","Education Association","Education Association","Scottsdale","AZ","85260","(602) 254-5199","","","","13","","CONTACT_FOR_QUOTE","unclaimed","unscanned","phone:6022545199","seed/businesses/inbox/valley_verified_public_lead_build_2026-05-19_v4.csv","2026-05-19"
"arizona-self-insurers-association-scottsdale-85251-5c4395d","Arizona Self-Insurers Association","Legal And Financial","Insurance / Employer Association","Insurance / Employer Association","Scottsdale","AZ","85251","(480) 706-5762","","","","13","","CONTACT_FOR_QUOTE","unclaimed","unscanned","phone:4807065762","seed/businesses/inbox/valley_verified_public_lead_build_2026-05-19_v4.csv","2026-05-19"
"arizona-small-business-association-phoenix-85028-f947b29","Arizona Small Business Association","Local Services","Small Business Association","Small Business Association","Phoenix","AZ","85028","(602) 306-4000","","","","13","","CONTACT_FOR_QUOTE","unclaimed","unscanned","phone:6023064000","seed/businesses/inbox/valley_verified_public_lead_build_2026-05-19_v4.csv","2026-05-19"
"arizona-tooling-and-machining-association-scottsdale-85271-7da3a46","Arizona Tooling & Machining Association","Local Services","Manufacturing / Machining Association","Manufacturing / Machining Association","Scottsdale","AZ","85271","(602) 510-7219","","","","13","","CONTACT_FOR_QUOTE","unclaimed","unscanned","phone:6025107219","seed/businesses/inbox/valley_verified_public_lead_build_2026-05-19_v4.csv","2026-05-19"
"arnold-insurance-phoenix-85028-ce5aba2","Arnold Insurance","Legal And Financial","Insurance Agency","Insurance Agency","Phoenix","AZ","85028","(602) 317-8807","","","","13","","CONTACT_FOR_QUOTE","unclaimed","unscanned","phone:6023178807","seed/businesses/inbox/valley_verified_public_lead_build_2026-05-19_v4.csv","2026-05-19"
"ashley-karn-the-karn-group-at-barrett-real-estate-scottsdale-85260-488dc57","Ashley Karn, The Karn Group at Barrett Real Estate","Real Estate And Property","Real Estate Agent/team","Real Estate Agent/team","Scottsdale","AZ","85260","(480) 433-9405","","","","13","","CONTACT_FOR_QUOTE","unclaimed","unscanned","phone:4804339405","seed/businesses/inbox/valley_verified_public_lead_build_2026-05-19_v4.csv","2026-05-19"
"athletic-republic-north-phoenix-phoenix-85050-33fb776","Athletic Republic North Phoenix","Beauty And Wellness","Fitness / Performance Training","Fitness / Performance Training","Phoenix","AZ","85050","(614) 735-0227","","","","13","","CONTACT_FOR_QUOTE","unclaimed","unscanned","phone:6147350227","seed/businesses/inbox/valley_verified_public_lead_build_2026-05-19_v4.csv","2026-05-19"
"atlas-capital-llc-paradise-valley-85253-5876a84","Atlas Capital, LLC","Legal And Financial","Capital / Finance","Capital / Finance","Paradise Valley","AZ","85253","(480) 499-4444","","","","13","","CONTACT_FOR_QUOTE","unclaimed","unscanned","phone:4804994444","seed/businesses/inbox/valley_verified_public_lead_build_2026-05-19_v4.csv","2026-05-19"
"atlas-cpas-and-advisors-pllc-scottsdale-85254-4b7ba2c","ATLAS CPAs & Advisors PLLC","Legal And Financial","CPA / Accounting / Advisory","CPA / Accounting / Advisory","Scottsdale","AZ","85254","(480) 483-1600","","","","13","","CONTACT_FOR_QUOTE","unclaimed","merged","phone:4804831600","seed/businesses/inbox/valley_verified_public_lead_build_2026-05-19_v4.csv","2026-05-19"
"atlas-residential-llc-paradise-valley-85253-f932414","Atlas Residential, LLC","Real Estate And Property","Residential Property Management","Residential Property Management","Paradise Valley","AZ","85253","(602) 903-7286","","","","13","","CONTACT_FOR_QUOTE","unclaimed","unscanned","phone:6029037286","seed/businesses/inbox/valley_verified_public_lead_build_2026-05-19_v4.csv","2026-05-19"
"ave-phoenix-terra-phoenix-85003-c617df6","AVE Phoenix Terra","Real Estate And Property","Apartment Community","Apartment Community","Phoenix","AZ","85003","(602) 836-4680","","","","13","","CONTACT_FOR_QUOTE","unclaimed","unscanned","phone:6028364680","seed/businesses/inbox/valley_verified_public_lead_build_2026-05-19_v4.csv","2026-05-19"
"az-policy-connect-scottsdale-85258-c34fd08","AZ Policy Connect","Creative Services","Public Affairs / Policy","Public Affairs / Policy","Scottsdale","AZ","85258","(602) 428-6644","","","","13","","CONTACT_FOR_QUOTE","unclaimed","unscanned","phone:6024286644","seed/businesses/inbox/valley_verified_public_lead_build_2026-05-19_v4.csv","2026-05-19"
"az-pressure-wash-and-windows-scottsdale-85254-0ae8431","Az Pressure Wash and Windows","Auto Services","Pressure Washing / Windows","Pressure Washing / Windows","Scottsdale","AZ","85254","(480) 658-3605","","","","13","","CONTACT_FOR_QUOTE","unclaimed","unscanned","phone:4806583605","seed/businesses/inbox/valley_verified_public_lead_build_2026-05-19_v4.csv","2026-05-19"
"b-and-b-pawn-and-gold-mesa-85023-5244f4c","B and B Pawn and Gold","Retail And Specialty","Pawn / Gold Buyer","Pawn / Gold Buyer","Mesa","AZ","85023","(480) 610-1240","","","","13","","CONTACT_FOR_QUOTE","unclaimed","merged","phone:4806101240","seed/businesses/inbox/valley_verified_public_lead_build_2026-05-19_v4.csv","2026-05-19"
"b3-strategies-llc-phoenix-85006-d05362a","B3 Strategies, LLC","Creative Services","Strategy / Public Affairs","Strategy / Public Affairs","Phoenix","AZ","85006","(602) 687-9017","","","","13","","CONTACT_FOR_QUOTE","unclaimed","unscanned","phone:6026879017","seed/businesses/inbox/valley_verified_public_lead_build_2026-05-19_v4.csv","2026-05-19"
"backyard-desert-ridge-phoenix-85050-cbf70eb","Backyard Desert Ridge","Food And Events","Restaurant / Bar","Restaurant / Bar","Phoenix","AZ","85050","(480) 585-5900","","","","13","","CONTACT_FOR_QUOTE","unclaimed","unscanned","phone:4805855900","seed/businesses/inbox/valley_verified_public_lead_build_2026-05-19_v4.csv","2026-05-19"
"bajrangi-llc-dba-the-ups-store-5340-phoenix-85021-19fc82c","Bajrangi LLC DBA The UPS Store #5340","Business Services","Shipping / Mailbox / Print","Shipping / Mailbox / Print","Phoenix","AZ","85021","(602) 864-3646","","","","13","","CONTACT_FOR_QUOTE","unclaimed","merged","phone:6028643646","seed/businesses/inbox/valley_verified_public_lead_build_2026-05-19_v4.csv","2026-05-19"
"banner-university-medical-center-phoenix-85006-4f6050b","Banner University Medical Center","Health And Care","Hospital","Hospital","Phoenix","AZ","85006","(602) 839-2000","","","","13","","CONTACT_FOR_QUOTE","unclaimed","unscanned","phone:6028392000","seed/businesses/inbox/valley_verified_public_lead_build_2026-05-19_v4.csv","2026-05-19"
"barr-associates-llc-damien-barr-allstate-agency-scottsdale-85258-927e7ca","Barr Associates LLC (Damien Barr Allstate Agency)","Legal And Financial","Insurance Agency","Insurance Agency","Scottsdale","AZ","85258","(480) 922-8820","","","","13","","CONTACT_FOR_QUOTE","unclaimed","unscanned","phone:4809228820","seed/businesses/inbox/valley_verified_public_lead_build_2026-05-19_v4.csv","2026-05-19"
"bay-logistics-inc-phoenix-85004-2460fd9","Bay Logistics Inc.","Business Services","Logistics","Logistics","Phoenix","AZ","85004","(616) 432-5499","","","","13","","CONTACT_FOR_QUOTE","unclaimed","unscanned","phone:6164325499","seed/businesses/inbox/valley_verified_public_lead_build_2026-05-19_v4.csv","2026-05-19"
"benchmark-tempe-85281-3a6afc2","Benchmark","Local Services","Engineering / Manufacturing Services","Engineering / Manufacturing Services","Tempe","AZ","85281","(623) 300-7000","","","","13","","CONTACT_FOR_QUOTE","unclaimed","unscanned","phone:6233007000","seed/businesses/inbox/valley_verified_public_lead_build_2026-05-19_v4.csv","2026-05-19"
"benhd-llc-paradise-valley-85253-3b0c453","BenHD, LLC","Creative Services","Media / Production","Media / Production","Paradise Valley","AZ","85253","(480) 221-3377","","","","13","","CONTACT_FOR_QUOTE","unclaimed","unscanned","phone:4802213377","seed/businesses/inbox/valley_verified_public_lead_build_2026-05-19_v4.csv","2026-05-19"
"bestfit-water-scottsdale-85250-83e2be7","BestFit Water","Local Services","Water Purification","Water Purification","Scottsdale","AZ","85250","(480) 213-8736","","","","13","","CONTACT_FOR_QUOTE","unclaimed","unscanned","phone:4802138736","seed/businesses/inbox/valley_verified_public_lead_build_2026-05-19_v4.csv","2026-05-19"
"better-business-bureau-phoenix-85014-23fbfac","Better Business Bureau","Local Services","Business Accreditation / Nonprofit Services","Business Accreditation / Nonprofit Services","Phoenix","AZ","85014","(602) 264-1721","","","","13","","CONTACT_FOR_QUOTE","unclaimed","unscanned","phone:6022641721","seed/businesses/inbox/valley_verified_public_lead_build_2026-05-19_v4.csv","2026-05-19"
"biziq-phoenix-85018-45b6038","BizIQ","Creative Services","Digital Marketing / Web","Digital Marketing / Web","Phoenix","AZ","85018","(480) 685-9433","","","","13","","CONTACT_FOR_QUOTE","unclaimed","unscanned","phone:4806859433","seed/businesses/inbox/valley_verified_public_lead_build_2026-05-19_v4.csv","2026-05-19"
"black-rifle-coffee-company-phoenix-85018-015fd5d","Black Rifle Coffee Company","Food And Events","Coffee Shop","Coffee Shop","Phoenix","AZ","85018","(210) 891-0385","","","","13","","CONTACT_FOR_QUOTE","unclaimed","unscanned","phone:2108910385","seed/businesses/inbox/valley_verified_public_lead_build_2026-05-19_v4.csv","2026-05-19"
"blue-signal-phoenix-85028-01b6ac5","Blue Signal","Business Services","Recruiting / Staffing","Recruiting / Staffing","Phoenix","AZ","85028","(480) 939-3200","","","","13","","CONTACT_FOR_QUOTE","unclaimed","merged","phone:4809393200","seed/businesses/inbox/valley_verified_public_lead_build_2026-05-19_v4.csv","2026-05-19"
"bob-allen-aflac-glendale-85383-2dc12c2","Bob Allen-Aflac","Legal And Financial","Insurance Agent","Insurance Agent","Glendale","AZ","85383","(219) 776-5449","","","","13","","CONTACT_FOR_QUOTE","unclaimed","unscanned","phone:2197765449","seed/businesses/inbox/valley_verified_public_lead_build_2026-05-19_v4.csv","2026-05-19"
"boot-barn-phoenix-85029-c456012","Boot Barn","Retail And Specialty","Clothing / Retail","Clothing / Retail","Phoenix","AZ","85029","(602) 878-5590","","","","13","","CONTACT_FOR_QUOTE","unclaimed","unscanned","phone:6028785590","seed/businesses/inbox/valley_verified_public_lead_build_2026-05-19_v4.csv","2026-05-19"
"brad-siok-state-farm-agent-peoria-85382-f50a1cf","Brad Siok-State Farm Agent","Legal And Financial","Insurance Agent","Insurance Agent","Peoria","AZ","85382","(623) 566-6405","","","","13","","CONTACT_FOR_QUOTE","unclaimed","unscanned","phone:6235666405","seed/businesses/inbox/valley_verified_public_lead_build_2026-05-19_v4.csv","2026-05-19"
"breakthrough-t1d-desert-west-chapter-phoenix-85018-83e0f8b","Breakthrough T1D - Desert West Chapter","Health And Care","Health Nonprofit","Health Nonprofit","Phoenix","AZ","85018","(602) 224-1800","","","","13","","CONTACT_FOR_QUOTE","unclaimed","unscanned","phone:6022241800","seed/businesses/inbox/valley_verified_public_lead_build_2026-05-19_v4.csv","2026-05-19"
"brooks-realty-and-advisory-group-inc-scottsdale-85258-8d64afa","Brooks Realty & Advisory Group, Inc.","Real Estate And Property","Real Estate Advisory","Real Estate Advisory","Scottsdale","AZ","85258","(602) 264-1565","","","","13","","CONTACT_FOR_QUOTE","unclaimed","unscanned","phone:6022641565","seed/businesses/inbox/valley_verified_public_lead_build_2026-05-19_v4.csv","2026-05-19"
"bugzeye-drone-mapping-and-photography-phoenix-85027-d012936","Bugzeye Drone Mapping and Photography","Creative Services","Drone Photography / Mapping","Drone Photography / Mapping","Phoenix","AZ","85027","(480) 953-0626","","","","13","","CONTACT_FOR_QUOTE","unclaimed","unscanned","phone:4809530626","seed/businesses/inbox/valley_verified_public_lead_build_2026-05-19_v4.csv","2026-05-19"
"cantor-law-group-phoenix-85004-ba169e4","Cantor Law Group","Legal And Financial","Legal Services","Legal Services","Phoenix","AZ","85004","(602) 254-8880","","","","13","","CONTACT_FOR_QUOTE","unclaimed","merged","phone:6022548880","seed/businesses/inbox/valley_verified_public_lead_build_2026-05-19_v4.csv","2026-05-19"
"capitol-consulting-llc-phoenix-85002-a0e0772","Capitol Consulting, LLC","Business Services","Public Affairs / Consulting","Public Affairs / Consulting","Phoenix","AZ","85002","(602) 712-1121","","","","13","","CONTACT_FOR_QUOTE","unclaimed","unscanned","phone:6027121121","seed/businesses/inbox/valley_verified_public_lead_build_2026-05-19_v4.csv","2026-05-19"
"cardinal-wholesale-cabinets-phoenix-85040-00439f7","Cardinal Wholesale Cabinets","Home Services","Cabinets / Countertops","Cabinets / Countertops","Phoenix","AZ","85040","(602) 296-5648","","","","13","","CONTACT_FOR_QUOTE","unclaimed","unscanned","phone:6022965648","seed/businesses/inbox/valley_verified_public_lead_build_2026-05-19_v4.csv","2026-05-19"
"casco-financial-group-inc-phoenix-85085-5562e66","CASCO Financial Group, Inc.","Legal And Financial","Financial Services","Financial Services","Phoenix","AZ","85085","(602) 995-1484","","","","13","","CONTACT_FOR_QUOTE","unclaimed","unscanned","phone:6029951484","seed/businesses/inbox/valley_verified_public_lead_build_2026-05-19_v4.csv","2026-05-19"
"castile-roofing-phoenix-85015-49bcdd9","Castile Roofing","Home Services","Roofing Contractor","Roofing Contractor","Phoenix","AZ","85015","(602) 687-7282","","","","13","","CONTACT_FOR_QUOTE","unclaimed","unscanned","phone:6026877282","seed/businesses/inbox/valley_verified_public_lead_build_2026-05-19_v4.csv","2026-05-19"
"cec-facilities-phoenix-85040-ce6d7e5","CEC Facilities","Real Estate And Property","Facilities Services","Facilities Services","Phoenix","AZ","85040","(817) 734-0040","","","","13","","CONTACT_FOR_QUOTE","unclaimed","unscanned","phone:8177340040","seed/businesses/inbox/valley_verified_public_lead_build_2026-05-19_v4.csv","2026-05-19"
"center-for-the-future-of-arizona-arizona-state-university-phoenix-85004-3f78a13","Center for the Future of Arizona, Arizona State University","Education And Childcare","Civic / Workforce Organization","Civic / Workforce Organization","Phoenix","AZ","85004","(602) 496-1360","","","","13","","CONTACT_FOR_QUOTE","unclaimed","unscanned","phone:6024961360","seed/businesses/inbox/valley_verified_public_lead_build_2026-05-19_v4.csv","2026-05-19"
"chapman-bmw-on-camelback-phoenix-85014-5867481","Chapman BMW on Camelback","Auto Services","Auto Dealer","Auto Dealer","Phoenix","AZ","85014","(602) 308-4269","","","","13","","CONTACT_FOR_QUOTE","unclaimed","unscanned","phone:6023084269","seed/businesses/inbox/valley_verified_public_lead_build_2026-05-19_v4.csv","2026-05-19"
"choice-hospice-phoenix-85016-b7267ac","Choice Hospice","Health And Care","Hospice Care","Hospice Care","Phoenix","AZ","85016","(602) 795-9705","","","","13","","CONTACT_FOR_QUOTE","unclaimed","merged","phone:6027959705","seed/businesses/inbox/valley_verified_public_lead_build_2026-05-19_v4.csv","2026-05-19"
"cintas-corporation-phoenix-85043-5ee9d83","Cintas Corporation","Retail And Specialty","Uniforms / Facility Services","Uniforms / Facility Services","Phoenix","AZ","85043","(480) 528-5329","","","","13","","CONTACT_FOR_QUOTE","unclaimed","unscanned","phone:4805285329","seed/businesses/inbox/valley_verified_public_lead_build_2026-05-19_v4.csv","2026-05-19"
"circle-the-city-phoenix-85013-9899dc3","Circle the City","Health And Care","Community Health Nonprofit","Community Health Nonprofit","Phoenix","AZ","85013","(602) 776-0776","","","","13","","CONTACT_FOR_QUOTE","unclaimed","merged","phone:6027760776","seed/businesses/inbox/valley_verified_public_lead_build_2026-05-19_v4.csv","2026-05-19"
"cla-cliftonlarsonallen-llp-phoenix-85012-5d4cdd3","CLA (CliftonLarsonAllen LLP)","Legal And Financial","Accounting / Consulting","Accounting / Consulting","Phoenix","AZ","85012","(602) 266-2248","","","","13","","CONTACT_FOR_QUOTE","unclaimed","merged","phone:6022662248","seed/businesses/inbox/valley_verified_public_lead_build_2026-05-19_v4.csv","2026-05-19"
"cmit-solutions-of-the-northeast-valley-scottsdale-85260-57a84d2","CMIT Solutions of the Northeast Valley","Local Services","Managed IT Services","Managed IT Services","Scottsdale","AZ","85260","(480) 419-3931","","","","13","","CONTACT_FOR_QUOTE","unclaimed","unscanned","phone:4804193931","seed/businesses/inbox/valley_verified_public_lead_build_2026-05-19_v4.csv","2026-05-19"
"cms-companies-phoenix-85009-496a2eb","CMS Companies","Local Services","Business Services","Business Services","Phoenix","AZ","85009","(602) 233-9633","","","","13","","CONTACT_FOR_QUOTE","unclaimed","merged","phone:6022339633","seed/businesses/inbox/valley_verified_public_lead_build_2026-05-19_v4.csv","2026-05-19"
"coding-in-color-avondale-85323-66b60a8","Coding in Color","Business Services","Technology Education / Services","Technology Education / Services","Avondale","AZ","85323","(602) 516-8317","","","","13","","CONTACT_FOR_QUOTE","unclaimed","unscanned","phone:6025168317","seed/businesses/inbox/valley_verified_public_lead_build_2026-05-19_v4.csv","2026-05-19"
"college-medical-center-phoenix-phoenix-85006-81c6843","College Medical Center Phoenix","Health And Care","Medical Center","Medical Center","Phoenix","AZ","85006","(602) 251-8535","","","","13","","CONTACT_FOR_QUOTE","unclaimed","unscanned","phone:6022518535","seed/businesses/inbox/valley_verified_public_lead_build_2026-05-19_v4.csv","2026-05-19"
"comfort-systems-usa-southwest-inc-chandler-85226-f35c66c","Comfort Systems USA Southwest, Inc.","Home Services","HVAC / Mechanical Systems","HVAC / Mechanical Systems","Chandler","AZ","85226","(480) 940-8400","","","","13","","CONTACT_FOR_QUOTE","unclaimed","unscanned","phone:4809408400","seed/businesses/inbox/valley_verified_public_lead_build_2026-05-19_v4.csv","2026-05-19"
"command-credit-corp-scottsdale-85254-d9accfb","Command Credit Corp","Legal And Financial","Business Intelligence / Risk Management","Business Intelligence / Risk Management","Scottsdale","AZ","85254","(800) 676-9705","","","","13","","CONTACT_FOR_QUOTE","unclaimed","merged","phone:8006769705","seed/businesses/inbox/valley_verified_public_lead_build_2026-05-19_v4.csv","2026-05-19"
"compass-canyon-builders-phoenix-85018-02970f7","Compass Canyon Builders","Home Services","Contractor Consulting / Construction Management","Contractor Consulting / Construction Management","Phoenix","AZ","85018","(602) 888-0983","","","","13","","CONTACT_FOR_QUOTE","unclaimed","merged","phone:6028880983","seed/businesses/inbox/valley_verified_public_lead_build_2026-05-19_v4.csv","2026-05-19"
"compass-strategies-public-affairs-phoenix-85007-aa34ffe","Compass Strategies Public Affairs","Local Services","Public Affairs","Public Affairs","Phoenix","AZ","85007","(602) 263-0086","","","","13","","CONTACT_FOR_QUOTE","unclaimed","unscanned","phone:6022630086","seed/businesses/inbox/valley_verified_public_lead_build_2026-05-19_v4.csv","2026-05-19"
"concord-general-contracting-mesa-85202-4267377","Concord General Contracting","Real Estate And Property","General Contractor","General Contractor","Mesa","AZ","85202","(480) 962-8080","","","","13","","CONTACT_FOR_QUOTE","unclaimed","unscanned","phone:4809628080","seed/businesses/inbox/valley_verified_public_lead_build_2026-05-19_v4.csv","2026-05-19"
"contexture-phoenix-85012-39420ac","Contexture","Health And Care","Health Information Technology","Health Information Technology","Phoenix","AZ","85012","(844) 279-7120","","","","13","","CONTACT_FOR_QUOTE","unclaimed","unscanned","phone:8442797120","seed/businesses/inbox/valley_verified_public_lead_build_2026-05-19_v4.csv","2026-05-19"
"copper-state-credit-union-phoenix-85015-6d2421b","Copper State Credit Union","Legal And Financial","Credit Union","Credit Union","Phoenix","AZ","85015","(602) 491-0891","","","","13","","CONTACT_FOR_QUOTE","unclaimed","unscanned","phone:6024910891","seed/businesses/inbox/valley_verified_public_lead_build_2026-05-19_v4.csv","2026-05-19"
"copperpoint-mutual-insurance-co-phoenix-85012-b16e632","CopperPoint Mutual Insurance Co.","Legal And Financial","Insurance Carrier","Insurance Carrier","Phoenix","AZ","85012","(602) 631-2212","","","","13","","CONTACT_FOR_QUOTE","unclaimed","unscanned","phone:6026312212","seed/businesses/inbox/valley_verified_public_lead_build_2026-05-19_v4.csv","2026-05-19"
"core-security-services-inc-scottsdale-85253-c690346","Core Security Services, Inc.","Business Services","Security Services","Security Services","Scottsdale","AZ","85253","(844) 250-2073","","","","13","","CONTACT_FOR_QUOTE","unclaimed","unscanned","phone:8442502073","seed/businesses/inbox/valley_verified_public_lead_build_2026-05-19_v4.csv","2026-05-19"
"cox-media-arizona-phoenix-85004-2ad1c84","Cox Media Arizona","Creative Services","Media Advertising","Media Advertising","Phoenix","AZ","85004","(623) 328-1800","","","","13","","CONTACT_FOR_QUOTE","unclaimed","unscanned","phone:6233281800","seed/businesses/inbox/valley_verified_public_lead_build_2026-05-19_v4.csv","2026-05-19"
"crosscountry-mortgage-the-araiza-team-scottsdale-85260-3882d9d","CrossCountry Mortgage- The Araiza Team","Real Estate And Property","Mortgage Team","Mortgage Team","Scottsdale","AZ","85260","(602) 334-7871","","","","13","","CONTACT_FOR_QUOTE","unclaimed","unscanned","phone:6023347871","seed/businesses/inbox/valley_verified_public_lead_build_2026-05-19_v4.csv","2026-05-19"
"crossroads-courier-phoenix-85034-55422e4","Crossroads Courier","Food And Events","Courier / Delivery Services","Courier / Delivery Services","Phoenix","AZ","85034","(480) 927-1818","","","","13","","CONTACT_FOR_QUOTE","unclaimed","merged","phone:4809271818","seed/businesses/inbox/valley_verified_public_lead_build_2026-05-19_v4.csv","2026-05-19"
"daida-intelligence-solutions-phoenix-85016-adc1d25","Daida Intelligence Solutions","Business Services","Data / Intelligence Consulting","Data / Intelligence Consulting","Phoenix","AZ","85016","(951) 421-1075","","","","13","","CONTACT_FOR_QUOTE","unclaimed","merged","phone:9514211075","seed/businesses/inbox/valley_verified_public_lead_build_2026-05-19_v4.csv","2026-05-19"
"daystar-design-lab-phoenix-85004-ed47116","Daystar Design Lab","Creative Services","Design / Professional Services","Design / Professional Services","Phoenix","AZ","85004","(602) 490-0847","","","","13","","CONTACT_FOR_QUOTE","unclaimed","merged","phone:6024900847","seed/businesses/inbox/valley_verified_public_lead_build_2026-05-19_v4.csv","2026-05-19"
"dental-depot-orthodontics-phoenix-85053-c0fa26f","Dental Depot Orthodontics","Health And Care","Dental / Orthodontics","Dental / Orthodontics","Phoenix","AZ","85053","(602) 845-8653","","","","13","","CONTACT_FOR_QUOTE","unclaimed","merged","phone:6028458653","seed/businesses/inbox/valley_verified_public_lead_build_2026-05-19_v4.csv","2026-05-19"
"desert-fleet-outfitters-llc-phoenix-85040-c1e8ff4","Desert Fleet Outfitters, LLC","Real Estate And Property","Fleet Outfitting","Fleet Outfitting","Phoenix","AZ","85040","(480) 295-1676","","","","13","","CONTACT_FOR_QUOTE","unclaimed","unscanned","phone:4802951676","seed/businesses/inbox/valley_verified_public_lead_build_2026-05-19_v4.csv","2026-05-19"
"desert-vista-eye-specialists-phoenix-phoenix-85016-c78386e","Desert Vista Eye Specialists-Phoenix","Health And Care","Eye Care / Optometry","Eye Care / Optometry","Phoenix","AZ","85016","(602) 840-3501","","","","13","","CONTACT_FOR_QUOTE","unclaimed","merged","phone:6028403501","seed/businesses/inbox/valley_verified_public_lead_build_2026-05-19_v4.csv","2026-05-19"
"desert-vista-eye-specialists-scottsdale-scottsdale-85260-fe3acb6","Desert Vista Eye Specialists-Scottsdale","Health And Care","Eye Care / Optometry","Eye Care / Optometry","Scottsdale","AZ","85260","(480) 483-0711","","","","13","","CONTACT_FOR_QUOTE","unclaimed","merged","phone:4804830711","seed/businesses/inbox/valley_verified_public_lead_build_2026-05-19_v4.csv","2026-05-19"
"devoted-guardians-home-care-and-homehealth-tempe-85284-5df8f8b","Devoted Guardians Home Care & Homehealth","Health And Care","Home Care / Home Health","Home Care / Home Health","Tempe","AZ","85284","(480) 999-3012","","","","13","","CONTACT_FOR_QUOTE","unclaimed","merged","phone:4809993012","seed/businesses/inbox/valley_verified_public_lead_build_2026-05-19_v4.csv","2026-05-19"
"dexter-distributing-phoenix-85034-f641478","Dexter Distributing","Retail And Specialty","Distribution / Retail Supply","Distribution / Retail Supply","Phoenix","AZ","85034","(480) 921-1005","","","","13","","CONTACT_FOR_QUOTE","unclaimed","unscanned","phone:4809211005","seed/businesses/inbox/valley_verified_public_lead_build_2026-05-19_v4.csv","2026-05-19"
"discover-strength-arcadia-phoenix-85018-b6cfd96","Discover Strength Arcadia","Beauty And Wellness","Fitness","Fitness","Phoenix","AZ","85018","(520) 979-3303","","","","13","","CONTACT_FOR_QUOTE","unclaimed","unscanned","phone:5209793303","seed/businesses/inbox/valley_verified_public_lead_build_2026-05-19_v4.csv","2026-05-19"
"dm-cantor-phoenix-85004-e31cc65","DM Cantor","Legal And Financial","Law Firm","Law Firm","Phoenix","AZ","85004","(602) 307-0808","","","","13","","CONTACT_FOR_QUOTE","unclaimed","unscanned","phone:6023070808","seed/businesses/inbox/valley_verified_public_lead_build_2026-05-19_v4.csv","2026-05-19"
"dog-haus-biergarten-downtown-phoenix-phoenix-85004-7d8b77d","Dog Haus Biergarten Downtown Phoenix","Food And Events","Restaurant","Restaurant","Phoenix","AZ","85004","(480) 910-5430","","","","13","","CONTACT_FOR_QUOTE","unclaimed","unscanned","phone:4809105430","seed/businesses/inbox/valley_verified_public_lead_build_2026-05-19_v4.csv","2026-05-19"
"dorn-policy-group-inc-phoenix-85003-0f8ccf7","Dorn Policy Group, Inc.","Creative Services","Public Affairs / Lobbying","Public Affairs / Lobbying","Phoenix","AZ","85003","(602) 606-4667","","","","13","","CONTACT_FOR_QUOTE","unclaimed","unscanned","phone:6026064667","seed/businesses/inbox/valley_verified_public_lead_build_2026-05-19_v4.csv","2026-05-19"
"dr-win-realty-llc-phoenix-85016-4b54d34","Dr. Win Realty LLC.","Real Estate And Property","Real Estate","Real Estate","Phoenix","AZ","85016","(480) 696-9886","","","","13","","CONTACT_FOR_QUOTE","unclaimed","unscanned","phone:4806969886","seed/businesses/inbox/valley_verified_public_lead_build_2026-05-19_v4.csv","2026-05-19"
"driftwoods-sports-grill-phoenix-85020-66a7c68","Driftwoods Sports Grill","Food And Events","Restaurant / Bar","Restaurant / Bar","Phoenix","AZ","85020","(480) 393-3261","","","","13","","CONTACT_FOR_QUOTE","unclaimed","unscanned","phone:4803933261","seed/businesses/inbox/valley_verified_public_lead_build_2026-05-19_v4.csv","2026-05-19"
"drinique-phoenix-restaurant-food-service-419ae8c","Drinique","Food And Events","Bar / Restaurant Services","Bar / Restaurant Services","Phoenix","AZ","","(480) 688-6934","","","","13","","CONTACT_FOR_QUOTE","unclaimed","unscanned","phone:4806886934","seed/businesses/inbox/valley_verified_public_lead_build_2026-05-19_v4.csv","2026-05-19"
"drive-it-pro-phoenix-85009-894cc09","Drive It Pro","Auto Services","Auto Sales/services","Auto Sales/services","Phoenix","AZ","85009","(602) 222-9619","","","","13","","CONTACT_FOR_QUOTE","unclaimed","unscanned","phone:6022229619","seed/businesses/inbox/valley_verified_public_lead_build_2026-05-19_v4.csv","2026-05-19"
"elite-rooter-phoenix-85004-60f1173","Elite Rooter","Home Services","Plumbing / Drain Cleaning","Plumbing / Drain Cleaning","Phoenix","AZ","85004","(623) 469-4660","","","","13","","CONTACT_FOR_QUOTE","unclaimed","unscanned","phone:6234694660","seed/businesses/inbox/valley_verified_public_lead_build_2026-05-19_v4.csv","2026-05-19"
"elite-windows-and-doors-scottsdale-85260-0612469","Elite Windows and Doors","Local Services","Doors And Windows","Doors And Windows","Scottsdale","AZ","85260","(480) 264-5409","","","","13","","CONTACT_FOR_QUOTE","unclaimed","unscanned","phone:4802645409","seed/businesses/inbox/valley_verified_public_lead_build_2026-05-19_v4.csv","2026-05-19"
"employee-benefits-international-phoenix-85020-6a42dce","Employee Benefits International","Legal And Financial","Employee Benefits / Outsourced HR","Employee Benefits / Outsourced HR","Phoenix","AZ","85020","(602) 800-5070","","","","13","","CONTACT_FOR_QUOTE","unclaimed","unscanned","phone:6028005070","seed/businesses/inbox/valley_verified_public_lead_build_2026-05-19_v4.csv","2026-05-19"
"envy-hospice-phoenix-85020-ae8987c","Envy Hospice","Health And Care","Hospice Care","Hospice Care","Phoenix","AZ","85020","(480) 335-4040","","","","13","","CONTACT_FOR_QUOTE","unclaimed","merged","phone:4803354040","seed/businesses/inbox/valley_verified_public_lead_build_2026-05-19_v4.csv","2026-05-19"
"eos-worldwide-rick-benton-scottsdale-85254-4127e72","EOS Worldwide - Rick Benton","Local Services","Business Coaching / EOS Implementation","Business Coaching / EOS Implementation","Scottsdale","AZ","85254","(248) 867-9550","","","","13","","CONTACT_FOR_QUOTE","unclaimed","unscanned","phone:2488679550","seed/businesses/inbox/valley_verified_public_lead_build_2026-05-19_v4.csv","2026-05-19"
"fabulous-food-phoenix-85034-511b7c7","Fabulous Food","Food And Events","Catering / Food Service","Catering / Food Service","Phoenix","AZ","85034","(602) 267-1818","","","","13","","CONTACT_FOR_QUOTE","unclaimed","unscanned","phone:6022671818","seed/businesses/inbox/valley_verified_public_lead_build_2026-05-19_v4.csv","2026-05-19"
"fennemore-phoenix-85016-eb81f5b","Fennemore","Legal And Financial","Law Firm","Law Firm","Phoenix","AZ","85016","(602) 916-5000","","","","13","","CONTACT_FOR_QUOTE","unclaimed","unscanned","phone:6029165000","seed/businesses/inbox/valley_verified_public_lead_build_2026-05-19_v4.csv","2026-05-19"
"firestone-complete-auto-care-phoenix-85027-99b80e9","Firestone Complete Auto Care","Auto Services","Auto Repair/maintenance","Auto Repair/maintenance","Phoenix","AZ","85027","(623) 582-5626","","","","13","","CONTACT_FOR_QUOTE","unclaimed","unscanned","phone:6235825626","seed/businesses/inbox/valley_verified_public_lead_build_2026-05-19_v4.csv","2026-05-19"
"floor-daddy-tempe-85282-762f691","Floor Daddy","Home Services","Flooring Installation","Flooring Installation","Tempe","AZ","85282","(602) 313-3000","","","","13","","CONTACT_FOR_QUOTE","unclaimed","unscanned","phone:6023133000","seed/businesses/inbox/valley_verified_public_lead_build_2026-05-19_v4.csv","2026-05-19"
"flow-management-devices-phoenix-85040-76c9129","Flow Management Devices","Business Services","Water / Flow Devices","Water / Flow Devices","Phoenix","AZ","85040","(602) 581-5092","","","","13","","CONTACT_FOR_QUOTE","unclaimed","unscanned","phone:6025815092","seed/businesses/inbox/valley_verified_public_lead_build_2026-05-19_v4.csv","2026-05-19"
"form180-phoenix-85016-a439eb0","FORM180","Creative Services","Design / Interiors","Design / Interiors","Phoenix","AZ","85016","(602) 540-9360","","","","13","","CONTACT_FOR_QUOTE","unclaimed","unscanned","phone:6025409360","seed/businesses/inbox/valley_verified_public_lead_build_2026-05-19_v4.csv","2026-05-19"
"forte-physical-therapy-phoenix-85008-398ac6c","Forte Physical Therapy","Health And Care","Physical Therapy","Physical Therapy","Phoenix","AZ","85008","(480) 408-4822","","","","13","","CONTACT_FOR_QUOTE","unclaimed","unscanned","phone:4804084822","seed/businesses/inbox/valley_verified_public_lead_build_2026-05-19_v4.csv","2026-05-19"
"foster-fuels-inc-phoenix-85043-79a2146","Foster Fuels Inc.","Auto Services","Fuel / Vehicle Services","Fuel / Vehicle Services","Phoenix","AZ","85043","(800) 344-6457","","","","13","","CONTACT_FOR_QUOTE","unclaimed","unscanned","phone:8003446457","seed/businesses/inbox/valley_verified_public_lead_build_2026-05-19_v4.csv","2026-05-19"
"gatsby-glass-of-scottsdale-scottsdale-85260-49e9868","Gatsby Glass of Scottsdale","Local Services","Glass Services","Glass Services","Scottsdale","AZ","85260","(480) 780-1000","","","","13","","CONTACT_FOR_QUOTE","unclaimed","unscanned","phone:4807801000","seed/businesses/inbox/valley_verified_public_lead_build_2026-05-19_v4.csv","2026-05-19"
"general-dentistry-4-kids-phoenix-85032-237e895","General Dentistry 4 Kids","Health And Care","Pediatric Dentistry","Pediatric Dentistry","Phoenix","AZ","85032","(602) 996-6065","","","","13","","CONTACT_FOR_QUOTE","unclaimed","unscanned","phone:6029966065","seed/businesses/inbox/valley_verified_public_lead_build_2026-05-19_v4.csv","2026-05-19"
"gensler-phoenix-85016-e8728bf","Gensler","Creative Services","Architecture / Design","Architecture / Design","Phoenix","AZ","85016","(602) 523-4900","","","","13","","CONTACT_FOR_QUOTE","unclaimed","unscanned","phone:6025234900","seed/businesses/inbox/valley_verified_public_lead_build_2026-05-19_v4.csv","2026-05-19"
"gh2-architects-scottsdale-85257-eeff160","GH2 Architects","Local Services","Architecture","Architecture","Scottsdale","AZ","85257","(480) 699-1945","","","","13","","CONTACT_FOR_QUOTE","unclaimed","unscanned","phone:4806991945","seed/businesses/inbox/valley_verified_public_lead_build_2026-05-19_v4.csv","2026-05-19"
"gilmore-dental-care-phoenix-85085-61d8b1a","Gilmore Dental Care","Health And Care","Dental Care","Dental Care","Phoenix","AZ","85085","(480) 847-1522","","","","13","","CONTACT_FOR_QUOTE","unclaimed","unscanned","phone:4808471522","seed/businesses/inbox/valley_verified_public_lead_build_2026-05-19_v4.csv","2026-05-19"
"good-golly-garage-doors-phoenix-85050-df5a0e8","Good Golly Garage Doors","Auto Services","Garage Door Repair/install","Garage Door Repair/install","Phoenix","AZ","85050","(602) 887-4002","","","","13","","CONTACT_FOR_QUOTE","unclaimed","unscanned","phone:6028874002","seed/businesses/inbox/valley_verified_public_lead_build_2026-05-19_v4.csv","2026-05-19"
"goodman-schwartz-public-affairs-phoenix-85012-c418d9a","Goodman Schwartz Public Affairs","Creative Services","Public Affairs","Public Affairs","Phoenix","AZ","85012","(602) 277-0911","","","","13","","CONTACT_FOR_QUOTE","unclaimed","unscanned","phone:6022770911","seed/businesses/inbox/valley_verified_public_lead_build_2026-05-19_v4.csv","2026-05-19"
"gordon-biersch-glendale-glendale-85305-7e894e7","Gordon Biersch - Glendale","Food And Events","Restaurant / Brewery","Restaurant / Brewery","Glendale","AZ","85305","(623) 877-4300","","","","13","","CONTACT_FOR_QUOTE","unclaimed","unscanned","phone:6238774300","seed/businesses/inbox/valley_verified_public_lead_build_2026-05-19_v4.csv","2026-05-19"
"gordon-biersch-scottsdale-phoenix-85054-eb20f45","Gordon Biersch - Scottsdale","Food And Events","Restaurant / Brewery","Restaurant / Brewery","Phoenix","AZ","85054","(480) 342-9860","","","","13","","CONTACT_FOR_QUOTE","unclaimed","unscanned","phone:4803429860","seed/businesses/inbox/valley_verified_public_lead_build_2026-05-19_v4.csv","2026-05-19"
"gracie-jiu-jitsu-phoenix-phoenix-85024-7326054","Gracie Jiu-Jitsu Phoenix","Beauty And Wellness","Fitness / Wellness Training","Fitness / Wellness Training","Phoenix","AZ","85024","(480) 339-9019","","","","13","","CONTACT_FOR_QUOTE","unclaimed","unscanned","phone:4803399019","seed/businesses/inbox/valley_verified_public_lead_build_2026-05-19_v4.csv","2026-05-19"
"grand-canyon-law-group-phoenix-85012-bc5c5c1","Grand Canyon Law Group","Legal And Financial","Criminal Defense Law Firm","Criminal Defense Law Firm","Phoenix","AZ","85012","(480) 400-5555","","","","13","","CONTACT_FOR_QUOTE","unclaimed","unscanned","phone:4804005555","seed/businesses/inbox/valley_verified_public_lead_build_2026-05-19_v4.csv","2026-05-19"
"greater-phoenix-gay-and-lesbian-chamber-of-commerce-phoenix-85001-262e899","Greater Phoenix Gay & Lesbian Chamber of Commerce","Local Services","Business Chamber / Association","Business Chamber / Association","Phoenix","AZ","85001","(480) 748-6681","","","","13","","CONTACT_FOR_QUOTE","unclaimed","unscanned","phone:4807486681","seed/businesses/inbox/valley_verified_public_lead_build_2026-05-19_v4.csv","2026-05-19"
"greenberg-traurig-llp-phoenix-85016-5f86b1d","Greenberg Traurig, LLP","Legal And Financial","Law Firm","Law Firm","Phoenix","AZ","85016","(602) 445-8000","","","","13","","CONTACT_FOR_QUOTE","unclaimed","unscanned","phone:6024458000","seed/businesses/inbox/valley_verified_public_lead_build_2026-05-19_v4.csv","2026-05-19"
"groundworks-phoenix-85027-2d09f5d","Groundworks","Local Services","Foundation / Home Services","Foundation / Home Services","Phoenix","AZ","85027","(603) 837-5138","","","","13","","CONTACT_FOR_QUOTE","unclaimed","unscanned","phone:6038375138","seed/businesses/inbox/valley_verified_public_lead_build_2026-05-19_v4.csv","2026-05-19"
"guiding-road-recovery-center-phoenix-85020-6596097","Guiding Road Recovery Center","Health And Care","Recovery Center","Recovery Center","Phoenix","AZ","85020","(480) 588-2328","","","","13","","CONTACT_FOR_QUOTE","unclaimed","unscanned","phone:4805882328","seed/businesses/inbox/valley_verified_public_lead_build_2026-05-19_v4.csv","2026-05-19"
"gus-brothers-construction-scottsdale-85252-8a35331","Gus Brothers Construction","Home Services","Construction Contractor","Construction Contractor","Scottsdale","AZ","85252","(480) 766-0996","","","","13","","CONTACT_FOR_QUOTE","unclaimed","unscanned","phone:4807660996","seed/businesses/inbox/valley_verified_public_lead_build_2026-05-19_v4.csv","2026-05-19"
"hand-and-stone-massage-and-facial-spa-phoenix-avondale-phoenix-85037-7b32759","Hand & Stone Massage and Facial Spa Phoenix-Avondale","Beauty And Wellness","Massage / Facial Spa","Massage / Facial Spa","Phoenix","AZ","85037","(623) 337-1624","","","","13","","CONTACT_FOR_QUOTE","unclaimed","unscanned","phone:6233371624","seed/businesses/inbox/valley_verified_public_lead_build_2026-05-19_v4.csv","2026-05-19"
"hartstone-logistics-llc-scottsdale-85251-e959f1e","HartStone Logistics LLC.","Business Services","Logistics","Logistics","Scottsdale","AZ","85251","(480) 480-6844","","","","13","","CONTACT_FOR_QUOTE","unclaimed","unscanned","phone:4804806844","seed/businesses/inbox/valley_verified_public_lead_build_2026-05-19_v4.csv","2026-05-19"
"haven-behavioral-hospital-of-phoenix-phoenix-85007-3b991f4","Haven Behavioral Hospital of Phoenix","Health And Care","Behavioral Health Hospital","Behavioral Health Hospital","Phoenix","AZ","85007","(623) 236-2000","","","","13","","CONTACT_FOR_QUOTE","unclaimed","unscanned","phone:6232362000","seed/businesses/inbox/valley_verified_public_lead_build_2026-05-19_v4.csv","2026-05-19"
"helpany-phoenix-85014-19a3ffa","Helpany","Health And Care","Health Technology / Aging Support","Health Technology / Aging Support","Phoenix","AZ","85014","(888) 987-3461","","","","13","","CONTACT_FOR_QUOTE","unclaimed","unscanned","phone:8889873461","seed/businesses/inbox/valley_verified_public_lead_build_2026-05-19_v4.csv","2026-05-19"
"hi-fi-dental-phoenix-85014-530f382","Hi-Fi Dental","Health And Care","Dental Care","Dental Care","Phoenix","AZ","85014","(602) 242-5445","","","","13","","CONTACT_FOR_QUOTE","unclaimed","unscanned","phone:6022425445","seed/businesses/inbox/valley_verified_public_lead_build_2026-05-19_v4.csv","2026-05-19"
"highground-inc-phoenix-85003-25e155f","Highground, Inc.","Creative Services","Public Affairs / Strategy","Public Affairs / Strategy","Phoenix","AZ","85003","(602) 528-3684","","","","13","","CONTACT_FOR_QUOTE","unclaimed","unscanned","phone:6025283684","seed/businesses/inbox/valley_verified_public_lead_build_2026-05-19_v4.csv","2026-05-19"
"hirsch-talcott-llc-phoenix-85014-9bea4cf","Hirsch Talcott LLC","Legal And Financial","Personal Injury / Family Law Firm","Personal Injury / Family Law Firm","Phoenix","AZ","85014","(602) 610-0260","","","","13","","CONTACT_FOR_QUOTE","unclaimed","unscanned","phone:6026100260","seed/businesses/inbox/valley_verified_public_lead_build_2026-05-19_v4.csv","2026-05-19"
"honorhealth-utopia-phoenix-85027-424735f","HonorHealth - Utopia","Health And Care","Medical Clinic","Medical Clinic","Phoenix","AZ","85027","(623) 434-6200","","","","13","","CONTACT_FOR_QUOTE","unclaimed","unscanned","phone:6234346200","seed/businesses/inbox/valley_verified_public_lead_build_2026-05-19_v4.csv","2026-05-19"
"honorhealth-john-c-lincoln-medical-center-phoenix-85020-119ed95","HonorHealth John C. Lincoln Medical Center","Health And Care","Medical Center","Medical Center","Phoenix","AZ","85020","(623) 434-6200 Ext.301276","","","","13","","CONTACT_FOR_QUOTE","unclaimed","unscanned","phone:6234346200301276","seed/businesses/inbox/valley_verified_public_lead_build_2026-05-19_v4.csv","2026-05-19"
"horizon-safety-training-llc-tempe-85283-46a33a7","Horizon Safety Training, LLC","Local Services","Safety Training / Technical Training","Safety Training / Technical Training","Tempe","AZ","85283","(623) 748-8239","","","","13","","CONTACT_FOR_QUOTE","unclaimed","unscanned","phone:6237488239","seed/businesses/inbox/valley_verified_public_lead_build_2026-05-19_v4.csv","2026-05-19"
"house-of-miracles-phoenix-85004-617bf08","House of Miracles","Health And Care","Health / Recovery Services","Health / Recovery Services","Phoenix","AZ","85004","(602) 488-8880","","","","13","","CONTACT_FOR_QUOTE","unclaimed","unscanned","phone:6024888880","seed/businesses/inbox/valley_verified_public_lead_build_2026-05-19_v4.csv","2026-05-19"
"hrr-team-real-estate-phoenix-85023-6cf0f64","HRR Team Real Estate","Real Estate And Property","Real Estate Team","Real Estate Team","Phoenix","AZ","85023","(623) 666-5953","","","","13","","CONTACT_FOR_QUOTE","unclaimed","unscanned","phone:6236665953","seed/businesses/inbox/valley_verified_public_lead_build_2026-05-19_v4.csv","2026-05-19"
"idm-companies-scottsdale-85253-2ccb425","IDM Companies","Home Services","Real Estate Development / Multifamily","Real Estate Development / Multifamily","Scottsdale","AZ","85253","(480) 977-3477","","","","13","","CONTACT_FOR_QUOTE","unclaimed","unscanned","phone:4809773477","seed/businesses/inbox/valley_verified_public_lead_build_2026-05-19_v4.csv","2026-05-19"
"indy-by-industrious-phoenix-85004-c24b4e1","Indy by Industrious","Beauty And Wellness","Workspace / Office Rental","Workspace / Office Rental","Phoenix","AZ","85004","(480) 530-6227","","","","13","","CONTACT_FOR_QUOTE","unclaimed","merged","phone:4805306227","seed/businesses/inbox/valley_verified_public_lead_build_2026-05-19_v4.csv","2026-05-19"
"inner-balance-yoga-phoenix-85006-39262d9","Inner Balance Yoga","Beauty And Wellness","Yoga / Wellness","Yoga / Wellness","Phoenix","AZ","85006","(480) 828-1430","","","","13","","CONTACT_FOR_QUOTE","unclaimed","unscanned","phone:4808281430","seed/businesses/inbox/valley_verified_public_lead_build_2026-05-19_v4.csv","2026-05-19"
"instant-care-phoenix-85016-e97bcdc","Instant Care","Health And Care","Medical Care","Medical Care","Phoenix","AZ","85016","(602) 993-0297","","","","13","","CONTACT_FOR_QUOTE","unclaimed","unscanned","phone:6029930297","seed/businesses/inbox/valley_verified_public_lead_build_2026-05-19_v4.csv","2026-05-19"
"integrated-axis-technology-group-inc-scottsdale-85260-3a2c047","Integrated Axis Technology Group, Inc","Business Services","Technology Services","Technology Services","Scottsdale","AZ","85260","(602) 577-3033","","","","13","","CONTACT_FOR_QUOTE","unclaimed","unscanned","phone:6025773033","seed/businesses/inbox/valley_verified_public_lead_build_2026-05-19_v4.csv","2026-05-19"
"isaacson-law-firm-p-c-phoenix-85012-64dddca","Isaacson Law Firm, P.C.","Legal And Financial","Law Firm","Law Firm","Phoenix","AZ","85012","(602) 274-2200","","","","13","","CONTACT_FOR_QUOTE","unclaimed","unscanned","phone:6022742200","seed/businesses/inbox/valley_verified_public_lead_build_2026-05-19_v4.csv","2026-05-19"
"james-patrick-photography-phoenix-85040-41949b3","James Patrick Photography","Business Services","Commercial Photography / Video","Commercial Photography / Video","Phoenix","AZ","85040","(520) 409-5202","","","","13","","CONTACT_FOR_QUOTE","unclaimed","unscanned","phone:5204095202","seed/businesses/inbox/valley_verified_public_lead_build_2026-05-19_v4.csv","2026-05-19"
"kandid-clicks-photography-phoenix-85016-142a6ba","Kandid Clicks Photography","Creative Services","Photography","Photography","Phoenix","AZ","85016","(602) 818-8791","","","","13","","CONTACT_FOR_QUOTE","unclaimed","unscanned","phone:6028188791","seed/businesses/inbox/valley_verified_public_lead_build_2026-05-19_v4.csv","2026-05-19"
"kary-environmental-services-mesa-85210-f67bfa0","Kary Environmental Services","Local Services","Hazmat / Environmental Contracting","Hazmat / Environmental Contracting","Mesa","AZ","85210","(480) 945-0009","","","","13","","CONTACT_FOR_QUOTE","unclaimed","unscanned","phone:4809450009","seed/businesses/inbox/valley_verified_public_lead_build_2026-05-19_v4.csv","2026-05-19"
"kitchell-corp-phoenix-85016-1ebb247","Kitchell Corp.","Home Services","Construction / Project Services","Construction / Project Services","Phoenix","AZ","85016","(602) 264-4411","","","","13","","CONTACT_FOR_QUOTE","unclaimed","merged","phone:6022644411","seed/businesses/inbox/valley_verified_public_lead_build_2026-05-19_v4.csv","2026-05-19"
"kp-staffing-peoria-85382-433f2cf","KP Staffing","Business Services","Staffing","Staffing","Peoria","AZ","85382","(623) 755-6619","","","","13","","CONTACT_FOR_QUOTE","unclaimed","unscanned","phone:6237556619","seed/businesses/inbox/valley_verified_public_lead_build_2026-05-19_v4.csv","2026-05-19"
"kutak-rock-llp-scottsdale-85253-00c0044","Kutak Rock LLP","Legal And Financial","Law Firm","Law Firm","Scottsdale","AZ","85253","(480) 429-5000","","","","13","","CONTACT_FOR_QUOTE","unclaimed","unscanned","phone:4804295000","seed/businesses/inbox/valley_verified_public_lead_build_2026-05-19_v4.csv","2026-05-19"
"lamar-advertising-company-phoenix-85020-055cd5b","Lamar Advertising Company","Creative Services","Outdoor Advertising","Outdoor Advertising","Phoenix","AZ","85020","(602) 266-2187","","","","13","","CONTACT_FOR_QUOTE","unclaimed","unscanned","phone:6022662187","seed/businesses/inbox/valley_verified_public_lead_build_2026-05-19_v4.csv","2026-05-19"
"lamber-goodnow-phoenix-85016-8f1cc83","Lamber Goodnow","Legal And Financial","Personal Injury Law Firm","Personal Injury Law Firm","Phoenix","AZ","85016","(602) 274-9662","","","","13","","CONTACT_FOR_QUOTE","unclaimed","unscanned","phone:6022749662","seed/businesses/inbox/valley_verified_public_lead_build_2026-05-19_v4.csv","2026-05-19"
"laurel-tree-at-northern-phoenix-85021-f8b196e","Laurel Tree at Northern","Real Estate And Property","Apartment Community","Apartment Community","Phoenix","AZ","85021","(480) 506-8611","","","","13","","CONTACT_FOR_QUOTE","unclaimed","unscanned","phone:4805068611","seed/businesses/inbox/valley_verified_public_lead_build_2026-05-19_v4.csv","2026-05-19"
"law-bear-auto-accident-attorneys-phoenix-85016-111162c","Law Bear Auto Accident Attorneys","Auto Services","Auto Accident Law Firm","Auto Accident Law Firm","Phoenix","AZ","85016","(832) 274-4228","","","","13","","CONTACT_FOR_QUOTE","unclaimed","unscanned","phone:8322744228","seed/businesses/inbox/valley_verified_public_lead_build_2026-05-19_v4.csv","2026-05-19"
"ldh-consulting-scottsdale-business-professional-services-f5a918c","LDH Consulting","Business Services","Consulting","Consulting","Scottsdale","AZ","","(480) 205-6195","","","","13","","CONTACT_FOR_QUOTE","unclaimed","merged","phone:4802056195","seed/businesses/inbox/valley_verified_public_lead_build_2026-05-19_v4.csv","2026-05-19"
"lemonds-aveda-salon-spa-litchfield-park-85340-4966a5f","LeMonds Aveda Salon - Spa","Beauty And Wellness","Salon / Spa","Salon / Spa","Litchfield Park","AZ","85340","(623) 535-4967","","","","13","","CONTACT_FOR_QUOTE","unclaimed","unscanned","phone:6235354967","seed/businesses/inbox/valley_verified_public_lead_build_2026-05-19_v4.csv","2026-05-19"
"let-s-get-moving-phoenix-phoenix-85034-0c4621e","Let's Get Moving Phoenix","Local Services","Moving Services","Moving Services","Phoenix","AZ","85034","(602) 806-7272","","","","13","","CONTACT_FOR_QUOTE","unclaimed","unscanned","phone:6028067272","seed/businesses/inbox/valley_verified_public_lead_build_2026-05-19_v4.csv","2026-05-19"
"litchfield-s-at-wigwam-arizona-litchfield-park-85340-7582d79","Litchfield's at Wigwam Arizona","Food And Events","Restaurant","Restaurant","Litchfield Park","AZ","85340","(623) 935-3811","","","","13","","CONTACT_FOR_QUOTE","unclaimed","unscanned","phone:6239353811","seed/businesses/inbox/valley_verified_public_lead_build_2026-05-19_v4.csv","2026-05-19"
"living-rhythms-healing-arts-phoenix-85028-e3c05f8","Living Rhythms Healing Arts","Health And Care","Somatic Health / Healing Arts","Somatic Health / Healing Arts","Phoenix","AZ","85028","(602) 730-8285","","","","13","","CONTACT_FOR_QUOTE","unclaimed","unscanned","phone:6027308285","seed/businesses/inbox/valley_verified_public_lead_build_2026-05-19_v4.csv","2026-05-19"
"localiq-az-republic-phoenix-85004-496a892","LocaliQ/AZ Republic","Creative Services","Local Media / Advertising","Local Media / Advertising","Phoenix","AZ","85004","(602) 444-8000","","","","13","","CONTACT_FOR_QUOTE","unclaimed","unscanned","phone:6024448000","seed/businesses/inbox/valley_verified_public_lead_build_2026-05-19_v4.csv","2026-05-19"
"lockology-at-35th-avenue-phoenix-85029-139e91f","Lockology at 35th Avenue","Local Services","Locksmith","Locksmith","Phoenix","AZ","85029","(602) 242-5429","","","","13","","CONTACT_FOR_QUOTE","unclaimed","unscanned","phone:6022425429","seed/businesses/inbox/valley_verified_public_lead_build_2026-05-19_v4.csv","2026-05-19"
"looking-forward-consulting-goodyear-85395-a814b0d","Looking Forward Consulting","Business Services","Organizational Development / Training","Organizational Development / Training","Goodyear","AZ","85395","(503) 490-7166","","","","13","","CONTACT_FOR_QUOTE","unclaimed","unscanned","phone:5034907166","seed/businesses/inbox/valley_verified_public_lead_build_2026-05-19_v4.csv","2026-05-19"
"lucid-private-offices-phoenix-85016-277ce05","Lucid Private Offices","Beauty And Wellness","Coworking / Executive Suites","Coworking / Executive Suites","Phoenix","AZ","85016","(602) 847-9835","","","","13","","CONTACT_FOR_QUOTE","unclaimed","merged","phone:6028479835","seed/businesses/inbox/valley_verified_public_lead_build_2026-05-19_v4.csv","2026-05-19"
"lucid-private-offices-scottsdale-old-town-scottsdale-85251-5309fdb","Lucid Private Offices-Scottsdale/Old Town","Auto Services","Coworking / Executive Suites","Coworking / Executive Suites","Scottsdale","AZ","85251","(480) 780-1507","","","","13","","CONTACT_FOR_QUOTE","unclaimed","unscanned","phone:4807801507","seed/businesses/inbox/valley_verified_public_lead_build_2026-05-19_v4.csv","2026-05-19"
"lunar-pest-control-chandler-85224-60909db","Lunar Pest Control","Home Services","Pest Control","Pest Control","Chandler","AZ","85224","(480) 864-2728","","","","13","","CONTACT_FOR_QUOTE","unclaimed","unscanned","phone:4808642728","seed/businesses/inbox/valley_verified_public_lead_build_2026-05-19_v4.csv","2026-05-19"
"manheim-phoenix-tolleson-85353-891f002","Manheim Phoenix","Auto Services","Auto Auction / Remarketing","Auto Auction / Remarketing","Tolleson","AZ","85353","(623) 907-7000","","","","13","","CONTACT_FOR_QUOTE","unclaimed","unscanned","phone:6239077000","seed/businesses/inbox/valley_verified_public_lead_build_2026-05-19_v4.csv","2026-05-19"
"maricopa-county-medical-society-phoenix-85004-c9ae9c0","Maricopa County Medical Society","Health And Care","Medical Association","Medical Association","Phoenix","AZ","85004","(602) 209-9867","","","","13","","CONTACT_FOR_QUOTE","unclaimed","unscanned","phone:6022099867","seed/businesses/inbox/valley_verified_public_lead_build_2026-05-19_v4.csv","2026-05-19"
"maricopa-county-workforce-development-board-phoenix-85003-445a288","Maricopa County Workforce Development Board","Local Services","Workforce Development","Workforce Development","Phoenix","AZ","85003","(602) 506-0153","","","","13","","CONTACT_FOR_QUOTE","unclaimed","unscanned","phone:6025060153","seed/businesses/inbox/valley_verified_public_lead_build_2026-05-19_v4.csv","2026-05-19"
"mark-taylor-residential-scottsdale-85251-401ed3e","Mark-Taylor Residential","Real Estate And Property","Residential Property Management","Residential Property Management","Scottsdale","AZ","85251","(480) 991-9111","","","","13","","CONTACT_FOR_QUOTE","unclaimed","unscanned","phone:4809919111","seed/businesses/inbox/valley_verified_public_lead_build_2026-05-19_v4.csv","2026-05-19"
"mbi-industrial-medicine-phoenix-85019-d253c0d","MBI Industrial Medicine","Health And Care","Occupational Health","Occupational Health","Phoenix","AZ","85019","(602) 399-0167","","","","13","","CONTACT_FOR_QUOTE","unclaimed","unscanned","phone:6023990167","seed/businesses/inbox/valley_verified_public_lead_build_2026-05-19_v4.csv","2026-05-19"
"mbps-phoenix-85004-534c364","MBPS","Business Services","Technology Services","Technology Services","Phoenix","AZ","85004","888-656-MBPS","","","","13","","CONTACT_FOR_QUOTE","unclaimed","unscanned","phone:888656","seed/businesses/inbox/valley_verified_public_lead_build_2026-05-19_v4.csv","2026-05-19"
"mccarthy-building-companies-inc-phoenix-85016-50b3c97","McCarthy Building Companies, Inc.","Home Services","Construction Contractor","Construction Contractor","Phoenix","AZ","85016","(480) 449-4700","","","","13","","CONTACT_FOR_QUOTE","unclaimed","unscanned","phone:4804494700","seed/businesses/inbox/valley_verified_public_lead_build_2026-05-19_v4.csv","2026-05-19"
"mccd-small-business-development-center-phoenix-85034-223045a","MCCD Small Business Development Center","Local Services","Small Business Development Center","Small Business Development Center","Phoenix","AZ","85034","(480) 784-0590","","","","13","","CONTACT_FOR_QUOTE","unclaimed","unscanned","phone:4807840590","seed/businesses/inbox/valley_verified_public_lead_build_2026-05-19_v4.csv","2026-05-19"
"mcrae-specialty-services-phoenix-85028-54cf4fe","McRae Specialty Services","Local Services","Specialty Services","Specialty Services","Phoenix","AZ","85028","(602) 529-8674","","","","13","","CONTACT_FOR_QUOTE","unclaimed","unscanned","phone:6025298674","seed/businesses/inbox/valley_verified_public_lead_build_2026-05-19_v4.csv","2026-05-19"
"medaire-an-international-sos-company-phoenix-85016-1af3d02","MedAire, an International SOS Company","Health And Care","Medical Assistance / Travel Health","Medical Assistance / Travel Health","Phoenix","AZ","85016","(480) 333-3700","","","","13","","CONTACT_FOR_QUOTE","unclaimed","unscanned","phone:4803333700","seed/businesses/inbox/valley_verified_public_lead_build_2026-05-19_v4.csv","2026-05-19"
"merger-global-group-llc-phoenix-85016-9e5f2f6","Merger Global Group LLC","Local Services","M&A / Business Advisory","M&A / Business Advisory","Phoenix","AZ","85016","(480) 577-5722","","","","13","","CONTACT_FOR_QUOTE","unclaimed","unscanned","phone:4805775722","seed/businesses/inbox/valley_verified_public_lead_build_2026-05-19_v4.csv","2026-05-19"
"metromerch-phx-phoenix-85051-fc83f78","MetroMerch Phx","Retail And Specialty","Merchandise / Retail","Merchandise / Retail","Phoenix","AZ","85051","(323) 825-9815","","","","13","","CONTACT_FOR_QUOTE","unclaimed","unscanned","phone:3238259815","seed/businesses/inbox/valley_verified_public_lead_build_2026-05-19_v4.csv","2026-05-19"
"milano-nail-spa-madison-village-llc-phoenix-85020-e20bbbe","Milano Nail Spa Madison Village LLC.","Beauty And Wellness","Nail Spa","Nail Spa","Phoenix","AZ","85020","(602) 334-1051","","","","13","","CONTACT_FOR_QUOTE","unclaimed","unscanned","phone:6023341051","seed/businesses/inbox/valley_verified_public_lead_build_2026-05-19_v4.csv","2026-05-19"
"milligan-lawless-p-c-phoenix-85018-94ab8a4","Milligan Lawless P.C.","Legal And Financial","Law Firm","Law Firm","Phoenix","AZ","85018","(602) 792-3500","","","","13","","CONTACT_FOR_QUOTE","unclaimed","unscanned","phone:6027923500","seed/businesses/inbox/valley_verified_public_lead_build_2026-05-19_v4.csv","2026-05-19"
"molera-alvarez-llc-phoenix-85016-03fcfc9","Molera Alvarez, LLC","Business Services","Public Affairs / Consulting","Public Affairs / Consulting","Phoenix","AZ","85016","(602) 279-9925","","","","13","","CONTACT_FOR_QUOTE","unclaimed","unscanned","phone:6022799925","seed/businesses/inbox/valley_verified_public_lead_build_2026-05-19_v4.csv","2026-05-19"
"moon-valley-nursery-scottsdale-85260-59a9ca0","Moon Valley Nursery","Local Services","Landscaping / Nursery","Landscaping / Nursery","Scottsdale","AZ","85260","(480) 374-3964","","","","13","","CONTACT_FOR_QUOTE","unclaimed","unscanned","phone:4803743964","seed/businesses/inbox/valley_verified_public_lead_build_2026-05-19_v4.csv","2026-05-19"
"mtc-phoenix-85016-bccd8db","MTC","Business Services","Technology / Telecom Services","Technology / Telecom Services","Phoenix","AZ","85016","(480) 896-2576","","","","13","","CONTACT_FOR_QUOTE","unclaimed","unscanned","phone:4808962576","seed/businesses/inbox/valley_verified_public_lead_build_2026-05-19_v4.csv","2026-05-19"
"national-technical-institute-phoenix-85040-154cddf","National Technical Institute","Local Services","Trades Training / HVAC","Trades Training / HVAC","Phoenix","AZ","85040","(480) 591-4000","","","","13","","CONTACT_FOR_QUOTE","unclaimed","merged","phone:4805914000","seed/businesses/inbox/valley_verified_public_lead_build_2026-05-19_v4.csv","2026-05-19"
"network-thinking-solutions-phoenix-85016-6d2ff87","Network Thinking Solutions","Business Services","Managed IT / Cloud Security","Managed IT / Cloud Security","Phoenix","AZ","85016","(818) 707-7705","","","","13","","CONTACT_FOR_QUOTE","unclaimed","unscanned","phone:8187077705","seed/businesses/inbox/valley_verified_public_lead_build_2026-05-19_v4.csv","2026-05-19"
"new-frontier-immigration-law-glendale-85301-6f82118","New Frontier Immigration Law","Legal And Financial","Immigration Law Firm","Immigration Law Firm","Glendale","AZ","85301","(623) 742-5400","","","","13","","CONTACT_FOR_QUOTE","unclaimed","unscanned","phone:6237425400","seed/businesses/inbox/valley_verified_public_lead_build_2026-05-19_v4.csv","2026-05-19"
"nothing-bundt-cakes-phoenix-85042-1386855","Nothing Bundt Cakes","Food And Events","Bakery / Retail Food","Bakery / Retail Food","Phoenix","AZ","85042","(915) 309-6922","","","","13","","CONTACT_FOR_QUOTE","unclaimed","unscanned","phone:9153096922","seed/businesses/inbox/valley_verified_public_lead_build_2026-05-19_v4.csv","2026-05-19"
"nuvodia-chandler-85226-207c985","Nuvodia","Business Services","Technology Services / Managed IT","Technology Services / Managed IT","Chandler","AZ","85226","(480) 469-8899","","","","13","","CONTACT_FOR_QUOTE","unclaimed","unscanned","phone:4804698899","seed/businesses/inbox/valley_verified_public_lead_build_2026-05-19_v4.csv","2026-05-19"
"oasis-senior-advisors-buckeye-85396-2ee1b8d","Oasis Senior Advisors","Local Services","Senior Living Advisory","Senior Living Advisory","Buckeye","AZ","85396","(602) 562-6050","","","","13","","CONTACT_FOR_QUOTE","unclaimed","unscanned","phone:6025626050","seed/businesses/inbox/valley_verified_public_lead_build_2026-05-19_v4.csv","2026-05-19"
"one-community-media-llc-phoenix-85013-f3b28e8","One Community Media, LLC","Creative Services","Media / Publishing","Media / Publishing","Phoenix","AZ","85013","(480) 355-0088","","","","13","","CONTACT_FOR_QUOTE","unclaimed","unscanned","phone:4803550088","seed/businesses/inbox/valley_verified_public_lead_build_2026-05-19_v4.csv","2026-05-19"
"one-stop-auto-body-and-paint-phoenix-85027-2a50d90","One Stop Auto Body & Paint","Auto Services","Auto Body / Paint","Auto Body / Paint","Phoenix","AZ","85027","(602) 944-0880","","","","13","","CONTACT_FOR_QUOTE","unclaimed","unscanned","phone:6029440880","seed/businesses/inbox/valley_verified_public_lead_build_2026-05-19_v4.csv","2026-05-19"
"pacific-office-automation-phoenix-85008-01313eb","Pacific Office Automation","Auto Services","Office Equipment / Automation","Office Equipment / Automation","Phoenix","AZ","85008","(480) 305-5500","","","","13","","CONTACT_FOR_QUOTE","unclaimed","unscanned","phone:4803055500","seed/businesses/inbox/valley_verified_public_lead_build_2026-05-19_v4.csv","2026-05-19"
"paragon-pro-rentals-buckeye-85326-2c34959","Paragon Pro Rentals","Real Estate And Property","Equipment Rentals","Equipment Rentals","Buckeye","AZ","85326","(833) 404-7368","","","","13","","CONTACT_FOR_QUOTE","unclaimed","unscanned","phone:8334047368","seed/businesses/inbox/valley_verified_public_lead_build_2026-05-19_v4.csv","2026-05-19"
"payroad-inc-phoenix-85016-55c024d","PayRoad Inc.","Local Services","Conversational AI / Payments","Conversational AI / Payments","Phoenix","AZ","85016","(650) 449-4179","","","","13","","CONTACT_FOR_QUOTE","unclaimed","unscanned","phone:6504494179","seed/businesses/inbox/valley_verified_public_lead_build_2026-05-19_v4.csv","2026-05-19"
"penske-used-truck-center-phoenix-85004-923c61f","Penske Used Truck Center","Business Services","Truck Sales / Transport","Truck Sales / Transport","Phoenix","AZ","85004","(602) 282-1705","","","","13","","CONTACT_FOR_QUOTE","unclaimed","unscanned","phone:6022821705","seed/businesses/inbox/valley_verified_public_lead_build_2026-05-19_v4.csv","2026-05-19"
"peters-cannata-and-moody-plc-phoenix-85012-5fb0e71","Peters, Cannata & Moody, PLC","Legal And Financial","Legal / Law Firm","Legal / Law Firm","Phoenix","AZ","85012","(602) 248-2900","","","","13","","CONTACT_FOR_QUOTE","unclaimed","unscanned","phone:6022482900","seed/businesses/inbox/valley_verified_public_lead_build_2026-05-19_v4.csv","2026-05-19"
"phoenix-az-ad-agency-phoenix-85012-4fa4c7d","Phoenix AZ Ad Agency","Creative Services","Advertising / Web Design","Advertising / Web Design","Phoenix","AZ","85012","(602) 641-8210","","","","13","","CONTACT_FOR_QUOTE","unclaimed","merged","phone:6026418210","seed/businesses/inbox/valley_verified_public_lead_build_2026-05-19_v4.csv","2026-05-19"
"phoenix-pawn-and-gold-phoenix-85009-cc4d93c","Phoenix Pawn and Gold","Retail And Specialty","Pawn / Gold","Pawn / Gold","Phoenix","AZ","85009","(602) 272-3449","","","","13","","CONTACT_FOR_QUOTE","unclaimed","unscanned","phone:6022723449","seed/businesses/inbox/valley_verified_public_lead_build_2026-05-19_v4.csv","2026-05-19"
"phoenix-realtors-phoenix-85020-6aeca57","Phoenix REALTORS","Real Estate And Property","Real Estate Association","Real Estate Association","Phoenix","AZ","85020","(602) 246-1012","","","","13","","CONTACT_FOR_QUOTE","unclaimed","unscanned","phone:6022461012","seed/businesses/inbox/valley_verified_public_lead_build_2026-05-19_v4.csv","2026-05-19"
"pinnacle-business-solutions-scottsdale-85255-9cc79f2","Pinnacle Business Solutions","Local Services","CPA / Business Services","CPA / Business Services","Scottsdale","AZ","85255","(480) 980-3977","","","","13","","CONTACT_FOR_QUOTE","unclaimed","unscanned","phone:4809803977","seed/businesses/inbox/valley_verified_public_lead_build_2026-05-19_v4.csv","2026-05-19"
"pinnacle-public-affairs-phoenix-85018-d525d0e","Pinnacle Public Affairs","Creative Services","Public Affairs","Public Affairs","Phoenix","AZ","85018","(480) 535-3395","","","","13","","CONTACT_FOR_QUOTE","unclaimed","unscanned","phone:4805353395","seed/businesses/inbox/valley_verified_public_lead_build_2026-05-19_v4.csv","2026-05-19"
"pipeline-media-agency-phoenix-85016-90be219","Pipeline Media Agency","Creative Services","Media Agency","Media Agency","Phoenix","AZ","85016","(602) 851-1791","","","","13","","CONTACT_FOR_QUOTE","unclaimed","unscanned","phone:6028511791","seed/businesses/inbox/valley_verified_public_lead_build_2026-05-19_v4.csv","2026-05-19"
"platz-juris-pllc-phoenix-85016-4e77b1f","PLATZ JURIS, PLLC","Legal And Financial","IP / Business / Litigation Law","IP / Business / Litigation Law","Phoenix","AZ","85016","(480) 570-8558","","","","13","","CONTACT_FOR_QUOTE","unclaimed","unscanned","phone:4805708558","seed/businesses/inbox/valley_verified_public_lead_build_2026-05-19_v4.csv","2026-05-19"
"policy-az-llc-phoenix-85020-315362e","Policy AZ, LLC","Creative Services","Public Affairs / Policy","Public Affairs / Policy","Phoenix","AZ","85020","(602) 882-9606","","","","13","","CONTACT_FOR_QUOTE","unclaimed","unscanned","phone:6028829606","seed/businesses/inbox/valley_verified_public_lead_build_2026-05-19_v4.csv","2026-05-19"
"policy-development-group-inc-phoenix-85012-042d5db","Policy Development Group, Inc.","Business Services","Public Policy / Consulting","Public Policy / Consulting","Phoenix","AZ","85012","(602) 274-4244","","","","13","","CONTACT_FOR_QUOTE","unclaimed","unscanned","phone:6022744244","seed/businesses/inbox/valley_verified_public_lead_build_2026-05-19_v4.csv","2026-05-19"
"premier-expeditors-inc-mesa-85206-4ad138c","Premier Expeditors Inc","Business Services","Expedited Logistics","Expedited Logistics","Mesa","AZ","85206","(623) 866-8434","","","","13","","CONTACT_FOR_QUOTE","unclaimed","unscanned","phone:6238668434","seed/businesses/inbox/valley_verified_public_lead_build_2026-05-19_v4.csv","2026-05-19"
"price-4-limo-phoenix-phoenix-85003-3903bb5","Price 4 Limo Phoenix","Business Services","Charter Bus / Limo Service","Charter Bus / Limo Service","Phoenix","AZ","85003","(866) 265-5479","","","","13","","CONTACT_FOR_QUOTE","unclaimed","unscanned","phone:8662655479","seed/businesses/inbox/valley_verified_public_lead_build_2026-05-19_v4.csv","2026-05-19"
"public-policy-partners-phoenix-85003-fbc0311","Public Policy Partners","Business Services","Public Policy / Consulting","Public Policy / Consulting","Phoenix","AZ","85003","(602) 200-6777","","","","13","","CONTACT_FOR_QUOTE","unclaimed","unscanned","phone:6022006777","seed/businesses/inbox/valley_verified_public_lead_build_2026-05-19_v4.csv","2026-05-19"
"qdi-quarries-direct-international-llc-phoenix-85009-95f1d7c","QDI - Quarries Direct International, LLC","Home Services","Stone / Construction Materials","Stone / Construction Materials","Phoenix","AZ","85009","(602) 269-7900","","","","13","","CONTACT_FOR_QUOTE","unclaimed","unscanned","phone:6022697900","seed/businesses/inbox/valley_verified_public_lead_build_2026-05-19_v4.csv","2026-05-19"
"quantum-qarat-phoenix-85016-634059c","Quantum Qarat","Retail And Specialty","Jewelry / Specialty Retail","Jewelry / Specialty Retail","Phoenix","AZ","85016","(480) 221-5194","","","","13","","CONTACT_FOR_QUOTE","unclaimed","unscanned","phone:4802215194","seed/businesses/inbox/valley_verified_public_lead_build_2026-05-19_v4.csv","2026-05-19"
"s-c-communications-phoenix-85018-66d126d","S+C Communications","Creative Services","Communications / PR","Communications / PR","Phoenix","AZ","85018","(602) 677-5422","","","","13","","CONTACT_FOR_QUOTE","unclaimed","unscanned","phone:6026775422","seed/businesses/inbox/valley_verified_public_lead_build_2026-05-19_v4.csv","2026-05-19"
"s2rc-phoenix-85028-5cbbb77","S2RC","Creative Services","Tech / AI / Training Solutions","Tech / AI / Training Solutions","Phoenix","AZ","85028","(602) 708-8450","","","","13","","CONTACT_FOR_QUOTE","unclaimed","merged","phone:6027088450","seed/businesses/inbox/valley_verified_public_lead_build_2026-05-19_v4.csv","2026-05-19"
"sa-recycling-phoenix-85009-57ce81c","SA Recycling","Home Services","Recycling / Materials","Recycling / Materials","Phoenix","AZ","85009","(602) 447-3000","","","","13","","CONTACT_FOR_QUOTE","unclaimed","unscanned","phone:6024473000","seed/businesses/inbox/valley_verified_public_lead_build_2026-05-19_v4.csv","2026-05-19"
"schmitt-jewelers-phoenix-85018-6eccca7","Schmitt Jewelers","Retail And Specialty","Jewelry","Jewelry","Phoenix","AZ","85018","(602) 840-1144","","","","13","","CONTACT_FOR_QUOTE","unclaimed","unscanned","phone:6028401144","seed/businesses/inbox/valley_verified_public_lead_build_2026-05-19_v4.csv","2026-05-19"
"scott-s-automotive-phoenix-85014-5c5fdee","Scott's Automotive","Auto Services","Auto Repair/maintenance","Auto Repair/maintenance","Phoenix","AZ","85014","(602) 237-5237","","","","13","","CONTACT_FOR_QUOTE","unclaimed","unscanned","phone:6022375237","seed/businesses/inbox/valley_verified_public_lead_build_2026-05-19_v4.csv","2026-05-19"
"scott-s-automotive-of-north-peoria-peoria-85016-dec95df","Scott's Automotive of North Peoria","Auto Services","Auto Repair/maintenance","Auto Repair/maintenance","Peoria","AZ","85016","(623) 933-5454","","","","13","","CONTACT_FOR_QUOTE","unclaimed","unscanned","phone:6239335454","seed/businesses/inbox/valley_verified_public_lead_build_2026-05-19_v4.csv","2026-05-19"
"servpro-of-phoenix-phoenix-85034-e69aa6c","Servpro of Phoenix","Home Services","Restoration Services","Restoration Services","Phoenix","AZ","85034","(480) 503-2090","","","","13","","CONTACT_FOR_QUOTE","unclaimed","unscanned","phone:4805032090","seed/businesses/inbox/valley_verified_public_lead_build_2026-05-19_v4.csv","2026-05-19"
"shin-etsu-microsi-phoenix-85044-760a25a","Shin-Etsu MicroSi","Home Services","Semiconductor / Electronics","Semiconductor / Electronics","Phoenix","AZ","85044","(480) 893-8898","","","","13","","CONTACT_FOR_QUOTE","unclaimed","unscanned","phone:4808938898","seed/businesses/inbox/valley_verified_public_lead_build_2026-05-19_v4.csv","2026-05-19"
"strategic-impact-partners-phoenix-85007-d6716c2","Strategic Impact Partners","Creative Services","Strategic Communications","Strategic Communications","Phoenix","AZ","85007","(480) 470-3648","","","","13","","CONTACT_FOR_QUOTE","unclaimed","unscanned","phone:4804703648","seed/businesses/inbox/valley_verified_public_lead_build_2026-05-19_v4.csv","2026-05-19"
"supreme-comfort-phoenix-85034-b8e4c1b","Supreme Comfort","Retail And Specialty","Comfort / Home Goods/services","Comfort / Home Goods/services","Phoenix","AZ","85034","(623) 281-0621","","","","13","","CONTACT_FOR_QUOTE","unclaimed","unscanned","phone:6232810621","seed/businesses/inbox/valley_verified_public_lead_build_2026-05-19_v4.csv","2026-05-19"
"the-dauz-phoenix-85007-35d5566","The Dauz","Creative Services","Event Venue / Media Venue","Event Venue / Media Venue","Phoenix","AZ","85007","(602) 257-0750","","","","13","","CONTACT_FOR_QUOTE","unclaimed","unscanned","phone:6022570750","seed/businesses/inbox/valley_verified_public_lead_build_2026-05-19_v4.csv","2026-05-19"
"the-green-room-landscape-architecture-phoenix-85012-b232df5","The Green Room Landscape Architecture","Home Services","Landscape Architecture","Landscape Architecture","Phoenix","AZ","85012","(480) 795-4754","","","","13","","CONTACT_FOR_QUOTE","unclaimed","unscanned","phone:4807954754","seed/businesses/inbox/valley_verified_public_lead_build_2026-05-19_v4.csv","2026-05-19"
"the-mcrae-agency-paradise-valley-85253-94595ba","The McRae Agency","Creative Services","PR / Marketing Agency","PR / Marketing Agency","Paradise Valley","AZ","85253","(602) 330-1996","","","","13","","CONTACT_FOR_QUOTE","unclaimed","unscanned","phone:6023301996","seed/businesses/inbox/valley_verified_public_lead_build_2026-05-19_v4.csv","2026-05-19"
"the-old-spaghetti-factory-phoenix-85004-90dbe20","The Old Spaghetti Factory","Food And Events","Restaurant / Retail Food","Restaurant / Retail Food","Phoenix","AZ","85004","(602) 257-0380","","","","13","","CONTACT_FOR_QUOTE","unclaimed","unscanned","phone:6022570380","seed/businesses/inbox/valley_verified_public_lead_build_2026-05-19_v4.csv","2026-05-19"
"the-village-health-clubs-and-spas-camelback-phoenix-85018-38c7b54","The Village Health Clubs & Spas - Camelback","Beauty And Wellness","Health Club / Spa","Health Club / Spa","Phoenix","AZ","85018","(602) 840-6412","","","","13","","CONTACT_FOR_QUOTE","unclaimed","unscanned","phone:6028406412","seed/businesses/inbox/valley_verified_public_lead_build_2026-05-19_v4.csv","2026-05-19"
"triadvocates-llc-phoenix-85004-25c34da","Triadvocates LLC","Creative Services","Government Relations / Advocacy","Government Relations / Advocacy","Phoenix","AZ","85004","(602) 761-2760","","","","13","","CONTACT_FOR_QUOTE","unclaimed","unscanned","phone:6027612760","seed/businesses/inbox/valley_verified_public_lead_build_2026-05-19_v4.csv","2026-05-19"
"triyoung-inc-peoria-85381-ab239de","TriYoung, Inc.","Business Services","Small Business IT Systems","Small Business IT Systems","Peoria","AZ","85381","(602) 424-1703","","","","13","","CONTACT_FOR_QUOTE","unclaimed","unscanned","phone:6024241703","seed/businesses/inbox/valley_verified_public_lead_build_2026-05-19_v4.csv","2026-05-19"
"trublue-home-service-ally-of-phoenix-phoenix-85070-5cedd08","TruBlue Home Service Ally of Phoenix","Local Services","Home Repair Services","Home Repair Services","Phoenix","AZ","85070","(602) 818-8566","","","","13","","CONTACT_FOR_QUOTE","unclaimed","unscanned","phone:6028188566","seed/businesses/inbox/valley_verified_public_lead_build_2026-05-19_v4.csv","2026-05-19"
"trudoor-doors-and-hardware-phoenix-85043-7c462c9","Trudoor - Doors & Hardware","Retail And Specialty","Doors And Hardware","Doors And Hardware","Phoenix","AZ","85043","(623) 748-9122","","","","13","","CONTACT_FOR_QUOTE","unclaimed","unscanned","phone:6237489122","seed/businesses/inbox/valley_verified_public_lead_build_2026-05-19_v4.csv","2026-05-19"
"val-u-chem-phoenix-85034-9b198f9","Val-U-Chem","Retail And Specialty","Janitorial / Chemical Supplies","Janitorial / Chemical Supplies","Phoenix","AZ","85034","(602) 957-2808","","","","13","","CONTACT_FOR_QUOTE","unclaimed","merged","phone:6029572808","seed/businesses/inbox/valley_verified_public_lead_build_2026-05-19_v4.csv","2026-05-19"
"veridus-phoenix-85004-f41f053","Veridus","Creative Services","Public Affairs / Strategy","Public Affairs / Strategy","Phoenix","AZ","85004","(602) 229-1129","","","","13","","CONTACT_FOR_QUOTE","unclaimed","unscanned","phone:6022291129","seed/businesses/inbox/valley_verified_public_lead_build_2026-05-19_v4.csv","2026-05-19"
"video-west-inc-phoenix-85008-f877579","Video West, Inc.","Creative Services","Video / Audio / Lighting Production","Video / Audio / Lighting Production","Phoenix","AZ","85008","(480) 222-3180","","","","13","","CONTACT_FOR_QUOTE","unclaimed","unscanned","phone:4802223180","seed/businesses/inbox/valley_verified_public_lead_build_2026-05-19_v4.csv","2026-05-19"
"west-valley-pawn-and-gold-avondale-85323-968d882","West Valley Pawn and Gold","Retail And Specialty","Pawn / Gold","Pawn / Gold","Avondale","AZ","85323","(623) 932-9364","","","","13","","CONTACT_FOR_QUOTE","unclaimed","unscanned","phone:6239329364","seed/businesses/inbox/valley_verified_public_lead_build_2026-05-19_v4.csv","2026-05-19"
"window-world-of-phoenix-llc-phoenix-85009-82990a7","Window World of Phoenix, LLC","Local Services","Windows","Windows","Phoenix","AZ","85009","(602) 535-0180","","","","13","","CONTACT_FOR_QUOTE","unclaimed","unscanned","phone:6025350180","seed/businesses/inbox/valley_verified_public_lead_build_2026-05-19_v4.csv","2026-05-19"
"wss-phoenix-85013-2cef642","WSS","Retail And Specialty","Shoe / Apparel Retail","Shoe / Apparel Retail","Phoenix","AZ","85013","(623) 281-0618","","","","13","","CONTACT_FOR_QUOTE","unclaimed","unscanned","phone:6232810618","seed/businesses/inbox/valley_verified_public_lead_build_2026-05-19_v4.csv","2026-05-19"
"zest-plumbing-and-drain-scottsdale-85260-b72858f","Zest Plumbing & Drain","Home Services","Plumbing / Drain Cleaning","Plumbing / Drain Cleaning","Scottsdale","AZ","85260","(480) 618-1750","","","","13","","CONTACT_FOR_QUOTE","unclaimed","unscanned","phone:4806181750","seed/businesses/inbox/valley_verified_public_lead_build_2026-05-19_v4.csv","2026-05-19"
"national-kidney-foundation-of-arizona-phoenix-healthcare-wellness-9421e49","National Kidney Foundation of Arizona","Health And Care","Health Nonprofit","Health Nonprofit","Phoenix","AZ","","","","","","5","","CONTACT_FOR_QUOTE","unclaimed","unscanned","name_address:national-kidney-foundation-of-item-phoenix","seed/businesses/inbox/valley_verified_public_lead_build_2026-05-19_v4.csv","2026-05-19"
