lead_id,company_name,business_type,category_bucket,niche,city,state,zip,phone,address,website,source_url,source_lines,business_verified,claim_status,accepts_requests,last_verified,tags,verification_notes,outreach_fit,notes
VV-0001,A-Z Air Duct,Home & Garden / Air duct cleaning,Home & Garden,Air duct cleaning,Tempe,AZ,85282,(602) 466-2234,"2105 S. 48th Street Suite 105, Tempe, AZ 85282",,https://business.phoenixchamber.com/list/ql/home-garden-12,L173-L177,false,unclaimed,true,2026-05-19,Air duct cleaning|Home & Garden|Local SMB / service business|Public directory record,Imported from Valley Verified public lead build v4.|Public source status: PUBLIC DIRECTORY VERIFIED.|Source lines: L173-L177.|Source policy: public directory/company listing only; no synthetic contacts or guessed emails.,Local SMB / service business,
VV-0002,Az Pressure Wash and Windows,Home & Garden / Pressure washing / windows,Home & Garden,Pressure washing / windows,Scottsdale,AZ,85254,(480) 658-3605,"5615 E. Wethersfield Rd., Scottsdale, AZ 85254",,https://business.phoenixchamber.com/list/ql/home-garden-12,L179-L184,false,unclaimed,true,2026-05-19,Pressure washing / windows|Home & Garden|Local SMB / service business|Public directory record,Imported from Valley Verified public lead build v4.|Public source status: PUBLIC DIRECTORY VERIFIED.|Source lines: L179-L184.|Source policy: public directory/company listing only; no synthetic contacts or guessed emails.,Local SMB / service business,
VV-0003,BestFit Water,Home & Garden / Water purification,Home & Garden,Water purification,Scottsdale,AZ,85250,(480) 213-8736,"6929 N Hayden Rd Suite C4-279, Scottsdale, AZ 85250",,https://business.phoenixchamber.com/list/ql/home-garden-12,L186-L191,false,unclaimed,true,2026-05-19,Water purification|Home & Garden|Local SMB / service business|Public directory record,Imported from Valley Verified public lead build v4.|Public source status: PUBLIC DIRECTORY VERIFIED.|Source lines: L186-L191.|Source policy: public directory/company listing only; no synthetic contacts or guessed emails.,Local SMB / service business,
VV-0004,"Core Security Services, Inc.",Home & Garden / Security services,Home & Garden,Security services,Scottsdale,AZ,85253,(844) 250-2073,"6710 N. Scottsdale Rd. Suite 100, Scottsdale, AZ 85253",,https://business.phoenixchamber.com/list/ql/home-garden-12,L199-L204,false,unclaimed,true,2026-05-19,Security services|Home & Garden|Local SMB / service business|Public directory record,Imported from Valley Verified public lead build v4.|Public source status: PUBLIC DIRECTORY VERIFIED.|Source lines: L199-L204.|Source policy: public directory/company listing only; no synthetic contacts or guessed emails.,Local SMB / service business,
VV-0005,Elite Rooter,Home & Garden / Plumbing / drain cleaning,Home & Garden,Plumbing / drain cleaning,Phoenix,AZ,85004,(623) 469-4660,"319 E. Watkins St., Phoenix, AZ 85004",,https://business.phoenixchamber.com/list/ql/home-garden-12,L206-L211,false,unclaimed,true,2026-05-19,Plumbing / drain cleaning|Home & Garden|Local SMB / service business|Public directory record,Imported from Valley Verified public lead build v4.|Public source status: PUBLIC DIRECTORY VERIFIED.|Source lines: L206-L211.|Source policy: public directory/company listing only; no synthetic contacts or guessed emails.,Local SMB / service business,
VV-0006,Elite Windows and Doors,Home & Garden / Doors and windows,Home & Garden,Doors and windows,Scottsdale,AZ,85260,(480) 264-5409,"14455 N. 79th St., Ste. F, Scottsdale, AZ 85260",,https://business.phoenixchamber.com/list/ql/home-garden-12,L213-L217,false,unclaimed,true,2026-05-19,Doors and windows|Home & Garden|Local SMB / service business|Public directory record,Imported from Valley Verified public lead build v4.|Public source status: PUBLIC DIRECTORY VERIFIED.|Source lines: L213-L217.|Source policy: public directory/company listing only; no synthetic contacts or guessed emails.,Local SMB / service business,
VV-0007,Flow Management Devices,Home & Garden / Water / flow devices,Home & Garden,Water / flow devices,Phoenix,AZ,85040,(602) 581-5092,"5225 S. 37th St., Phoenix, AZ 85040",,https://business.phoenixchamber.com/list/ql/home-garden-12,L219-L224,false,unclaimed,true,2026-05-19,Water / flow devices|Home & Garden|Local SMB / service business|Public directory record,Imported from Valley Verified public lead build v4.|Public source status: PUBLIC DIRECTORY VERIFIED.|Source lines: L219-L224.|Source policy: public directory/company listing only; no synthetic contacts or guessed emails.,Local SMB / service business,
VV-0008,Gatsby Glass of Scottsdale,Home & Garden / Glass services,Home & Garden,Glass services,Scottsdale,AZ,85260,(480) 780-1000,"8350 E. Evans Rd. Suite D4, Scottsdale, AZ 85260",,https://business.phoenixchamber.com/list/ql/home-garden-12,L233-L237,false,unclaimed,true,2026-05-19,Glass services|Home & Garden|Local SMB / service business|Public directory record,Imported from Valley Verified public lead build v4.|Public source status: PUBLIC DIRECTORY VERIFIED.|Source lines: L233-L237.|Source policy: public directory/company listing only; no synthetic contacts or guessed emails.,Local SMB / service business,
VV-0009,Good Golly Garage Doors,Home & Garden / Garage door repair/install,Home & Garden,Garage door repair/install,Phoenix,AZ,85050,(602) 887-4002,"2920 E. Mohawk Ln. Ste 100, Phoenix, AZ 85050",,https://business.phoenixchamber.com/list/ql/home-garden-12,L239-L246,false,unclaimed,true,2026-05-19,Garage door repair/install|Home & Garden|Local SMB / service business|Public directory record,Imported from Valley Verified public lead build v4.|Public source status: PUBLIC DIRECTORY VERIFIED.|Source lines: L239-L246.|Source policy: public directory/company listing only; no synthetic contacts or guessed emails.,Local SMB / service business,
VV-0010,Groundworks,Home & Garden / Foundation / home services,Home & Garden,Foundation / home services,Phoenix,AZ,85027,(603) 837-5138,"2639 W. Lone Cactus Drive, Phoenix, AZ 85027",,https://business.phoenixchamber.com/list/ql/home-garden-12,L248-L252,false,unclaimed,true,2026-05-19,Foundation / home services|Home & Garden|Local SMB / service business|Public directory record,Imported from Valley Verified public lead build v4.|Public source status: PUBLIC DIRECTORY VERIFIED.|Source lines: L248-L252.|Source policy: public directory/company listing only; no synthetic contacts or guessed emails.,Local SMB / service business,
VV-0011,"Invader Pest Management, Inc.",Home & Garden / Pest control,Home & Garden,Pest control,Glendale,AZ,85311,(623) 435-0228,"6087 N. 57th Dr., Glendale, AZ 85311-5356",www.invader.net,https://business.phoenixchamber.com/list/ql/home-garden-12,L273-L279,false,unclaimed,true,2026-05-19,Pest control|Home & Garden|Local SMB / service business|Public directory record,Imported from Valley Verified public lead build v4.|Public source status: PUBLIC DIRECTORY VERIFIED.|Source lines: L273-L279.|Source policy: public directory/company listing only; no synthetic contacts or guessed emails.,Local SMB / service business,
VV-0012,Lunar Pest Control,Home & Garden / Pest control,Home & Garden,Pest control,Chandler,AZ,85224,(480) 864-2728,"2858 W. Gail Dr., Chandler, AZ 85224",,https://business.phoenixchamber.com/list/ql/home-garden-12,L281-L286,false,unclaimed,true,2026-05-19,Pest control|Home & Garden|Local SMB / service business|Public directory record,Imported from Valley Verified public lead build v4.|Public source status: PUBLIC DIRECTORY VERIFIED.|Source lines: L281-L286.|Source policy: public directory/company listing only; no synthetic contacts or guessed emails.,Local SMB / service business,
VV-0013,Moon Valley Nursery,Home & Garden / Landscaping / nursery,Home & Garden,Landscaping / nursery,Scottsdale,AZ,85260,(480) 374-3964,"14000 N. Pima Rd. Suite 150, Scottsdale, AZ 85260",,https://business.phoenixchamber.com/list/ql/home-garden-12,L288-L292,false,unclaimed,true,2026-05-19,Landscaping / nursery|Home & Garden|Local SMB / service business|Public directory record,Imported from Valley Verified public lead build v4.|Public source status: PUBLIC DIRECTORY VERIFIED.|Source lines: L288-L292.|Source policy: public directory/company listing only; no synthetic contacts or guessed emails.,Local SMB / service business,
VV-0014,Phoenix Fence Co.,Home & Garden / Fencing and gates,Home & Garden,Fencing and gates,Phoenix,AZ,85040,(602) 276-4283,"3636 S. 16th St., Phoenix, AZ 85040",www.phoenixfence.com,https://business.phoenixchamber.com/list/ql/home-garden-12,L304-L310,false,unclaimed,true,2026-05-19,Fencing and gates|Home & Garden|Local SMB / service business|Public directory record,Imported from Valley Verified public lead build v4.|Public source status: PUBLIC DIRECTORY VERIFIED.|Source lines: L304-L310.|Source policy: public directory/company listing only; no synthetic contacts or guessed emails.,Local SMB / service business,
VV-0015,Servpro of Phoenix,Home & Garden / Restoration services,Home & Garden,Restoration services,Phoenix,AZ,85034,(480) 503-2090,"3306 E Washington St, Phoenix, AZ 85034",,https://business.phoenixchamber.com/list/ql/home-garden-12,L318-L326,false,unclaimed,true,2026-05-19,Restoration services|Home & Garden|Local SMB / service business|Public directory record,Imported from Valley Verified public lead build v4.|Public source status: PUBLIC DIRECTORY VERIFIED.|Source lines: L318-L326.|Source policy: public directory/company listing only; no synthetic contacts or guessed emails.,Local SMB / service business,
VV-0016,The Green Room Landscape Architecture,Home & Garden / Landscape architecture,Home & Garden,Landscape architecture,Phoenix,AZ,85012,(480) 795-4754,"3002 North Third Street, Phoenix, AZ 85012",,https://business.phoenixchamber.com/list/ql/home-garden-12,L327-L331,false,unclaimed,true,2026-05-19,Landscape architecture|Home & Garden|Local SMB / service business|Public directory record,Imported from Valley Verified public lead build v4.|Public source status: PUBLIC DIRECTORY VERIFIED.|Source lines: L327-L331.|Source policy: public directory/company listing only; no synthetic contacts or guessed emails.,Local SMB / service business,
VV-0017,TruBlue Home Service Ally of Phoenix,Home & Garden / Home repair services,Home & Garden,Home repair services,Phoenix,AZ,85070,(602) 818-8566,"1819 E. Morten Dr. Suite 170, Phoenix, AZ 85070",,https://business.phoenixchamber.com/list/ql/home-garden-12,L333-L338,false,unclaimed,true,2026-05-19,Home repair services|Home & Garden|Local SMB / service business|Public directory record,Imported from Valley Verified public lead build v4.|Public source status: PUBLIC DIRECTORY VERIFIED.|Source lines: L333-L338.|Source policy: public directory/company listing only; no synthetic contacts or guessed emails.,Local SMB / service business,
VV-0018,Trudoor - Doors & Hardware,Home & Garden / Doors and hardware,Home & Garden,Doors and hardware,Phoenix,AZ,85043,(623) 748-9122,"5858 W Lower Buckeye Rd #100, Phoenix, AZ 85043",,https://business.phoenixchamber.com/list/ql/home-garden-12,L340-L345,false,unclaimed,true,2026-05-19,Doors and hardware|Home & Garden|Local SMB / service business|Public directory record,Imported from Valley Verified public lead build v4.|Public source status: PUBLIC DIRECTORY VERIFIED.|Source lines: L340-L345.|Source policy: public directory/company listing only; no synthetic contacts or guessed emails.,Local SMB / service business,
VV-0019,Val-U-Chem,Home & Garden / Janitorial / chemical supplies,Home & Garden,Janitorial / chemical supplies,Phoenix,AZ,85034,(602) 957-2808,"2219 E. University Dr., Phoenix, AZ 85034",,https://business.phoenixchamber.com/list/ql/home-garden-12,L347-L351,false,unclaimed,true,2026-05-19,Janitorial / chemical supplies|Home & Garden|Local SMB / service business|Public directory record,Imported from Valley Verified public lead build v4.|Public source status: PUBLIC DIRECTORY VERIFIED.|Source lines: L347-L351.|Source policy: public directory/company listing only; no synthetic contacts or guessed emails.,Local SMB / service business,
VV-0020,"Window World of Phoenix, LLC",Home & Garden / Windows,Home & Garden,Windows,Phoenix,AZ,85009,(602) 535-0180,"2530 W. Holly St., Phoenix, AZ 85009",,https://business.phoenixchamber.com/list/ql/home-garden-12,L360-L365,false,unclaimed,true,2026-05-19,Windows|Home & Garden|Local SMB / service business|Public directory record,Imported from Valley Verified public lead build v4.|Public source status: PUBLIC DIRECTORY VERIFIED.|Source lines: L360-L365.|Source policy: public directory/company listing only; no synthetic contacts or guessed emails.,Local SMB / service business,
VV-0021,Zest Plumbing & Drain,Home & Garden / Plumbing / drain cleaning,Home & Garden,Plumbing / drain cleaning,Scottsdale,AZ,85260,(480) 618-1750,"16445 N. 91st Street Ste #107, Scottsdale, AZ 85260",,https://business.phoenixchamber.com/list/ql/home-garden-12,L367-L375,false,unclaimed,true,2026-05-19,Plumbing / drain cleaning|Home & Garden|Local SMB / service business|Public directory record,Imported from Valley Verified public lead build v4.|Public source status: PUBLIC DIRECTORY VERIFIED.|Source lines: L367-L375.|Source policy: public directory/company listing only; no synthetic contacts or guessed emails.,Local SMB / service business,
VV-0022,"Austin Commercial, L.P.",Construction / Commercial construction,Construction,Commercial construction,Phoenix,AZ,85027,(602) 267-1879,"2001 W. Pinnacle Peak Rd Ste. 200, Phoenix, AZ 85027",www.austin-ind.com,https://business.phoenixchamber.com/list/ql/construction-equipment-contractors-7,L184-L189,false,unclaimed,true,2026-05-19,Commercial construction|Construction|Local SMB / service business|Public directory record,Imported from Valley Verified public lead build v4.|Public source status: PUBLIC DIRECTORY VERIFIED.|Source lines: L184-L189.|Source policy: public directory/company listing only; no synthetic contacts or guessed emails.,Local SMB / service business,
VV-0023,Cardinal Wholesale Cabinets,Construction / Cabinets / countertops,Construction,Cabinets / countertops,Phoenix,AZ,85040,(602) 296-5648,"3707 E. Broadway Rd., Phoenix, AZ 85040",,https://business.phoenixchamber.com/list/ql/construction-equipment-contractors-7,L191-L197,false,unclaimed,true,2026-05-19,Cabinets / countertops|Construction|Local SMB / service business|Public directory record,Imported from Valley Verified public lead build v4.|Public source status: PUBLIC DIRECTORY VERIFIED.|Source lines: L191-L197.|Source policy: public directory/company listing only; no synthetic contacts or guessed emails.,Local SMB / service business,
VV-0024,IDM Companies,Construction / Real estate development / multifamily,Construction,Real estate development / multifamily,Scottsdale,AZ,85253,(480) 977-3477,"6720 N Scottsdale Rd Suite 190, Scottsdale, AZ 85253",,https://business.phoenixchamber.com/list/ql/construction-equipment-contractors-7,L205-L213,false,unclaimed,true,2026-05-19,Real estate development / multifamily|Construction|Local SMB / service business|Public directory record,Imported from Valley Verified public lead build v4.|Public source status: PUBLIC DIRECTORY VERIFIED.|Source lines: L205-L213.|Source policy: public directory/company listing only; no synthetic contacts or guessed emails.,Local SMB / service business,
VV-0025,"QDI - Quarries Direct International, LLC",Construction / Stone / construction materials,Construction,Stone / construction materials,Phoenix,AZ,85009,(602) 269-7900,"2633 N. 24th Dr., Phoenix, AZ 85009",,https://business.phoenixchamber.com/list/ql/construction-equipment-contractors-7,L214-L218,false,unclaimed,true,2026-05-19,Stone / construction materials|Construction|Local SMB / service business|Public directory record,Imported from Valley Verified public lead build v4.|Public source status: PUBLIC DIRECTORY VERIFIED.|Source lines: L214-L218.|Source policy: public directory/company listing only; no synthetic contacts or guessed emails.,Local SMB / service business,
VV-0026,SA Recycling,Construction / Recycling / materials,Construction,Recycling / materials,Phoenix,AZ,85009,(602) 447-3000,"3640 S. 35th Ave., Phoenix, AZ 85009",,https://business.phoenixchamber.com/list/ql/construction-equipment-contractors-7,L220-L225,false,unclaimed,true,2026-05-19,Recycling / materials|Construction|Local SMB / service business|Public directory record,Imported from Valley Verified public lead build v4.|Public source status: PUBLIC DIRECTORY VERIFIED.|Source lines: L220-L225.|Source policy: public directory/company listing only; no synthetic contacts or guessed emails.,Local SMB / service business,
VV-0027,"American Asphalt Paving & Sealcoating, Inc.",Real Estate/Contractors / Paving / sealcoating,Real Estate/Contractors,Paving / sealcoating,Phoenix,AZ,85007,(602) 256-7376,"642 N. 17th Ave., Phoenix, AZ 85007-2235",,https://business.phoenixchamber.com/list/ql/real-estate-moving-storage-20,L195-L199,false,unclaimed,true,2026-05-19,Paving / sealcoating|Real Estate/Contractors|Local SMB / service business|Public directory record,Imported from Valley Verified public lead build v4.|Public source status: PUBLIC DIRECTORY VERIFIED.|Source lines: L195-L199.|Source policy: public directory/company listing only; no synthetic contacts or guessed emails.,Local SMB / service business,
VV-0028,"Ames Construction, Inc.",Real Estate/Contractors / Construction contractor,Real Estate/Contractors,Construction contractor,Scottsdale,AZ,85255,(602) 431-2111,"8333 E. Hartford Dr., Scottsdale, AZ 85255",www.amesconstruction.com,https://business.phoenixchamber.com/list/ql/real-estate-moving-storage-20,L201-L207,false,unclaimed,true,2026-05-19,Construction contractor|Real Estate/Contractors|Local SMB / service business|Public directory record,Imported from Valley Verified public lead build v4.|Public source status: PUBLIC DIRECTORY VERIFIED.|Source lines: L201-L207.|Source policy: public directory/company listing only; no synthetic contacts or guessed emails.,Local SMB / service business,
VV-0029,Apartment Hunters,Real Estate/Contractors / Apartment locating / real estate,Real Estate/Contractors,Apartment locating / real estate,Phoenix,AZ,85051,(602) 863-1500,"3404 W. Cheryl Dr., Ste. A-158, Phoenix, AZ 85051",www.valleywidehouses.com,https://business.phoenixchamber.com/list/ql/real-estate-moving-storage-20,L209-L214,false,unclaimed,true,2026-05-19,Apartment locating / real estate|Real Estate/Contractors|Local SMB / service business|Public directory record,Imported from Valley Verified public lead build v4.|Public source status: PUBLIC DIRECTORY VERIFIED.|Source lines: L209-L214.|Source policy: public directory/company listing only; no synthetic contacts or guessed emails.,Local SMB / service business,
VV-0030,Arizona Best Real Estate,Real Estate/Contractors / Real estate brokerage,Real Estate/Contractors,Real estate brokerage,Scottsdale,AZ,85254,(480) 948-4711,"11333 N. Scottsdale Rd., Ste. 100, Scottsdale, AZ 85254-5186",www.arizonabest.com,https://business.phoenixchamber.com/list/ql/real-estate-moving-storage-20,L224-L229,false,unclaimed,true,2026-05-19,Real estate brokerage|Real Estate/Contractors|Local SMB / service business|Public directory record,Imported from Valley Verified public lead build v4.|Public source status: PUBLIC DIRECTORY VERIFIED.|Source lines: L224-L229.|Source policy: public directory/company listing only; no synthetic contacts or guessed emails.,Local SMB / service business,
VV-0031,"Ashley Karn, The Karn Group at Barrett Real Estate",Real Estate/Contractors / Real estate agent/team,Real Estate/Contractors,Real estate agent/team,Scottsdale,AZ,85260,(480) 433-9405,"7721 E Gray Rd #204, Scottsdale, AZ 85260",,https://business.phoenixchamber.com/list/ql/real-estate-moving-storage-20,L239-L243,false,unclaimed,true,2026-05-19,Real estate agent/team|Real Estate/Contractors|Local SMB / service business|Public directory record,Imported from Valley Verified public lead build v4.|Public source status: PUBLIC DIRECTORY VERIFIED.|Source lines: L239-L243.|Source policy: public directory/company listing only; no synthetic contacts or guessed emails.,Local SMB / service business,
VV-0032,"Atlas Residential, LLC",Real Estate/Contractors / Residential property management,Real Estate/Contractors,Residential property management,Paradise Valley,AZ,85253,(602) 903-7286,"6250 E. Cheney Dr., Paradise Valley, AZ 85253",,https://business.phoenixchamber.com/list/ql/real-estate-moving-storage-20,L245-L250,false,unclaimed,true,2026-05-19,Residential property management|Real Estate/Contractors|Local SMB / service business|Public directory record,Imported from Valley Verified public lead build v4.|Public source status: PUBLIC DIRECTORY VERIFIED.|Source lines: L245-L250.|Source policy: public directory/company listing only; no synthetic contacts or guessed emails.,Local SMB / service business,
VV-0033,AVE Phoenix Terra,Real Estate/Contractors / Apartment community,Real Estate/Contractors,Apartment community,Phoenix,AZ,85003,(602) 836-4680,"555 N. 5th Avenue, Phoenix, AZ 85003",,https://business.phoenixchamber.com/list/ql/real-estate-moving-storage-20,L252-L257,false,unclaimed,true,2026-05-19,Apartment community|Real Estate/Contractors|Local SMB / service business|Public directory record,Imported from Valley Verified public lead build v4.|Public source status: PUBLIC DIRECTORY VERIFIED.|Source lines: L252-L257.|Source policy: public directory/company listing only; no synthetic contacts or guessed emails.,Local SMB / service business,
VV-0034,"Brooks Realty & Advisory Group, Inc.",Real Estate/Contractors / Real estate advisory,Real Estate/Contractors,Real estate advisory,Scottsdale,AZ,85258,(602) 264-1565,"7373 E. Doubletree Ranch Rd., Ste. 230, Scottsdale, AZ 85258-5501",,https://business.phoenixchamber.com/list/ql/real-estate-moving-storage-20,L259-L263,false,unclaimed,true,2026-05-19,Real estate advisory|Real Estate/Contractors|Local SMB / service business|Public directory record,Imported from Valley Verified public lead build v4.|Public source status: PUBLIC DIRECTORY VERIFIED.|Source lines: L259-L263.|Source policy: public directory/company listing only; no synthetic contacts or guessed emails.,Local SMB / service business,
VV-0035,Castile Roofing,Real Estate/Contractors / Roofing contractor,Real Estate/Contractors,Roofing contractor,Phoenix,AZ,85015,(602) 687-7282,"3015 N. 16th Ave., Phoenix, AZ 85015",,https://business.phoenixchamber.com/list/ql/real-estate-moving-storage-20,L285-L290,false,unclaimed,true,2026-05-19,Roofing contractor|Real Estate/Contractors|Local SMB / service business|Public directory record,Imported from Valley Verified public lead build v4.|Public source status: PUBLIC DIRECTORY VERIFIED.|Source lines: L285-L290.|Source policy: public directory/company listing only; no synthetic contacts or guessed emails.,Local SMB / service business,
VV-0036,CEC Facilities,Real Estate/Contractors / Facilities services,Real Estate/Contractors,Facilities services,Phoenix,AZ,85040,(817) 734-0040,"3731 E. Grove Street, Phoenix, AZ 85040",,https://business.phoenixchamber.com/list/ql/real-estate-moving-storage-20,L299-L303,false,unclaimed,true,2026-05-19,Facilities services|Real Estate/Contractors|Local SMB / service business|Public directory record,Imported from Valley Verified public lead build v4.|Public source status: PUBLIC DIRECTORY VERIFIED.|Source lines: L299-L303.|Source policy: public directory/company listing only; no synthetic contacts or guessed emails.,Local SMB / service business,
VV-0037,Colliers International - Phoenix,Real Estate/Contractors / Commercial real estate,Real Estate/Contractors,Commercial real estate,Phoenix,AZ,85016,(602) 222-5000,"2390 E. Camelback Rd., Ste. 100, Phoenix, AZ 85016-3468",www.colliers.com,https://business.phoenixchamber.com/list/ql/real-estate-moving-storage-20,L319-L324,false,unclaimed,true,2026-05-19,Commercial real estate|Real Estate/Contractors|Local SMB / service business|Public directory record,Imported from Valley Verified public lead build v4.|Public source status: PUBLIC DIRECTORY VERIFIED.|Source lines: L319-L324.|Source policy: public directory/company listing only; no synthetic contacts or guessed emails.,Local SMB / service business,
VV-0038,Concord General Contracting,Real Estate/Contractors / General contractor,Real Estate/Contractors,General contractor,Mesa,AZ,85202,(480) 962-8080,"2240 W. Broadway Rd., Ste 105, Mesa, AZ 85202",,https://business.phoenixchamber.com/list/ql/real-estate-moving-storage-20,L333-L338,false,unclaimed,true,2026-05-19,General contractor|Real Estate/Contractors|Local SMB / service business|Public directory record,Imported from Valley Verified public lead build v4.|Public source status: PUBLIC DIRECTORY VERIFIED.|Source lines: L333-L338.|Source policy: public directory/company listing only; no synthetic contacts or guessed emails.,Local SMB / service business,
VV-0039,"Delta Diversified Enterprises, Inc.",Real Estate/Contractors / Electrical contractor,Real Estate/Contractors,Electrical contractor,Tempe,AZ,85283,(480) 831-0532,"425 W. Gemini Dr., Tempe, AZ 85283",www.deltadiv.com,https://business.phoenixchamber.com/list/ql/real-estate-moving-storage-20,L340-L345,false,unclaimed,true,2026-05-19,Electrical contractor|Real Estate/Contractors|Local SMB / service business|Public directory record,Imported from Valley Verified public lead build v4.|Public source status: PUBLIC DIRECTORY VERIFIED.|Source lines: L340-L345.|Source policy: public directory/company listing only; no synthetic contacts or guessed emails.,Local SMB / service business,
VV-0040,"Desert Fleet Outfitters, LLC",Real Estate/Contractors / Fleet outfitting,Real Estate/Contractors,Fleet outfitting,Phoenix,AZ,85040,(480) 295-1676,"4635 S 33rd Street, Phoenix, AZ 85040",,https://business.phoenixchamber.com/list/ql/real-estate-moving-storage-20,L347-L352,false,unclaimed,true,2026-05-19,Fleet outfitting|Real Estate/Contractors|Local SMB / service business|Public directory record,Imported from Valley Verified public lead build v4.|Public source status: PUBLIC DIRECTORY VERIFIED.|Source lines: L347-L352.|Source policy: public directory/company listing only; no synthetic contacts or guessed emails.,Local SMB / service business,
VV-0041,Dr. Win Realty LLC.,Real Estate/Contractors / Real estate,Real Estate/Contractors,Real estate,Phoenix,AZ,85016,(480) 696-9886,"2345 E. Thomas Rd. suite 400, Phoenix, AZ 85016",,https://business.phoenixchamber.com/list/ql/real-estate-moving-storage-20,L354-L358,false,unclaimed,true,2026-05-19,Real estate|Real Estate/Contractors|Local SMB / service business|Public directory record,Imported from Valley Verified public lead build v4.|Public source status: PUBLIC DIRECTORY VERIFIED.|Source lines: L354-L358.|Source policy: public directory/company listing only; no synthetic contacts or guessed emails.,Local SMB / service business,
VV-0042,Floor Daddy,Real Estate/Contractors / Flooring installation,Real Estate/Contractors,Flooring installation,Tempe,AZ,85282,(602) 313-3000,"3910 S Rural Rd Suite 104, Tempe, AZ 85282",,https://business.phoenixchamber.com/list/ql/real-estate-moving-storage-20,L374-L382,false,unclaimed,true,2026-05-19,Flooring installation|Real Estate/Contractors|Local SMB / service business|Public directory record,Imported from Valley Verified public lead build v4.|Public source status: PUBLIC DIRECTORY VERIFIED.|Source lines: L374-L382.|Source policy: public directory/company listing only; no synthetic contacts or guessed emails.,Local SMB / service business,
VV-0043,Gus Brothers Construction,Real Estate/Contractors / Construction contractor,Real Estate/Contractors,Construction contractor,Scottsdale,AZ,85252,(480) 766-0996,"PO Box 578, Scottsdale, AZ 85252-0578",,https://business.phoenixchamber.com/list/ql/real-estate-moving-storage-20,L411-L415,false,unclaimed,true,2026-05-19,Construction contractor|Real Estate/Contractors|Local SMB / service business|Public directory record,Imported from Valley Verified public lead build v4.|Public source status: PUBLIC DIRECTORY VERIFIED.|Source lines: L411-L415.|Source policy: public directory/company listing only; no synthetic contacts or guessed emails.,Local SMB / service business,
VV-0044,HRR Team Real Estate,Real Estate/Contractors / Real estate team,Real Estate/Contractors,Real estate team,Phoenix,AZ,85023,(623) 666-5953,"1644 W Thunderbird Rd, Phoenix, AZ 85023",,https://business.phoenixchamber.com/list/ql/real-estate-moving-storage-20,L431-L435,false,unclaimed,true,2026-05-19,Real estate team|Real Estate/Contractors|Local SMB / service business|Public directory record,Imported from Valley Verified public lead build v4.|Public source status: PUBLIC DIRECTORY VERIFIED.|Source lines: L431-L435.|Source policy: public directory/company listing only; no synthetic contacts or guessed emails.,Local SMB / service business,
VV-0045,Indy by Industrious,Real Estate/Contractors / Workspace / office rental,Real Estate/Contractors,Workspace / office rental,Phoenix,AZ,85004,(480) 530-6227,"201 E. Washington St. 5th Floor, Phoenix, AZ 85004",,https://business.phoenixchamber.com/list/ql/real-estate-moving-storage-20,L446-L450,false,unclaimed,true,2026-05-19,Workspace / office rental|Real Estate/Contractors|Local SMB / service business|Public directory record,Imported from Valley Verified public lead build v4.|Public source status: PUBLIC DIRECTORY VERIFIED.|Source lines: L446-L450.|Source policy: public directory/company listing only; no synthetic contacts or guessed emails.,Local SMB / service business,
VV-0046,Kitchell Corp.,Real Estate/Contractors / Construction / development,Real Estate/Contractors,Construction / development,Phoenix,AZ,85016,(602) 264-4411,"1707 E. Highland Ave., Ste. 100, Phoenix, AZ 85016-4662",,https://business.phoenixchamber.com/list/ql/real-estate-moving-storage-20,L459-L464,false,unclaimed,true,2026-05-19,Construction / development|Real Estate/Contractors|Local SMB / service business|Public directory record,Imported from Valley Verified public lead build v4.|Public source status: PUBLIC DIRECTORY VERIFIED.|Source lines: L459-L464.|Source policy: public directory/company listing only; no synthetic contacts or guessed emails.,Local SMB / service business,
VV-0047,Laurel Tree at Northern,Real Estate/Contractors / Apartment community,Real Estate/Contractors,Apartment community,Phoenix,AZ,85021,(480) 506-8611,"1825 Northern Ave., Phoenix, AZ 85021",,https://business.phoenixchamber.com/list/ql/real-estate-moving-storage-20,L466-L470,false,unclaimed,true,2026-05-19,Apartment community|Real Estate/Contractors|Local SMB / service business|Public directory record,Imported from Valley Verified public lead build v4.|Public source status: PUBLIC DIRECTORY VERIFIED.|Source lines: L466-L470.|Source policy: public directory/company listing only; no synthetic contacts or guessed emails.,Local SMB / service business,
VV-0048,Lucid Private Offices,Real Estate/Contractors / Private offices / workspace,Real Estate/Contractors,Private offices / workspace,Phoenix,AZ,85016,(602) 847-9835,"2325 E. Camelback Rd. Suite 400, Phoenix, AZ 85016",,https://business.phoenixchamber.com/list/ql/real-estate-moving-storage-20,L472-L477,false,unclaimed,true,2026-05-19,Private offices / workspace|Real Estate/Contractors|Local SMB / service business|Public directory record,Imported from Valley Verified public lead build v4.|Public source status: PUBLIC DIRECTORY VERIFIED.|Source lines: L472-L477.|Source policy: public directory/company listing only; no synthetic contacts or guessed emails.,Local SMB / service business,
VV-0049,Mark-Taylor Residential,Real Estate/Contractors / Residential property management,Real Estate/Contractors,Residential property management,Scottsdale,AZ,85251,(480) 991-9111,"4343 N. Scottsdale Rd. Suite 300, Scottsdale, AZ 85251",,https://business.phoenixchamber.com/list/ql/real-estate-moving-storage-20,L487-L491,false,unclaimed,true,2026-05-19,Residential property management|Real Estate/Contractors|Local SMB / service business|Public directory record,Imported from Valley Verified public lead build v4.|Public source status: PUBLIC DIRECTORY VERIFIED.|Source lines: L487-L491.|Source policy: public directory/company listing only; no synthetic contacts or guessed emails.,Local SMB / service business,
VV-0050,"McCarthy Building Companies, Inc.",Real Estate/Contractors / Construction contractor,Real Estate/Contractors,Construction contractor,Phoenix,AZ,85016,(480) 449-4700,"6225 N 24th St., Ste. 200, Phoenix, AZ 85016",,https://business.phoenixchamber.com/list/ql/real-estate-moving-storage-20,L500-L505,false,unclaimed,true,2026-05-19,Construction contractor|Real Estate/Contractors|Local SMB / service business|Public directory record,Imported from Valley Verified public lead build v4.|Public source status: PUBLIC DIRECTORY VERIFIED.|Source lines: L500-L505.|Source policy: public directory/company listing only; no synthetic contacts or guessed emails.,Local SMB / service business,
VV-0051,McFarland's Carpet Service,Real Estate/Contractors / Carpet / flooring service,Real Estate/Contractors,Carpet / flooring service,Phoenix,AZ,85008,(602) 244-9329,"508 N. 24th St., Phoenix, AZ 85008",www.mcfarlandscarpet.com,https://business.phoenixchamber.com/list/ql/real-estate-moving-storage-20,L507-L512,false,unclaimed,true,2026-05-19,Carpet / flooring service|Real Estate/Contractors|Local SMB / service business|Public directory record,Imported from Valley Verified public lead build v4.|Public source status: PUBLIC DIRECTORY VERIFIED.|Source lines: L507-L512.|Source policy: public directory/company listing only; no synthetic contacts or guessed emails.,Local SMB / service business,
VV-0052,National Technical Institute,Real Estate/Contractors / Trades training / HVAC,Real Estate/Contractors,Trades training / HVAC,Phoenix,AZ,85040,(480) 591-4000,"3660 E. Wier Ave., Phoenix, AZ 85040",,https://business.phoenixchamber.com/list/ql/real-estate-moving-storage-20,L514-L519,false,unclaimed,true,2026-05-19,Trades training / HVAC|Real Estate/Contractors|Local SMB / service business|Public directory record,Imported from Valley Verified public lead build v4.|Public source status: PUBLIC DIRECTORY VERIFIED.|Source lines: L514-L519.|Source policy: public directory/company listing only; no synthetic contacts or guessed emails.,Local SMB / service business,
VV-0053,Paragon Pro Rentals,Real Estate/Contractors / Equipment rentals,Real Estate/Contractors,Equipment rentals,Buckeye,AZ,85326,(833) 404-7368,"600 N Jackrabbit Trail, Buckeye, AZ 85326",,https://business.phoenixchamber.com/list/ql/real-estate-moving-storage-20,L521-L526,false,unclaimed,true,2026-05-19,Equipment rentals|Real Estate/Contractors|Local SMB / service business|Public directory record,Imported from Valley Verified public lead build v4.|Public source status: PUBLIC DIRECTORY VERIFIED.|Source lines: L521-L526.|Source policy: public directory/company listing only; no synthetic contacts or guessed emails.,Local SMB / service business,
VV-0054,Aventura Catering,Restaurants/Food / Catering,Restaurants/Food,Catering,Phoenix,AZ,85004,(602) 534-8607,"100 N. 3rd St., Phoenix, AZ 85004",www.aventuracatering.com,https://business.phoenixchamber.com/list/ql/restaurants-food-beverages-22,L204-L209,false,unclaimed,true,2026-05-19,Catering|Restaurants/Food|Local SMB / service business|Public directory record,Imported from Valley Verified public lead build v4.|Public source status: PUBLIC DIRECTORY VERIFIED.|Source lines: L204-L209.|Source policy: public directory/company listing only; no synthetic contacts or guessed emails.,Local SMB / service business,
VV-0055,Backyard Desert Ridge,Restaurants/Food / Restaurant / bar,Restaurants/Food,Restaurant / bar,Phoenix,AZ,85050,(480) 585-5900,"21001 N. Tatum Blvd. Suite 14, Phoenix, AZ 85050",,https://business.phoenixchamber.com/list/ql/restaurants-food-beverages-22,L211-L216,false,unclaimed,true,2026-05-19,Restaurant / bar|Restaurants/Food|Local SMB / service business|Public directory record,Imported from Valley Verified public lead build v4.|Public source status: PUBLIC DIRECTORY VERIFIED.|Source lines: L211-L216.|Source policy: public directory/company listing only; no synthetic contacts or guessed emails.,Local SMB / service business,
VV-0056,Black Rifle Coffee Company,Restaurants/Food / Coffee shop,Restaurants/Food,Coffee shop,Phoenix,AZ,85018,(210) 891-0385,"4126 E Indian School Rd, Phoenix, AZ 85018",,https://business.phoenixchamber.com/list/ql/restaurants-food-beverages-22,L238-L246,false,unclaimed,true,2026-05-19,Coffee shop|Restaurants/Food|Local SMB / service business|Public directory record,Imported from Valley Verified public lead build v4.|Public source status: PUBLIC DIRECTORY VERIFIED.|Source lines: L238-L246.|Source policy: public directory/company listing only; no synthetic contacts or guessed emails.,Local SMB / service business,
VV-0057,Dink & Dine Pickle Park,Restaurants/Food / Restaurant / entertainment,Restaurants/Food,Restaurant / entertainment,Mesa,AZ,85201,(480) 719-4697,"1017 North Dobson Road, Mesa, AZ 85201",,https://business.phoenixchamber.com/list/ql/restaurants-food-beverages-22,L289-L297,false,unclaimed,true,2026-05-19,Restaurant / entertainment|Restaurants/Food|Local SMB / service business|Public directory record,Imported from Valley Verified public lead build v4.|Public source status: PUBLIC DIRECTORY VERIFIED.|Source lines: L289-L297.|Source policy: public directory/company listing only; no synthetic contacts or guessed emails.,Local SMB / service business,
VV-0058,Dog Haus Biergarten Downtown Phoenix,Restaurants/Food / Restaurant,Restaurants/Food,Restaurant,Phoenix,AZ,85004,(480) 910-5430,"1 E. Washington St. Suite 120, Phoenix, AZ 85004",,https://business.phoenixchamber.com/list/ql/restaurants-food-beverages-22,L299-L304,false,unclaimed,true,2026-05-19,Restaurant|Restaurants/Food|Local SMB / service business|Public directory record,Imported from Valley Verified public lead build v4.|Public source status: PUBLIC DIRECTORY VERIFIED.|Source lines: L299-L304.|Source policy: public directory/company listing only; no synthetic contacts or guessed emails.,Local SMB / service business,
VV-0059,Driftwoods Sports Grill,Restaurants/Food / Restaurant / bar,Restaurants/Food,Restaurant / bar,Phoenix,AZ,85020,(480) 393-3261,"9832 N. 7th Street, Phoenix, AZ 85020",,https://business.phoenixchamber.com/list/ql/restaurants-food-beverages-22,L312-L316,false,unclaimed,true,2026-05-19,Restaurant / bar|Restaurants/Food|Local SMB / service business|Public directory record,Imported from Valley Verified public lead build v4.|Public source status: PUBLIC DIRECTORY VERIFIED.|Source lines: L312-L316.|Source policy: public directory/company listing only; no synthetic contacts or guessed emails.,Local SMB / service business,
VV-0060,Drinique,Restaurants/Food / Bar / restaurant services,Restaurants/Food,Bar / restaurant services,Phoenix,AZ,,(480) 688-6934,"Phoenix, AZ",,https://business.phoenixchamber.com/list/ql/restaurants-food-beverages-22,L318-L323,false,unclaimed,true,2026-05-19,Bar / restaurant services|Restaurants/Food|Local SMB / service business|Public directory record,Imported from Valley Verified public lead build v4.|Public source status: PUBLIC DIRECTORY VERIFIED.|Source lines: L318-L323.|Source policy: public directory/company listing only; no synthetic contacts or guessed emails.,Local SMB / service business,
VV-0061,Fabulous Food,Restaurants/Food / Catering / food service,Restaurants/Food,Catering / food service,Phoenix,AZ,85034,(602) 267-1818,"120 S. 26th St., Phoenix, AZ 85034",,https://business.phoenixchamber.com/list/ql/restaurants-food-beverages-22,L338-L343,false,unclaimed,true,2026-05-19,Catering / food service|Restaurants/Food|Local SMB / service business|Public directory record,Imported from Valley Verified public lead build v4.|Public source status: PUBLIC DIRECTORY VERIFIED.|Source lines: L338-L343.|Source policy: public directory/company listing only; no synthetic contacts or guessed emails.,Local SMB / service business,
VV-0062,"Fairytale Brownies, Inc.",Restaurants/Food / Bakery / ecommerce food,Restaurants/Food,Bakery / ecommerce food,Phoenix,AZ,85040,(800) 531-5209,"4610 E. Cotton Center Blvd., Ste. 100, Phoenix, AZ 85040-8898",www.brownies.com,https://business.phoenixchamber.com/list/ql/restaurants-food-beverages-22,L345-L350,false,unclaimed,true,2026-05-19,Bakery / ecommerce food|Restaurants/Food|Local SMB / service business|Public directory record,Imported from Valley Verified public lead build v4.|Public source status: PUBLIC DIRECTORY VERIFIED.|Source lines: L345-L350.|Source policy: public directory/company listing only; no synthetic contacts or guessed emails.,Local SMB / service business,
VV-0063,Gordon Biersch - Glendale,Restaurants/Food / Restaurant / brewery,Restaurants/Food,Restaurant / brewery,Glendale,AZ,85305,(623) 877-4300,"6915 N. 95th Ave., Glendale, AZ 85305",,https://business.phoenixchamber.com/list/ql/restaurants-food-beverages-22,L373-L377,false,unclaimed,true,2026-05-19,Restaurant / brewery|Restaurants/Food|Local SMB / service business|Public directory record,Imported from Valley Verified public lead build v4.|Public source status: PUBLIC DIRECTORY VERIFIED.|Source lines: L373-L377.|Source policy: public directory/company listing only; no synthetic contacts or guessed emails.,Local SMB / service business,
VV-0064,Gordon Biersch - Scottsdale,Restaurants/Food / Restaurant / brewery,Restaurants/Food,Restaurant / brewery,Phoenix,AZ,85054,(480) 342-9860,"18545 N. Allied Way, Phoenix, AZ 85054",,https://business.phoenixchamber.com/list/ql/restaurants-food-beverages-22,L379-L384,false,unclaimed,true,2026-05-19,Restaurant / brewery|Restaurants/Food|Local SMB / service business|Public directory record,Imported from Valley Verified public lead build v4.|Public source status: PUBLIC DIRECTORY VERIFIED.|Source lines: L379-L384.|Source policy: public directory/company listing only; no synthetic contacts or guessed emails.,Local SMB / service business,
VV-0065,Litchfield's at Wigwam Arizona,Restaurants/Food / Restaurant,Restaurants/Food,Restaurant,Litchfield Park,AZ,85340,(623) 935-3811,"300 E. Wigwam Blvd., Litchfield Park, AZ 85340",,https://business.phoenixchamber.com/list/ql/restaurants-food-beverages-22,L418-L423,false,unclaimed,true,2026-05-19,Restaurant|Restaurants/Food|Local SMB / service business|Public directory record,Imported from Valley Verified public lead build v4.|Public source status: PUBLIC DIRECTORY VERIFIED.|Source lines: L418-L423.|Source policy: public directory/company listing only; no synthetic contacts or guessed emails.,Local SMB / service business,
VV-0066,Athletic Republic North Phoenix,Personal Services / Fitness / performance training,Personal Services,Fitness / performance training,Phoenix,AZ,85050,(614) 735-0227,"20830 N. 25th Place Suite 108, Phoenix, AZ 85050",,https://business.phoenixchamber.com/list/ql/personal-services-care-17,L174-L178,false,unclaimed,true,2026-05-19,Fitness / performance training|Personal Services|Local SMB / service business|Public directory record,Imported from Valley Verified public lead build v4.|Public source status: PUBLIC DIRECTORY VERIFIED.|Source lines: L174-L178.|Source policy: public directory/company listing only; no synthetic contacts or guessed emails.,Local SMB / service business,
VV-0067,Discover Strength Arcadia,Personal Services / Fitness,Personal Services,Fitness,Phoenix,AZ,85018,(520) 979-3303,"3221 E. Camelback Rd., Phoenix, AZ 85018",,https://business.phoenixchamber.com/list/ql/personal-services-care-17,L180-L185,false,unclaimed,true,2026-05-19,Fitness|Personal Services|Local SMB / service business|Public directory record,Imported from Valley Verified public lead build v4.|Public source status: PUBLIC DIRECTORY VERIFIED.|Source lines: L180-L185.|Source policy: public directory/company listing only; no synthetic contacts or guessed emails.,Local SMB / service business,
VV-0068,Forte Physical Therapy,Personal Services / Physical therapy,Personal Services,Physical therapy,Phoenix,AZ,85008,(480) 408-4822,"4836 E. McDowell Rd. Suite 101, Phoenix, AZ 85008",,https://business.phoenixchamber.com/list/ql/personal-services-care-17,L187-L192,false,unclaimed,true,2026-05-19,Physical therapy|Personal Services|Local SMB / service business|Public directory record,Imported from Valley Verified public lead build v4.|Public source status: PUBLIC DIRECTORY VERIFIED.|Source lines: L187-L192.|Source policy: public directory/company listing only; no synthetic contacts or guessed emails.,Local SMB / service business,
VV-0069,Hand & Stone Massage and Facial Spa Phoenix-Avondale,Personal Services / Massage / facial spa,Personal Services,Massage / facial spa,Phoenix,AZ,85037,(623) 337-1624,"1775 N. 99th Ave., Phoenix, AZ 85037",,https://business.phoenixchamber.com/list/ql/personal-services-care-17,L194-L198,false,unclaimed,true,2026-05-19,Massage / facial spa|Personal Services|Local SMB / service business|Public directory record,Imported from Valley Verified public lead build v4.|Public source status: PUBLIC DIRECTORY VERIFIED.|Source lines: L194-L198.|Source policy: public directory/company listing only; no synthetic contacts or guessed emails.,Local SMB / service business,
VV-0070,MBI Industrial Medicine,Personal Services / Occupational health,Personal Services,Occupational health,Phoenix,AZ,85019,(602) 399-0167,"3501 W Osborn Road, Phoenix, AZ 85019",,https://business.phoenixchamber.com/list/ql/personal-services-care-17,L248-L256,false,unclaimed,true,2026-05-19,Occupational health|Personal Services|Local SMB / service business|Public directory record,Imported from Valley Verified public lead build v4.|Public source status: PUBLIC DIRECTORY VERIFIED.|Source lines: L248-L256.|Source policy: public directory/company listing only; no synthetic contacts or guessed emails.,Local SMB / service business,
VV-0071,Milano Nail Spa Madison Village LLC.,Personal Services / Nail spa,Personal Services,Nail spa,Phoenix,AZ,85020,(602) 334-1051,"742 E. Glendale Ave. Suite 182, Phoenix, AZ 85020",,https://business.phoenixchamber.com/list/ql/personal-services-care-17,L258-L263,false,unclaimed,true,2026-05-19,Nail spa|Personal Services|Local SMB / service business|Public directory record,Imported from Valley Verified public lead build v4.|Public source status: PUBLIC DIRECTORY VERIFIED.|Source lines: L258-L263.|Source policy: public directory/company listing only; no synthetic contacts or guessed emails.,Local SMB / service business,
VV-0072,MPR Med Exercise,Personal Services / Fitness / older adult exercise,Personal Services,Fitness / older adult exercise,Phoenix,AZ,,(602) 980-4199,,mprmedexercise.com,https://business.phoenixchamber.com/list/ql/personal-services-care-17,L265-L273,false,unclaimed,true,2026-05-19,Fitness / older adult exercise|Personal Services|Local SMB / service business|Public directory record,Imported from Valley Verified public lead build v4.|Public source status: PUBLIC DIRECTORY VERIFIED.|Source lines: L265-L273.|Source policy: public directory/company listing only; no synthetic contacts or guessed emails.,Local SMB / service business,
VV-0073,Penrose Academy,Personal Services / Cosmetology / barber school,Personal Services,Cosmetology / barber school,Scottsdale,AZ,85254,(480) 222-9540,"13402 N. Scottsdale Rd., Ste. B-160, Scottsdale, AZ 85254",www.penrose.edu,https://business.phoenixchamber.com/list/ql/personal-services-care-17,L275-L281,false,unclaimed,true,2026-05-19,Cosmetology / barber school|Personal Services|Local SMB / service business|Public directory record,Imported from Valley Verified public lead build v4.|Public source status: PUBLIC DIRECTORY VERIFIED.|Source lines: L275-L281.|Source policy: public directory/company listing only; no synthetic contacts or guessed emails.,Local SMB / service business,
VV-0074,The Village Health Clubs & Spas - Camelback,Personal Services / Health club / spa,Personal Services,Health club / spa,Phoenix,AZ,85018,(602) 840-6412,"4444 E. Camelback Rd, Phoenix, AZ 85018",,https://business.phoenixchamber.com/list/ql/personal-services-care-17,L309-L314,false,unclaimed,true,2026-05-19,Health club / spa|Personal Services|Local SMB / service business|Public directory record,Imported from Valley Verified public lead build v4.|Public source status: PUBLIC DIRECTORY VERIFIED.|Source lines: L309-L314.|Source policy: public directory/company listing only; no synthetic contacts or guessed emails.,Local SMB / service business,
VV-0075,LeMonds Aveda Salon - Spa,Personal Services / Salon / spa,Personal Services,Salon / spa,Litchfield Park,AZ,85340,(623) 535-4967,"300 E. Wigwam Blvd., Litchfield Park, AZ 85340",,https://business.phoenixchamber.com/list/ql/personal-services-care-17,L241-L246,false,unclaimed,true,2026-05-19,Salon / spa|Personal Services|Local SMB / service business|Public directory record,Imported from Valley Verified public lead build v4.|Public source status: PUBLIC DIRECTORY VERIFIED.|Source lines: L241-L246.|Source policy: public directory/company listing only; no synthetic contacts or guessed emails.,Local SMB / service business,
VV-0076,"A & M Mechanical, LLC",Business Services / Mechanical / HVAC services,Business Services,Mechanical / HVAC services,Phoenix,AZ,85085,(602) 405-8289,"515 E. Carefree Hwy, Ste. 381, Phoenix, AZ 85085",,https://business.phoenixchamber.com/list/ql/business-professional-services-5,L175-L180,false,unclaimed,true,2026-05-19,Mechanical / HVAC services|Business Services|Local SMB / service business|Public directory record,Imported from Valley Verified public lead build v4.|Public source status: PUBLIC DIRECTORY VERIFIED.|Source lines: L175-L180.|Source policy: public directory/company listing only; no synthetic contacts or guessed emails.,Local SMB / service business,
VV-0077,AIT Promotions,Business Services / Promotional products,Business Services,Promotional products,Glendale,AZ,85304,(602) 978-2791,"4644 W. Altadena Ave., Glendale, AZ 85304",,https://business.phoenixchamber.com/list/ql/business-professional-services-5,L238-L242,false,unclaimed,true,2026-05-19,Promotional products|Business Services|Local SMB / service business|Public directory record,Imported from Valley Verified public lead build v4.|Public source status: PUBLIC DIRECTORY VERIFIED.|Source lines: L238-L242.|Source policy: public directory/company listing only; no synthetic contacts or guessed emails.,Local SMB / service business,
VV-0078,Aker Ink PR & Marketing,Business Services / PR / marketing agency,Business Services,PR / marketing agency,Scottsdale,AZ,85016,(480) 269-2291,"P.O. Box 1775, Scottsdale, AZ 85016",,https://business.phoenixchamber.com/list/ql/business-professional-services-5,L244-L252,false,unclaimed,true,2026-05-19,PR / marketing agency|Business Services|Local SMB / service business|Public directory record,Imported from Valley Verified public lead build v4.|Public source status: PUBLIC DIRECTORY VERIFIED.|Source lines: L244-L252.|Source policy: public directory/company listing only; no synthetic contacts or guessed emails.,Local SMB / service business,
VV-0079,Anago Cleaning Systems of Phoenix,Business Services / Commercial cleaning,Business Services,Commercial cleaning,Phoenix,AZ,85040,(602) 926-7991,"4620 E Elwood Street Suite 14, Phoenix, AZ 85040",,https://business.phoenixchamber.com/list/ql/business-professional-services-5,L273-L281,false,unclaimed,true,2026-05-19,Commercial cleaning|Business Services|Local SMB / service business|Public directory record,Imported from Valley Verified public lead build v4.|Public source status: PUBLIC DIRECTORY VERIFIED.|Source lines: L273-L281.|Source policy: public directory/company listing only; no synthetic contacts or guessed emails.,Local SMB / service business,
VV-0080,AP Professionals of Arizona,Business Services / Technology staffing,Business Services,Technology staffing,Scottsdale,AZ,85251,(480) 947-1441,"4110 N. Scottsdale Rd. Ste. 370, Scottsdale, AZ 85251",www.approus.com,https://business.phoenixchamber.com/list/ql/business-professional-services-5,L282-L291,false,unclaimed,true,2026-05-19,Technology staffing|Business Services|Local SMB / service business|Public directory record,Imported from Valley Verified public lead build v4.|Public source status: PUBLIC DIRECTORY VERIFIED.|Source lines: L282-L291.|Source policy: public directory/company listing only; no synthetic contacts or guessed emails.,Local SMB / service business,
VV-0081,ATLAS CPAs & Advisors PLLC,Business Services / CPA / advisory,Business Services,CPA / advisory,Scottsdale,AZ,85254,(480) 483-1600,"5020 E. Shea Boulevard Suite 200, Scottsdale, AZ 85254",,https://business.phoenixchamber.com/list/ql/business-professional-services-5,L358-L365,false,unclaimed,true,2026-05-19,CPA / advisory|Business Services|Local SMB / service business|Public directory record,Imported from Valley Verified public lead build v4.|Public source status: PUBLIC DIRECTORY VERIFIED.|Source lines: L358-L365.|Source policy: public directory/company listing only; no synthetic contacts or guessed emails.,Local SMB / service business,
VV-0082,Bajrangi LLC DBA The UPS Store #5340,Business Services / Shipping / mailbox / print,Business Services,Shipping / mailbox / print,Phoenix,AZ,85021,(602) 864-3646,"8050 N 19th Ave, Phoenix, AZ 85021",,https://business.phoenixchamber.com/list/ql/business-professional-services-5,L379-L384,false,unclaimed,true,2026-05-19,Shipping / mailbox / print|Business Services|Local SMB / service business|Public directory record,Imported from Valley Verified public lead build v4.|Public source status: PUBLIC DIRECTORY VERIFIED.|Source lines: L379-L384.|Source policy: public directory/company listing only; no synthetic contacts or guessed emails.,Local SMB / service business,
VV-0083,"Baker Commodities, Inc.",Business Services / Recyclable materials,Business Services,Recyclable materials,Phoenix,AZ,85005,(602) 254-5971,"3602 W. Elwood St., Phoenix, AZ 85005",www.bakercommodities.com,https://business.phoenixchamber.com/list/ql/business-professional-services-5,L386-L391,false,unclaimed,true,2026-05-19,Recyclable materials|Business Services|Local SMB / service business|Public directory record,Imported from Valley Verified public lead build v4.|Public source status: PUBLIC DIRECTORY VERIFIED.|Source lines: L386-L391.|Source policy: public directory/company listing only; no synthetic contacts or guessed emails.,Local SMB / service business,
VV-0084,"BBSI/Barrett Business Services, Inc.",Business Services / HR / payroll / staffing,Business Services,HR / payroll / staffing,Scottsdale,AZ,85250,(480) 839-4400,"8840 E Chaparral Road, Suite 105, Scottsdale, AZ 85250",www.bbsi.com,https://business.phoenixchamber.com/list/ql/business-professional-services-5,L400-L405,false,unclaimed,true,2026-05-19,HR / payroll / staffing|Business Services|Local SMB / service business|Public directory record,Imported from Valley Verified public lead build v4.|Public source status: PUBLIC DIRECTORY VERIFIED.|Source lines: L400-L405.|Source policy: public directory/company listing only; no synthetic contacts or guessed emails.,Local SMB / service business,
VV-0085,Blue Signal,Business Services / Recruiting / staffing,Business Services,Recruiting / staffing,Phoenix,AZ,85028,(480) 939-3200,"4545 E Shea Blvd Suite 250, Phoenix, AZ 85028",,https://business.phoenixchamber.com/list/ql/business-professional-services-5,L455-L463,false,unclaimed,true,2026-05-19,Recruiting / staffing|Business Services|Local SMB / service business|Public directory record,Imported from Valley Verified public lead build v4.|Public source status: PUBLIC DIRECTORY VERIFIED.|Source lines: L455-L463.|Source policy: public directory/company listing only; no synthetic contacts or guessed emails.,Local SMB / service business,
VV-0086,"Breyer Law Offices, P.C.",Business Services / Legal services,Business Services,Legal services,Phoenix,AZ,85044,(480) 588-8508,"3840 E. Ray Rd., Phoenix, AZ 85044",www.breyerlaw.com,https://business.phoenixchamber.com/list/ql/business-professional-services-5,L470-L476,false,unclaimed,true,2026-05-19,Legal services|Business Services|Local SMB / service business|Public directory record,Imported from Valley Verified public lead build v4.|Public source status: PUBLIC DIRECTORY VERIFIED.|Source lines: L470-L476.|Source policy: public directory/company listing only; no synthetic contacts or guessed emails.,Local SMB / service business,
VV-0087,"Burch & Cracchiolo, P.A.",Business Services / Legal services,Business Services,Legal services,Phoenix,AZ,85004,(602) 274-7611,"1850 N Central Ave., Ste.1700, Phoenix, AZ 85004",www.bcattorneys.com,https://business.phoenixchamber.com/list/ql/business-professional-services-5,L478-L484,false,unclaimed,true,2026-05-19,Legal services|Business Services|Local SMB / service business|Public directory record,Imported from Valley Verified public lead build v4.|Public source status: PUBLIC DIRECTORY VERIFIED.|Source lines: L478-L484.|Source policy: public directory/company listing only; no synthetic contacts or guessed emails.,Local SMB / service business,
VV-0088,Cantor Law Group,Business Services / Legal services,Business Services,Legal services,Phoenix,AZ,85004,(602) 254-8880,"40 N. Central Ave. Suite #2310, Phoenix, AZ 85004",,https://business.phoenixchamber.com/list/ql/business-professional-services-5,L499-L504,false,unclaimed,true,2026-05-19,Legal services|Business Services|Local SMB / service business|Public directory record,Imported from Valley Verified public lead build v4.|Public source status: PUBLIC DIRECTORY VERIFIED.|Source lines: L499-L504.|Source policy: public directory/company listing only; no synthetic contacts or guessed emails.,Local SMB / service business,
VV-0089,"Carollo Engineers, Inc.",Business Services / Engineering services,Business Services,Engineering services,Phoenix,AZ,85034,(602) 263-9500,"4600 E. Washington St., Ste. 500, Phoenix, AZ 85034-1915",www.carollo.com,https://business.phoenixchamber.com/list/ql/business-professional-services-5,L506-L515,false,unclaimed,true,2026-05-19,Engineering services|Business Services|Local SMB / service business|Public directory record,Imported from Valley Verified public lead build v4.|Public source status: PUBLIC DIRECTORY VERIFIED.|Source lines: L506-L515.|Source policy: public directory/company listing only; no synthetic contacts or guessed emails.,Local SMB / service business,
VV-0090,"Chas Roberts Air Conditioning, Inc.",Business Services / Air conditioning / HVAC,Business Services,Air conditioning / HVAC,Phoenix,AZ,85021,(602) 943-7291,"9828 N. 19th Ave., Phoenix, AZ 85021",www.chasroberts.com,https://business.phoenixchamber.com/list/ql/business-professional-services-5,L523-L529,false,unclaimed,true,2026-05-19,Air conditioning / HVAC|Business Services|Local SMB / service business|Public directory record,Imported from Valley Verified public lead build v4.|Public source status: PUBLIC DIRECTORY VERIFIED.|Source lines: L523-L529.|Source policy: public directory/company listing only; no synthetic contacts or guessed emails.,Local SMB / service business,
VV-0091,"Cizek Associates, Inc.",Business Services / Business/professional services,Business Services,Business/professional services,Phoenix,AZ,85016,(602) 553-1066,"2415 E. Camelback Rd., Ste. 700, Phoenix, AZ 85016",www.cizekassociates.com,https://business.phoenixchamber.com/list/ql/business-professional-services-5,L537-L543,false,unclaimed,true,2026-05-19,Business/professional services|Business Services|Local SMB / service business|Public directory record,Imported from Valley Verified public lead build v4.|Public source status: PUBLIC DIRECTORY VERIFIED.|Source lines: L537-L543.|Source policy: public directory/company listing only; no synthetic contacts or guessed emails.,Local SMB / service business,
VV-0092,CLA (CliftonLarsonAllen LLP),Business Services / Accounting / consulting,Business Services,Accounting / consulting,Phoenix,AZ,85012,(602) 266-2248,"20 E. Thomas Rd. Suite 2300, Phoenix, AZ 85012",,https://business.phoenixchamber.com/list/ql/business-professional-services-5,L545-L553,false,unclaimed,true,2026-05-19,Accounting / consulting|Business Services|Local SMB / service business|Public directory record,Imported from Valley Verified public lead build v4.|Public source status: PUBLIC DIRECTORY VERIFIED.|Source lines: L545-L553.|Source policy: public directory/company listing only; no synthetic contacts or guessed emails.,Local SMB / service business,
VV-0093,CMS Companies,Business Services / Business services,Business Services,Business services,Phoenix,AZ,85009,(602) 233-9633,"1439 S. 40th Ave. Ste 200A, Phoenix, AZ 85009",,https://business.phoenixchamber.com/list/ql/business-professional-services-5,L555-L559,false,unclaimed,true,2026-05-19,Business services|Business Services|Local SMB / service business|Public directory record,Imported from Valley Verified public lead build v4.|Public source status: PUBLIC DIRECTORY VERIFIED.|Source lines: L555-L559.|Source policy: public directory/company listing only; no synthetic contacts or guessed emails.,Local SMB / service business,
VV-0094,Command Credit Corp,Business Services / Business intelligence / risk management,Business Services,Business intelligence / risk management,Scottsdale,AZ,85254,(800) 676-9705,"15169 N. Scottsdale Rd Suite 205, Scottsdale, AZ 85254",,https://business.phoenixchamber.com/list/ql/business-professional-services-5,L568-L575,false,unclaimed,true,2026-05-19,Business intelligence / risk management|Business Services|Local SMB / service business|Public directory record,Imported from Valley Verified public lead build v4.|Public source status: PUBLIC DIRECTORY VERIFIED.|Source lines: L568-L575.|Source policy: public directory/company listing only; no synthetic contacts or guessed emails.,Local SMB / service business,
VV-0095,Compass Canyon Builders,Business Services / Contractor consulting / construction,Business Services,Contractor consulting / construction,Phoenix,AZ,85018,(602) 888-0983,"3219 E. Camelback Rd. #317, Phoenix, AZ 85018",,https://business.phoenixchamber.com/list/ql/business-professional-services-5,L577-L585,false,unclaimed,true,2026-05-19,Contractor consulting / construction|Business Services|Local SMB / service business|Public directory record,Imported from Valley Verified public lead build v4.|Public source status: PUBLIC DIRECTORY VERIFIED.|Source lines: L577-L585.|Source policy: public directory/company listing only; no synthetic contacts or guessed emails.,Local SMB / service business,
VV-0096,Crossroads Courier,Business Services / Courier / delivery services,Business Services,Courier / delivery services,Phoenix,AZ,85034,(480) 927-1818,"1250 E. Hadley Street #3, Phoenix, AZ 85034",,https://business.phoenixchamber.com/list/ql/business-professional-services-5,L600-L605,false,unclaimed,true,2026-05-19,Courier / delivery services|Business Services|Local SMB / service business|Public directory record,Imported from Valley Verified public lead build v4.|Public source status: PUBLIC DIRECTORY VERIFIED.|Source lines: L600-L605.|Source policy: public directory/company listing only; no synthetic contacts or guessed emails.,Local SMB / service business,
VV-0097,Daida Intelligence Solutions,Business Services / Data / intelligence solutions,Business Services,Data / intelligence solutions,Phoenix,AZ,85016,(951) 421-1075,"4539 N 22nd St Suite N, Phoenix, AZ 85016",,https://business.phoenixchamber.com/list/ql/business-professional-services-5,L607-L612,false,unclaimed,true,2026-05-19,Data / intelligence solutions|Business Services|Local SMB / service business|Public directory record,Imported from Valley Verified public lead build v4.|Public source status: PUBLIC DIRECTORY VERIFIED.|Source lines: L607-L612.|Source policy: public directory/company listing only; no synthetic contacts or guessed emails.,Local SMB / service business,
VV-0098,Daystar Design Lab,Business Services / Design / professional services,Business Services,Design / professional services,Phoenix,AZ,85004,(602) 490-0847,"130 N. Central Ave., Ste. 307, Phoenix, AZ 85004",,https://business.phoenixchamber.com/list/ql/business-professional-services-5,L627-L632,false,unclaimed,true,2026-05-19,Design / professional services|Business Services|Local SMB / service business|Public directory record,Imported from Valley Verified public lead build v4.|Public source status: PUBLIC DIRECTORY VERIFIED.|Source lines: L627-L632.|Source policy: public directory/company listing only; no synthetic contacts or guessed emails.,Local SMB / service business,
VV-0099,"Duffy Group, Inc.",Business Services / Executive search / recruiting,Business Services,Executive search / recruiting,Phoenix,AZ,85050,(602) 861-5840,"4727 E. Union Hills Dr. Suite 200, Phoenix, AZ 85050",www.duffygroup.com,https://business.phoenixchamber.com/list/ql/business-professional-services-5,L660-L666,false,unclaimed,true,2026-05-19,Executive search / recruiting|Business Services|Local SMB / service business|Public directory record,Imported from Valley Verified public lead build v4.|Public source status: PUBLIC DIRECTORY VERIFIED.|Source lines: L660-L666.|Source policy: public directory/company listing only; no synthetic contacts or guessed emails.,Local SMB / service business,
VV-0100,"DWL Architects & Planners, Inc.",Business Services / Architecture / planning,Business Services,Architecture / planning,Phoenix,AZ,85004,(602) 264-9731,"2333 N. Central Ave., Phoenix, AZ 85004",www.dwlarchitects.com,https://business.phoenixchamber.com/list/ql/business-professional-services-5,L668-L674,false,unclaimed,true,2026-05-19,Architecture / planning|Business Services|Local SMB / service business|Public directory record,Imported from Valley Verified public lead build v4.|Public source status: PUBLIC DIRECTORY VERIFIED.|Source lines: L668-L674.|Source policy: public directory/company listing only; no synthetic contacts or guessed emails.,Local SMB / service business,
VV-0101,"Elontec, LLC",Business Services / Office relocation / services,Business Services,Office relocation / services,Phoenix,AZ,85043,(602) 759-5500,"405 N. 75th Ave., Ste. 168, Phoenix, AZ 85043",,https://business.phoenixchamber.com/list/ql/business-professional-services-5,L676-L680,false,unclaimed,true,2026-05-19,Office relocation / services|Business Services|Local SMB / service business|Public directory record,Imported from Valley Verified public lead build v4.|Public source status: PUBLIC DIRECTORY VERIFIED.|Source lines: L676-L680.|Source policy: public directory/company listing only; no synthetic contacts or guessed emails.,Local SMB / service business,
VV-0102,Bay Logistics Inc.,Transportation/Logistics / Logistics,Transportation/Logistics,Logistics,Phoenix,AZ,85004,(616) 432-5499,"291 E. Buckeye Rd., Phoenix, AZ 85004",,https://business.phoenixchamber.com/list/category/transportation-and-logistics-12210,L181-L186,false,unclaimed,true,2026-05-19,Logistics|Transportation/Logistics|Local SMB / service business|Public directory record,Imported from Valley Verified public lead build v4.|Public source status: PUBLIC DIRECTORY VERIFIED.|Source lines: L181-L186.|Source policy: public directory/company listing only; no synthetic contacts or guessed emails.,Local SMB / service business,
VV-0103,Dircks Moving & Logistics,Transportation/Logistics / Moving / logistics,Transportation/Logistics,Moving / logistics,Phoenix,AZ,85043,(602) 267-9401,"4340 W. Mohave St., Phoenix, AZ 85043",www.dircks.com,https://business.phoenixchamber.com/list/category/transportation-and-logistics-12210,L188-L193,false,unclaimed,true,2026-05-19,Moving / logistics|Transportation/Logistics|Local SMB / service business|Public directory record,Imported from Valley Verified public lead build v4.|Public source status: PUBLIC DIRECTORY VERIFIED.|Source lines: L188-L193.|Source policy: public directory/company listing only; no synthetic contacts or guessed emails.,Local SMB / service business,
VV-0104,HartStone Logistics LLC.,Transportation/Logistics / Logistics,Transportation/Logistics,Logistics,Scottsdale,AZ,85251,(480) 480-6844,"7014 E. Camelback Rd. c/o Industrious Set B100A, Scottsdale, AZ 85251",,https://business.phoenixchamber.com/list/category/transportation-and-logistics-12210,L201-L206,false,unclaimed,true,2026-05-19,Logistics|Transportation/Logistics|Local SMB / service business|Public directory record,Imported from Valley Verified public lead build v4.|Public source status: PUBLIC DIRECTORY VERIFIED.|Source lines: L201-L206.|Source policy: public directory/company listing only; no synthetic contacts or guessed emails.,Local SMB / service business,
VV-0105,Penske Used Truck Center,Transportation/Logistics / Truck sales / transport,Transportation/Logistics,Truck sales / transport,Phoenix,AZ,85004,(602) 282-1705,"2219 S. 2nd Place, Phoenix, AZ 85004",,https://business.phoenixchamber.com/list/category/transportation-and-logistics-12210,L214-L219,false,unclaimed,true,2026-05-19,Truck sales / transport|Transportation/Logistics|Local SMB / service business|Public directory record,Imported from Valley Verified public lead build v4.|Public source status: PUBLIC DIRECTORY VERIFIED.|Source lines: L214-L219.|Source policy: public directory/company listing only; no synthetic contacts or guessed emails.,Local SMB / service business,
VV-0106,Premier Expeditors Inc,Transportation/Logistics / Expedited logistics,Transportation/Logistics,Expedited logistics,Mesa,AZ,85206,(623) 866-8434,"3755 E Broadway Unit 53, Mesa, AZ 85206",,https://business.phoenixchamber.com/list/category/transportation-and-logistics-12210,L221-L226,false,unclaimed,true,2026-05-19,Expedited logistics|Transportation/Logistics|Local SMB / service business|Public directory record,Imported from Valley Verified public lead build v4.|Public source status: PUBLIC DIRECTORY VERIFIED.|Source lines: L221-L226.|Source policy: public directory/company listing only; no synthetic contacts or guessed emails.,Local SMB / service business,
VV-0107,Price 4 Limo Phoenix,Transportation/Logistics / Charter bus / limo service,Transportation/Logistics,Charter bus / limo service,Phoenix,AZ,85003,(866) 265-5479,"208 W Washington St, Phoenix, AZ 85003",,https://business.phoenixchamber.com/list/category/transportation-and-logistics-12210,L228-L235,false,unclaimed,true,2026-05-19,Charter bus / limo service|Transportation/Logistics|Local SMB / service business|Public directory record,Imported from Valley Verified public lead build v4.|Public source status: PUBLIC DIRECTORY VERIFIED.|Source lines: L228-L235.|Source policy: public directory/company listing only; no synthetic contacts or guessed emails.,Local SMB / service business,
VV-0108,Amsafe Inc.,Automotive / Aircraft parts / safety systems,Automotive,Aircraft parts / safety systems,Phoenix,AZ,85043,(602) 850-2850,"1043 N. 47th Avenue, Phoenix, AZ 85043",,https://business.phoenixchamber.com/list/ql/automotive-marine-4,L175-L180,false,unclaimed,true,2026-05-19,Aircraft parts / safety systems|Automotive|Local company / public phone listed|Public directory record,Imported from Valley Verified public lead build v4.|Public source status: PUBLIC DIRECTORY VERIFIED.|Source lines: L175-L180.|Source policy: public directory/company listing only; no synthetic contacts or guessed emails.,Local company / public phone listed,Pulled from Phoenix Chamber automotive category.
VV-0109,Chapman BMW on Camelback,Automotive / Auto dealer,Automotive,Auto dealer,Phoenix,AZ,85014,(602) 308-4269,"830 E. Camelback Rd., Phoenix, AZ 85014",,https://business.phoenixchamber.com/list/ql/automotive-marine-4,L196-L201,false,unclaimed,true,2026-05-19,Auto dealer|Automotive|Local dealership / public phone listed|Public directory record,Imported from Valley Verified public lead build v4.|Public source status: PUBLIC DIRECTORY VERIFIED.|Source lines: L196-L201.|Source policy: public directory/company listing only; no synthetic contacts or guessed emails.,Local dealership / public phone listed,
VV-0110,"Coulter Cadillac, Inc.",Automotive / Auto dealer,Automotive,Auto dealer,Phoenix,AZ,85014,(602) 264-1188,"1188 E. Camelback Rd., Phoenix, AZ 85014-3211",www.coultercadillac.com,https://business.phoenixchamber.com/list/ql/automotive-marine-4,L210-L216,false,unclaimed,true,2026-05-19,Auto dealer|Automotive|Local dealership / website listed|Public directory record,Imported from Valley Verified public lead build v4.|Public source status: PUBLIC DIRECTORY VERIFIED.|Source lines: L210-L216.|Source policy: public directory/company listing only; no synthetic contacts or guessed emails.,Local dealership / website listed,
VV-0111,Drive It Pro,Automotive / Auto sales/services,Automotive,Auto sales/services,Phoenix,AZ,85009,(602) 222-9619,"2821 W. Van Buren St., Phoenix, AZ 85009",,https://business.phoenixchamber.com/list/ql/automotive-marine-4,L218-L222,false,unclaimed,true,2026-05-19,Auto sales/services|Automotive|Local auto business / public phone listed|Public directory record,Imported from Valley Verified public lead build v4.|Public source status: PUBLIC DIRECTORY VERIFIED.|Source lines: L218-L222.|Source policy: public directory/company listing only; no synthetic contacts or guessed emails.,Local auto business / public phone listed,
VV-0112,Firestone Complete Auto Care,Automotive / Auto repair/maintenance,Automotive,Auto repair/maintenance,Phoenix,AZ,85027,(623) 582-5626,"3440 W. Union Hills Rd., Phoenix, AZ 85027",,https://business.phoenixchamber.com/list/ql/automotive-marine-4,L231-L236,false,unclaimed,true,2026-05-19,Auto repair/maintenance|Automotive|Local service location / public phone listed|Public directory record,Imported from Valley Verified public lead build v4.|Public source status: PUBLIC DIRECTORY VERIFIED.|Source lines: L231-L236.|Source policy: public directory/company listing only; no synthetic contacts or guessed emails.,Local service location / public phone listed,Chain location; still real local operating lead.
VV-0113,Foster Fuels Inc.,Automotive / Fuel / vehicle services,Automotive,Fuel / vehicle services,Phoenix,AZ,85043,(800) 344-6457,"639 S. 54th Ave., Phoenix, AZ 85043",,https://business.phoenixchamber.com/list/ql/automotive-marine-4,L239-L242,false,unclaimed,true,2026-05-19,Fuel / vehicle services|Automotive|Business with Phoenix address / public phone listed|Public directory record,Imported from Valley Verified public lead build v4.|Public source status: PUBLIC DIRECTORY VERIFIED.|Source lines: L239-L242.|Source policy: public directory/company listing only; no synthetic contacts or guessed emails.,Business with Phoenix address / public phone listed,
VV-0114,One Stop Auto Body & Paint,Automotive / Auto body / paint,Automotive,Auto body / paint,Phoenix,AZ,85027,(602) 944-0880,"2017 W. Ironwood Dr., Phoenix, AZ 85027",,https://business.phoenixchamber.com/list/ql/automotive-marine-4,L244-L249,false,unclaimed,true,2026-05-19,Auto body / paint|Automotive|Local SMB / public phone listed|Public directory record,Imported from Valley Verified public lead build v4.|Public source status: PUBLIC DIRECTORY VERIFIED.|Source lines: L244-L249.|Source policy: public directory/company listing only; no synthetic contacts or guessed emails.,Local SMB / public phone listed,
VV-0115,Scott's Automotive,Automotive / Auto repair/maintenance,Automotive,Auto repair/maintenance,Phoenix,AZ,85014,(602) 237-5237,"5126 N. 7th Street, Phoenix, AZ 85014",,https://business.phoenixchamber.com/list/ql/automotive-marine-4,L258-L262,false,unclaimed,true,2026-05-19,Auto repair/maintenance|Automotive|Local auto shop / public phone listed|Public directory record,Imported from Valley Verified public lead build v4.|Public source status: PUBLIC DIRECTORY VERIFIED.|Source lines: L258-L262.|Source policy: public directory/company listing only; no synthetic contacts or guessed emails.,Local auto shop / public phone listed,
VV-0116,Scott's Automotive of North Peoria,Automotive / Auto repair/maintenance,Automotive,Auto repair/maintenance,Peoria,AZ,85016,(623) 933-5454,"17561 N. 91st Ave., Peoria, AZ 85016",,https://business.phoenixchamber.com/list/ql/automotive-marine-4,L264-L269,false,unclaimed,true,2026-05-19,Auto repair/maintenance|Automotive|Local auto shop / public phone listed|Public directory record,Imported from Valley Verified public lead build v4.|Public source status: PUBLIC DIRECTORY VERIFIED.|Source lines: L264-L269.|Source policy: public directory/company listing only; no synthetic contacts or guessed emails.,Local auto shop / public phone listed,Source city/ZIP appears inconsistent; verify before mailing.
VV-0117,All City Towing,Automotive / Towing / vehicle emergency services,Automotive,Towing / vehicle emergency services,Tempe,AZ,85281,(480) 833-7278,"2031 W. 1st St., Tempe, AZ 85281",,https://business.phoenixchamber.com/list/ql/automotive-marine-4,L303-L307,false,unclaimed,true,2026-05-19,Towing / vehicle emergency services|Automotive|Local towing/service business / public phone listed|Public directory record,Imported from Valley Verified public lead build v4.|Public source status: PUBLIC DIRECTORY VERIFIED.|Source lines: L303-L307.|Source policy: public directory/company listing only; no synthetic contacts or guessed emails.,Local towing/service business / public phone listed,
VV-0118,A Ready Minded Youth Foundation,Health Care / Youth foundation / health-adjacent services,Health Care,Youth foundation / health-adjacent services,Phoenix,AZ,85051,(480) 469-4950,"8005 N. 42nd Ave., Phoenix, AZ 85051",,https://business.phoenixchamber.com/list/ql/health-care-11,L175-L183,false,unclaimed,true,2026-05-19,Youth foundation / health-adjacent services|Health Care|Local nonprofit/service organization / public phone listed|Public directory record,Imported from Valley Verified public lead build v4.|Public source status: PUBLIC DIRECTORY VERIFIED.|Source lines: L175-L183.|Source policy: public directory/company listing only; no synthetic contacts or guessed emails.,Local nonprofit/service organization / public phone listed,
VV-0119,Adelante Healthcare,Health Care / Healthcare clinic,Health Care,Healthcare clinic,Phoenix,AZ,85012,(623) 544-5129,"3033 N. Central Ave. Ste. 145, Phoenix, AZ 85012",,https://business.phoenixchamber.com/list/ql/health-care-11,L185-L189,false,unclaimed,true,2026-05-19,Healthcare clinic|Health Care|Healthcare provider / public phone listed|Public directory record,Imported from Valley Verified public lead build v4.|Public source status: PUBLIC DIRECTORY VERIFIED.|Source lines: L185-L189.|Source policy: public directory/company listing only; no synthetic contacts or guessed emails.,Healthcare provider / public phone listed,
VV-0120,Adelante Healthcare - Mesa,Health Care / Healthcare clinic,Health Care,Healthcare clinic,Mesa,AZ,85202,(877) 809-5092,"2204 S. Dobson Rd., Ste. 101, Mesa, AZ 85202",,https://business.phoenixchamber.com/list/ql/health-care-11,L205-L209,false,unclaimed,true,2026-05-19,Healthcare clinic|Health Care|Healthcare provider / public phone listed|Public directory record,Imported from Valley Verified public lead build v4.|Public source status: PUBLIC DIRECTORY VERIFIED.|Source lines: L205-L209.|Source policy: public directory/company listing only; no synthetic contacts or guessed emails.,Healthcare provider / public phone listed,
VV-0121,Adelante Healthcare - Phoenix,Health Care / Healthcare clinic,Health Care,Healthcare clinic,Phoenix,AZ,85051,(877) 809-5092,"7725 N. 43rd Ave., Ste. 510, Phoenix, AZ 85051",,https://business.phoenixchamber.com/list/ql/health-care-11,L211-L216,false,unclaimed,true,2026-05-19,Healthcare clinic|Health Care|Healthcare provider / public phone listed|Public directory record,Imported from Valley Verified public lead build v4.|Public source status: PUBLIC DIRECTORY VERIFIED.|Source lines: L211-L216.|Source policy: public directory/company listing only; no synthetic contacts or guessed emails.,Healthcare provider / public phone listed,
VV-0122,Adelante Healthcare Central Phoenix,Health Care / Healthcare clinic,Health Care,Healthcare clinic,Phoenix,AZ,85013,(877) 809-5092,"500 W. Thomas Rd., Ste. 870, Phoenix, AZ 85013",,https://business.phoenixchamber.com/list/ql/health-care-11,L231-L236,false,unclaimed,true,2026-05-19,Healthcare clinic|Health Care|Healthcare provider / public phone listed|Public directory record,Imported from Valley Verified public lead build v4.|Public source status: PUBLIC DIRECTORY VERIFIED.|Source lines: L231-L236.|Source policy: public directory/company listing only; no synthetic contacts or guessed emails.,Healthcare provider / public phone listed,
VV-0123,AdmireMD Skin + Wellness Clinic,Health Care / Skin/wellness clinic,Health Care,Skin/wellness clinic,Phoenix,AZ,85018,(480) 573-0082,"4280 E. Camelback Rd. Suite 150, Phoenix, AZ 85018",,https://business.phoenixchamber.com/list/ql/health-care-11,L258-L263,false,unclaimed,true,2026-05-19,Skin/wellness clinic|Health Care|Local wellness clinic / public phone listed|Public directory record,Imported from Valley Verified public lead build v4.|Public source status: PUBLIC DIRECTORY VERIFIED.|Source lines: L258-L263.|Source policy: public directory/company listing only; no synthetic contacts or guessed emails.,Local wellness clinic / public phone listed,
VV-0124,Advanced Spine & Pain,Health Care / Spine / pain care,Health Care,Spine / pain care,Phoenix,AZ,85037,(480) 573-0130,"1695 N. 95th Lane, Phoenix, AZ 85037",,https://business.phoenixchamber.com/list/ql/health-care-11,L265-L269,false,unclaimed,true,2026-05-19,Spine / pain care|Health Care|Healthcare provider / public phone listed|Public directory record,Imported from Valley Verified public lead build v4.|Public source status: PUBLIC DIRECTORY VERIFIED.|Source lines: L265-L269.|Source policy: public directory/company listing only; no synthetic contacts or guessed emails.,Healthcare provider / public phone listed,
VV-0125,All Embracing Home Care,Health Care / Home health care,Health Care,Home health care,Phoenix,AZ,85051,(480) 744-9151,"10000 N. 31st Ave. Ste C 100-142, Phoenix, AZ 85051",,https://business.phoenixchamber.com/list/ql/health-care-11,L271-L280,false,unclaimed,true,2026-05-19,Home health care|Health Care|Home care business / public phone listed|Public directory record,Imported from Valley Verified public lead build v4.|Public source status: PUBLIC DIRECTORY VERIFIED.|Source lines: L271-L280.|Source policy: public directory/company listing only; no synthetic contacts or guessed emails.,Home care business / public phone listed,
VV-0126,AllThrive 365 (Formerly FSL),Health Care / Community health / services,Health Care,Community health / services,Phoenix,AZ,85014,(602) 285-1800,"1201 E. Thomas Rd., Phoenix, AZ 85014",,https://business.phoenixchamber.com/list/ql/health-care-11,L282-L286,false,unclaimed,true,2026-05-19,Community health / services|Health Care|Local service organization / public phone listed|Public directory record,Imported from Valley Verified public lead build v4.|Public source status: PUBLIC DIRECTORY VERIFIED.|Source lines: L282-L286.|Source policy: public directory/company listing only; no synthetic contacts or guessed emails.,Local service organization / public phone listed,
VV-0127,ArchWell Health- North Mountain,Health Care / Healthcare clinic,Health Care,Healthcare clinic,Phoenix,AZ,85021,(602) 858-4361,"8913 N. 19th Avenue, Phoenix, AZ 85021",,https://business.phoenixchamber.com/list/ql/health-care-11,L289-L293,false,unclaimed,true,2026-05-19,Healthcare clinic|Health Care|Healthcare provider / public phone listed|Public directory record,Imported from Valley Verified public lead build v4.|Public source status: PUBLIC DIRECTORY VERIFIED.|Source lines: L289-L293.|Source policy: public directory/company listing only; no synthetic contacts or guessed emails.,Healthcare provider / public phone listed,
VV-0128,Arizona Alliance for Community Health Centers,Health Care / Health association,Health Care,Health association,Phoenix,AZ,85034,(602) 288-7547,"700 E. Jefferson St., Ste. 100, Phoenix, AZ 85034",www.aachc.org,https://business.phoenixchamber.com/list/ql/health-care-11,L295-L301,false,unclaimed,true,2026-05-19,Health association|Health Care|Health organization / website listed|Public directory record,Imported from Valley Verified public lead build v4.|Public source status: PUBLIC DIRECTORY VERIFIED.|Source lines: L295-L301.|Source policy: public directory/company listing only; no synthetic contacts or guessed emails.,Health organization / website listed,
VV-0129,Arizona Association of Health Plans,Health Care / Health insurance association,Health Care,Health insurance association,Phoenix,AZ,85016,(602) 680-7680,"2375 E. Camelback Rd. Suite 600, Phoenix, AZ 85016",,https://business.phoenixchamber.com/list/ql/health-care-11,L303-L307,false,unclaimed,true,2026-05-19,Health insurance association|Health Care|Health organization / public phone listed|Public directory record,Imported from Valley Verified public lead build v4.|Public source status: PUBLIC DIRECTORY VERIFIED.|Source lines: L303-L307.|Source policy: public directory/company listing only; no synthetic contacts or guessed emails.,Health organization / public phone listed,
VV-0130,Arizona Biltmore Dentistry,Health Care / Dentist,Health Care,Dentist,Phoenix,AZ,85016,(602) 957-8200,"2777 E. Camelback Road Ste. 101, Phoenix, AZ 85016",,https://business.phoenixchamber.com/list/ql/health-care-11,L309-L314,false,unclaimed,true,2026-05-19,Dentist|Health Care|Dental provider / public phone listed|Public directory record,Imported from Valley Verified public lead build v4.|Public source status: PUBLIC DIRECTORY VERIFIED.|Source lines: L309-L314.|Source policy: public directory/company listing only; no synthetic contacts or guessed emails.,Dental provider / public phone listed,
VV-0131,Arizona Bioindustry Association (AZBio),Health Care / Bioscience association,Health Care,Bioscience association,Chandler,AZ,85226,(480) 779-8101,"107 S. Southgate Dr., Chandler, AZ 85226",,https://business.phoenixchamber.com/list/ql/health-care-11,L316-L320,false,unclaimed,true,2026-05-19,Bioscience association|Health Care|Bioscience organization / public phone listed|Public directory record,Imported from Valley Verified public lead build v4.|Public source status: PUBLIC DIRECTORY VERIFIED.|Source lines: L316-L320.|Source policy: public directory/company listing only; no synthetic contacts or guessed emails.,Bioscience organization / public phone listed,
VV-0132,Arizona Complete Health,Health Care / Health plan / care organization,Health Care,Health plan / care organization,Tempe,AZ,85281,(480) 567-9083 ext. 26883,"1850 W. Rio Salado Pkwy., Ste. 211, Tempe, AZ 85281-5713",,https://business.phoenixchamber.com/list/ql/health-care-11,L322-L327,false,unclaimed,true,2026-05-19,Health plan / care organization|Health Care|Healthcare organization / public phone listed|Public directory record,Imported from Valley Verified public lead build v4.|Public source status: PUBLIC DIRECTORY VERIFIED.|Source lines: L322-L327.|Source policy: public directory/company listing only; no synthetic contacts or guessed emails.,Healthcare organization / public phone listed,
VV-0133,Beatitudes Campus,Health Care / Senior living / care,Health Care,Senior living / care,Phoenix,AZ,85021,(602) 995-6100,"1610 W. Glendale Ave., Phoenix, AZ 85021",www.beatitudescampus.org,https://business.phoenixchamber.com/list/ql/health-care-11,L389-L393,false,unclaimed,true,2026-05-19,Senior living / care|Health Care|Senior care campus / website listed|Public directory record,Imported from Valley Verified public lead build v4.|Public source status: PUBLIC DIRECTORY VERIFIED.|Source lines: L389-L393.|Source policy: public directory/company listing only; no synthetic contacts or guessed emails.,Senior care campus / website listed,
VV-0134,Choice Hospice,Health Care / Hospice care,Health Care,Hospice care,Phoenix,AZ,85016,(602) 795-9705,"2111 E. Highland Ave. Suite B425, Phoenix, AZ 85016",,https://business.phoenixchamber.com/list/ql/health-care-11,L451-L456,false,unclaimed,true,2026-05-19,Hospice care|Health Care|Hospice provider / public phone listed|Public directory record,Imported from Valley Verified public lead build v4.|Public source status: PUBLIC DIRECTORY VERIFIED.|Source lines: L451-L456.|Source policy: public directory/company listing only; no synthetic contacts or guessed emails.,Hospice provider / public phone listed,
VV-0135,Circle the City,Health Care / Community healthcare,Health Care,Community healthcare,Phoenix,AZ,85013,(602) 776-0776,"300 W. Clarendon Ave. Suite 200, Phoenix, AZ 85013",,https://business.phoenixchamber.com/list/ql/health-care-11,L465-L470,false,unclaimed,true,2026-05-19,Community healthcare|Health Care|Local health organization / public phone listed|Public directory record,Imported from Valley Verified public lead build v4.|Public source status: PUBLIC DIRECTORY VERIFIED.|Source lines: L465-L470.|Source policy: public directory/company listing only; no synthetic contacts or guessed emails.,Local health organization / public phone listed,
VV-0136,Dental Depot Orthodontics,Health Care / Orthodontics,Health Care,Orthodontics,Phoenix,AZ,85053,(602) 845-8653,"3750 W. Greenway Rd., Phoenix, AZ 85053",,https://business.phoenixchamber.com/list/ql/health-care-11,L511-L515,false,unclaimed,true,2026-05-19,Orthodontics|Health Care|Dental/orthodontics provider / public phone listed|Public directory record,Imported from Valley Verified public lead build v4.|Public source status: PUBLIC DIRECTORY VERIFIED.|Source lines: L511-L515.|Source policy: public directory/company listing only; no synthetic contacts or guessed emails.,Dental/orthodontics provider / public phone listed,
VV-0137,Desert Vista Eye Specialists-Phoenix,Health Care / Eye care / optometry,Health Care,Eye care / optometry,Phoenix,AZ,85016,(602) 840-3501,"2222 E. Camelback Rd. Suite 250, Phoenix, AZ 85016",,https://business.phoenixchamber.com/list/ql/health-care-11,L517-L522,false,unclaimed,true,2026-05-19,Eye care / optometry|Health Care|Eye care provider / public phone listed|Public directory record,Imported from Valley Verified public lead build v4.|Public source status: PUBLIC DIRECTORY VERIFIED.|Source lines: L517-L522.|Source policy: public directory/company listing only; no synthetic contacts or guessed emails.,Eye care provider / public phone listed,
VV-0138,Desert Vista Eye Specialists-Scottsdale,Health Care / Eye care / optometry,Health Care,Eye care / optometry,Scottsdale,AZ,85260,(480) 483-0711,"8404 E. Shea Blvd. Suite 105, Scottsdale, AZ 85260",,https://business.phoenixchamber.com/list/ql/health-care-11,L524-L529,false,unclaimed,true,2026-05-19,Eye care / optometry|Health Care|Eye care provider / public phone listed|Public directory record,Imported from Valley Verified public lead build v4.|Public source status: PUBLIC DIRECTORY VERIFIED.|Source lines: L524-L529.|Source policy: public directory/company listing only; no synthetic contacts or guessed emails.,Eye care provider / public phone listed,
VV-0139,Devoted Guardians Home Care & Homehealth,Health Care / Home care / home health,Health Care,Home care / home health,Tempe,AZ,85284,(480) 999-3012,"1705 W. Ruby Drive #107, Tempe, AZ 85284",,https://business.phoenixchamber.com/list/ql/health-care-11,L531-L535,false,unclaimed,true,2026-05-19,Home care / home health|Health Care|Home care provider / public phone listed|Public directory record,Imported from Valley Verified public lead build v4.|Public source status: PUBLIC DIRECTORY VERIFIED.|Source lines: L531-L535.|Source policy: public directory/company listing only; no synthetic contacts or guessed emails.,Home care provider / public phone listed,
VV-0140,Envy Hospice,Health Care / Hospice care,Health Care,Hospice care,Phoenix,AZ,85020,(480) 335-4040,"1825 E. Northern Ave. Ste. 271, Phoenix, AZ 85020",,https://business.phoenixchamber.com/list/ql/health-care-11,L544-L549,false,unclaimed,true,2026-05-19,Hospice care|Health Care|Hospice provider / public phone listed|Public directory record,Imported from Valley Verified public lead build v4.|Public source status: PUBLIC DIRECTORY VERIFIED.|Source lines: L544-L549.|Source policy: public directory/company listing only; no synthetic contacts or guessed emails.,Hospice provider / public phone listed,
VV-0141,Alma School Pawn and Gold,Shopping/Retail / Pawn / gold,Shopping/Retail,Pawn / gold,Mesa,AZ,85210,(480) 644-7932,"752 S. Alma School Rd., Mesa, AZ 85210",,https://business.phoenixchamber.com/list/ql/shopping-specialty-retail-23,L175-L179,false,unclaimed,true,2026-05-19,Pawn / gold|Shopping/Retail|Local retail business / public phone listed|Public directory record,Imported from Valley Verified public lead build v4.|Public source status: PUBLIC DIRECTORY VERIFIED.|Source lines: L175-L179.|Source policy: public directory/company listing only; no synthetic contacts or guessed emails.,Local retail business / public phone listed,
VV-0142,Anchored Solutions Residential Construction,Shopping/Retail / Residential construction / contractor,Shopping/Retail,Residential construction / contractor,Phoenix,AZ,85018,(425) 418-7477,"5419 E. Avalon Dr., Phoenix, AZ 85018",,https://business.phoenixchamber.com/list/ql/shopping-specialty-retail-23,L189-L197,false,unclaimed,true,2026-05-19,Residential construction / contractor|Shopping/Retail|Local contractor / public phone listed|Public directory record,Imported from Valley Verified public lead build v4.|Public source status: PUBLIC DIRECTORY VERIFIED.|Source lines: L189-L197.|Source policy: public directory/company listing only; no synthetic contacts or guessed emails.,Local contractor / public phone listed,
VV-0143,B and B Pawn and Gold,Shopping/Retail / Pawn / gold,Shopping/Retail,Pawn / gold,Mesa,AZ,85023,(480) 610-1240,"1107 E. Main St., Mesa, AZ 85023",,https://business.phoenixchamber.com/list/ql/shopping-specialty-retail-23,L199-L204,false,unclaimed,true,2026-05-19,Pawn / gold|Shopping/Retail|Local retail business / public phone listed|Public directory record,Imported from Valley Verified public lead build v4.|Public source status: PUBLIC DIRECTORY VERIFIED.|Source lines: L199-L204.|Source policy: public directory/company listing only; no synthetic contacts or guessed emails.,Local retail business / public phone listed,Source city/ZIP appears inconsistent; verify before mailing.
VV-0144,Bajrangi LLC DBA The UPS Store #5340,Shopping/Retail / Shipping / retail services,Shopping/Retail,Shipping / retail services,Phoenix,AZ,85021,(602) 864-3646,"8050 N. 19th Ave., Phoenix, AZ 85021",,https://business.phoenixchamber.com/list/ql/shopping-specialty-retail-23,L206-L210,false,unclaimed,true,2026-05-19,Shipping / retail services|Shopping/Retail|Local franchise/storefront / public phone listed|Public directory record,Imported from Valley Verified public lead build v4.|Public source status: PUBLIC DIRECTORY VERIFIED.|Source lines: L206-L210.|Source policy: public directory/company listing only; no synthetic contacts or guessed emails.,Local franchise/storefront / public phone listed,
VV-0145,Boot Barn,Shopping/Retail / Clothing / retail,Shopping/Retail,Clothing / retail,Phoenix,AZ,85029,(602) 878-5590,"2738 W. Peoria Ave., Phoenix, AZ 85029",,https://business.phoenixchamber.com/list/ql/shopping-specialty-retail-23,L212-L217,false,unclaimed,true,2026-05-19,Clothing / retail|Shopping/Retail|Local retail location / public phone listed|Public directory record,Imported from Valley Verified public lead build v4.|Public source status: PUBLIC DIRECTORY VERIFIED.|Source lines: L212-L217.|Source policy: public directory/company listing only; no synthetic contacts or guessed emails.,Local retail location / public phone listed,Chain location; still real local operating lead.
VV-0146,Border States Electric Supply,Shopping/Retail / Electrical supply,Shopping/Retail,Electrical supply,Phoenix,AZ,85034,(602) 244-0331,"5519 E. Washington St., Phoenix, AZ 85034-2133",www.borderstateselectric.com,https://business.phoenixchamber.com/list/ql/shopping-specialty-retail-23,L219-L225,false,unclaimed,true,2026-05-19,Electrical supply|Shopping/Retail|Supplier business / website listed|Public directory record,Imported from Valley Verified public lead build v4.|Public source status: PUBLIC DIRECTORY VERIFIED.|Source lines: L219-L225.|Source policy: public directory/company listing only; no synthetic contacts or guessed emails.,Supplier business / website listed,
VV-0147,Cintas Corporation,Shopping/Retail / Uniforms / facility services,Shopping/Retail,Uniforms / facility services,Phoenix,AZ,85043,(480) 528-5329,"4804 W. Roosevelt Street, Phoenix, AZ 85043",,https://business.phoenixchamber.com/list/ql/shopping-specialty-retail-23,L273-L277,false,unclaimed,true,2026-05-19,Uniforms / facility services|Shopping/Retail|Local operating location / public phone listed|Public directory record,Imported from Valley Verified public lead build v4.|Public source status: PUBLIC DIRECTORY VERIFIED.|Source lines: L273-L277.|Source policy: public directory/company listing only; no synthetic contacts or guessed emails.,Local operating location / public phone listed,
VV-0148,"Comfort Systems USA Southwest, Inc.",Shopping/Retail / HVAC / mechanical systems,Shopping/Retail,HVAC / mechanical systems,Chandler,AZ,85226,(480) 940-8400,"6875 W. Galveston St., Chandler, AZ 85226",,https://business.phoenixchamber.com/list/ql/shopping-specialty-retail-23,L279-L284,false,unclaimed,true,2026-05-19,HVAC / mechanical systems|Shopping/Retail|Local contractor/supplier / public phone listed|Public directory record,Imported from Valley Verified public lead build v4.|Public source status: PUBLIC DIRECTORY VERIFIED.|Source lines: L279-L284.|Source policy: public directory/company listing only; no synthetic contacts or guessed emails.,Local contractor/supplier / public phone listed,
VV-0149,"Corporate Interior Systems, Inc.",Shopping/Retail / Office furniture / interiors,Shopping/Retail,Office furniture / interiors,Phoenix,AZ,85040,(602) 304-0100,"3311 E. Broadway Rd., Phoenix, AZ 85040",www.cisinphx.com,https://business.phoenixchamber.com/list/ql/shopping-specialty-retail-23,L286-L292,false,unclaimed,true,2026-05-19,Office furniture / interiors|Shopping/Retail|Local interiors business / website listed|Public directory record,Imported from Valley Verified public lead build v4.|Public source status: PUBLIC DIRECTORY VERIFIED.|Source lines: L286-L292.|Source policy: public directory/company listing only; no synthetic contacts or guessed emails.,Local interiors business / website listed,
VV-0150,Desert Ridge Marketplace,Shopping/Retail / Shopping center / retail property,Shopping/Retail,Shopping center / retail property,Phoenix,AZ,85050,(480) 513-7586,"21001 N. Tatum Blvd., Ste. 46-1515, Phoenix, AZ 85050",www.shopdesertridge.com,https://business.phoenixchamber.com/list/ql/shopping-specialty-retail-23,L294-L299,false,unclaimed,true,2026-05-19,Shopping center / retail property|Shopping/Retail|Retail property / website listed|Public directory record,Imported from Valley Verified public lead build v4.|Public source status: PUBLIC DIRECTORY VERIFIED.|Source lines: L294-L299.|Source policy: public directory/company listing only; no synthetic contacts or guessed emails.,Retail property / website listed,
VV-0151,Dexter Distributing,Shopping/Retail / Distribution / retail supply,Shopping/Retail,Distribution / retail supply,Phoenix,AZ,85034,(480) 921-1005,"2202 E. University Dr., Ste. 1, Phoenix, AZ 85034",,https://business.phoenixchamber.com/list/ql/shopping-specialty-retail-23,L301-L306,false,unclaimed,true,2026-05-19,Distribution / retail supply|Shopping/Retail|Local distributor / public phone listed|Public directory record,Imported from Valley Verified public lead build v4.|Public source status: PUBLIC DIRECTORY VERIFIED.|Source lines: L301-L306.|Source policy: public directory/company listing only; no synthetic contacts or guessed emails.,Local distributor / public phone listed,
VV-0152,Jani-King of Phoenix,Shopping/Retail / Commercial cleaning / janitorial,Shopping/Retail,Commercial cleaning / janitorial,Phoenix,AZ,85020,(602) 433-0550,"7740 N. 16th St., Ste. 110, Phoenix, AZ 85020",www.janiking.com,https://business.phoenixchamber.com/list/ql/shopping-specialty-retail-23,L356-L364,false,unclaimed,true,2026-05-19,Commercial cleaning / janitorial|Shopping/Retail|Commercial service business / website listed|Public directory record,Imported from Valley Verified public lead build v4.|Public source status: PUBLIC DIRECTORY VERIFIED.|Source lines: L356-L364.|Source policy: public directory/company listing only; no synthetic contacts or guessed emails.,Commercial service business / website listed,
VV-0153,MetroMerch Phx,Shopping/Retail / Merchandise / retail,Shopping/Retail,Merchandise / retail,Phoenix,AZ,85051,(323) 825-9815,"10215 N. 28th Drive, Phoenix, AZ 85051",,https://business.phoenixchamber.com/list/ql/shopping-specialty-retail-23,L373-L378,false,unclaimed,true,2026-05-19,Merchandise / retail|Shopping/Retail|Local retail/merch business / public phone listed|Public directory record,Imported from Valley Verified public lead build v4.|Public source status: PUBLIC DIRECTORY VERIFIED.|Source lines: L373-L378.|Source policy: public directory/company listing only; no synthetic contacts or guessed emails.,Local retail/merch business / public phone listed,
VV-0154,Nothing Bundt Cakes,Shopping/Retail / Bakery / retail food,Shopping/Retail,Bakery / retail food,Phoenix,AZ,85042,(915) 309-6922,"2320 E. Baseline Rd. #164, Phoenix, AZ 85042",,https://business.phoenixchamber.com/list/ql/shopping-specialty-retail-23,L380-L385,false,unclaimed,true,2026-05-19,Bakery / retail food|Shopping/Retail|Local retail bakery location / public phone listed|Public directory record,Imported from Valley Verified public lead build v4.|Public source status: PUBLIC DIRECTORY VERIFIED.|Source lines: L380-L385.|Source policy: public directory/company listing only; no synthetic contacts or guessed emails.,Local retail bakery location / public phone listed,
VV-0155,Phoenix AZ Ad Agency,Shopping/Retail / Marketing / web design,Shopping/Retail,Marketing / web design,Phoenix,AZ,85012,(602) 641-8210,"3838 N. Central Avenue Floor 9, #948, Phoenix, AZ 85012",,https://business.phoenixchamber.com/list/ql/shopping-specialty-retail-23,L406-L413,false,unclaimed,true,2026-05-19,Marketing / web design|Shopping/Retail|Local SMB marketing agency / public phone listed|Public directory record,Imported from Valley Verified public lead build v4.|Public source status: PUBLIC DIRECTORY VERIFIED.|Source lines: L406-L413.|Source policy: public directory/company listing only; no synthetic contacts or guessed emails.,Local SMB marketing agency / public phone listed,
VV-0156,Phoenix Pawn and Gold,Shopping/Retail / Pawn / gold,Shopping/Retail,Pawn / gold,Phoenix,AZ,85009,(602) 272-3449,"2803 W. Van Buren St., Phoenix, AZ 85009",,https://business.phoenixchamber.com/list/ql/shopping-specialty-retail-23,L415-L419,false,unclaimed,true,2026-05-19,Pawn / gold|Shopping/Retail|Local retail business / public phone listed|Public directory record,Imported from Valley Verified public lead build v4.|Public source status: PUBLIC DIRECTORY VERIFIED.|Source lines: L415-L419.|Source policy: public directory/company listing only; no synthetic contacts or guessed emails.,Local retail business / public phone listed,
VV-0157,Quantum Qarat,Shopping/Retail / Jewelry / specialty retail,Shopping/Retail,Jewelry / specialty retail,Phoenix,AZ,85016,(480) 221-5194,"1801 E. Camelback Rd. Suite 201 Office P06, Phoenix, AZ 85016",,https://business.phoenixchamber.com/list/ql/shopping-specialty-retail-23,L436-L439,false,unclaimed,true,2026-05-19,Jewelry / specialty retail|Shopping/Retail|Local retail business / public phone listed|Public directory record,Imported from Valley Verified public lead build v4.|Public source status: PUBLIC DIRECTORY VERIFIED.|Source lines: L436-L439.|Source policy: public directory/company listing only; no synthetic contacts or guessed emails.,Local retail business / public phone listed,
VV-0158,Schmitt Jewelers,Shopping/Retail / Jewelry,Shopping/Retail,Jewelry,Phoenix,AZ,85018,(602) 840-1144,"4402 E. Camelback Rd., Ste. A, Phoenix, AZ 85018",,https://business.phoenixchamber.com/list/ql/shopping-specialty-retail-23,L448-L453,false,unclaimed,true,2026-05-19,Jewelry|Shopping/Retail|Local jewelry business / public phone listed|Public directory record,Imported from Valley Verified public lead build v4.|Public source status: PUBLIC DIRECTORY VERIFIED.|Source lines: L448-L453.|Source policy: public directory/company listing only; no synthetic contacts or guessed emails.,Local jewelry business / public phone listed,
VV-0159,Supreme Comfort,Shopping/Retail / Comfort / home goods/services,Shopping/Retail,Comfort / home goods/services,Phoenix,AZ,85034,(623) 281-0621,"2900 E. Adams St., Phoenix, AZ 85034",,https://business.phoenixchamber.com/list/ql/shopping-specialty-retail-23,L455-L459,false,unclaimed,true,2026-05-19,Comfort / home goods/services|Shopping/Retail|Local retail/service business / public phone listed|Public directory record,Imported from Valley Verified public lead build v4.|Public source status: PUBLIC DIRECTORY VERIFIED.|Source lines: L455-L459.|Source policy: public directory/company listing only; no synthetic contacts or guessed emails.,Local retail/service business / public phone listed,
VV-0160,The Old Spaghetti Factory,Shopping/Retail / Restaurant / retail food,Shopping/Retail,Restaurant / retail food,Phoenix,AZ,85004,(602) 257-0380,"1418 N. Central Ave., Phoenix, AZ 85004",,https://business.phoenixchamber.com/list/ql/shopping-specialty-retail-23,L461-L469,false,unclaimed,true,2026-05-19,Restaurant / retail food|Shopping/Retail|Local restaurant location / public phone listed|Public directory record,Imported from Valley Verified public lead build v4.|Public source status: PUBLIC DIRECTORY VERIFIED.|Source lines: L461-L469.|Source policy: public directory/company listing only; no synthetic contacts or guessed emails.,Local restaurant location / public phone listed,
VV-0161,Val-U-Chem,Shopping/Retail / Chemical / supply retail,Shopping/Retail,Chemical / supply retail,Phoenix,AZ,85034,(602) 957-2808,"2219 E. University Dr., Phoenix, AZ 85034",,https://business.phoenixchamber.com/list/ql/shopping-specialty-retail-23,L484-L489,false,unclaimed,true,2026-05-19,Chemical / supply retail|Shopping/Retail|Local supplier / public phone listed|Public directory record,Imported from Valley Verified public lead build v4.|Public source status: PUBLIC DIRECTORY VERIFIED.|Source lines: L484-L489.|Source policy: public directory/company listing only; no synthetic contacts or guessed emails.,Local supplier / public phone listed,
VV-0162,West Valley Pawn and Gold,Shopping/Retail / Pawn / gold,Shopping/Retail,Pawn / gold,Avondale,AZ,85323,(623) 932-9364,"611 N. Dysart Rd., Avondale, AZ 85323",,https://business.phoenixchamber.com/list/ql/shopping-specialty-retail-23,L491-L495,false,unclaimed,true,2026-05-19,Pawn / gold|Shopping/Retail|Local retail business / public phone listed|Public directory record,Imported from Valley Verified public lead build v4.|Public source status: PUBLIC DIRECTORY VERIFIED.|Source lines: L491-L495.|Source policy: public directory/company listing only; no synthetic contacts or guessed emails.,Local retail business / public phone listed,
VV-0163,WSS,Shopping/Retail / Shoe / apparel retail,Shopping/Retail,Shoe / apparel retail,Phoenix,AZ,85013,(623) 281-0618,"620 W. Osborn Rd., Phoenix, AZ 85013",,https://business.phoenixchamber.com/list/ql/shopping-specialty-retail-23,L497-L502,false,unclaimed,true,2026-05-19,Shoe / apparel retail|Shopping/Retail|Local retail location / public phone listed|Public directory record,Imported from Valley Verified public lead build v4.|Public source status: PUBLIC DIRECTORY VERIFIED.|Source lines: L497-L502.|Source policy: public directory/company listing only; no synthetic contacts or guessed emails.,Local retail location / public phone listed,
VV-0164,American Technology Specialists,Computers/Telecom / IT services,Computers/Telecom,IT services,Mesa,AZ,85210,(480) 491-1400,"550 W. Baseline Rd., Ste. 102-467, Mesa, AZ 85210",www.technologyspec.com,https://business.phoenixchamber.com/list/ql/computers-telecommunications-6,L185-L189,false,unclaimed,true,2026-05-19,IT services|Computers/Telecom|Local tech business / website listed|Public directory record,Imported from Valley Verified public lead build v4.|Public source status: PUBLIC DIRECTORY VERIFIED.|Source lines: L185-L189.|Source policy: public directory/company listing only; no synthetic contacts or guessed emails.,Local tech business / website listed,
VV-0165,AP Professionals of Arizona,Computers/Telecom / Technology staffing,Computers/Telecom,Technology staffing,Scottsdale,AZ,85251,(480) 947-1441,"4110 N. Scottsdale Rd. Ste. 370, Scottsdale, AZ 85251",www.approus.com,https://business.phoenixchamber.com/list/ql/computers-telecommunications-6,L191-L200,false,unclaimed,true,2026-05-19,Technology staffing|Computers/Telecom|Local staffing business / website listed|Public directory record,Imported from Valley Verified public lead build v4.|Public source status: PUBLIC DIRECTORY VERIFIED.|Source lines: L191-L200.|Source policy: public directory/company listing only; no synthetic contacts or guessed emails.,Local staffing business / website listed,
VV-0166,Clear Channel Outdoor Phoenix,Computers/Telecom / Outdoor advertising / media tech,Computers/Telecom,Outdoor advertising / media tech,Phoenix,AZ,85016,(602) 381-5700,"2325 E. Camelback Rd., Ste. 400, Phoenix, AZ 85016",www.clearchanneloutdoor.com,https://business.phoenixchamber.com/list/ql/computers-telecommunications-6,L242-L248,false,unclaimed,true,2026-05-19,Outdoor advertising / media tech|Computers/Telecom|Local operating office / website listed|Public directory record,Imported from Valley Verified public lead build v4.|Public source status: PUBLIC DIRECTORY VERIFIED.|Source lines: L242-L248.|Source policy: public directory/company listing only; no synthetic contacts or guessed emails.,Local operating office / website listed,
VV-0167,CMIT Solutions of the Northeast Valley,Computers/Telecom / Managed IT services,Computers/Telecom,Managed IT services,Scottsdale,AZ,85260,(480) 419-3931,"14700 N. Airport Drive Suite 216, Scottsdale, AZ 85260",,https://business.phoenixchamber.com/list/ql/computers-telecommunications-6,L250-L254,false,unclaimed,true,2026-05-19,Managed IT services|Computers/Telecom|Local MSP / public phone listed|Public directory record,Imported from Valley Verified public lead build v4.|Public source status: PUBLIC DIRECTORY VERIFIED.|Source lines: L250-L254.|Source policy: public directory/company listing only; no synthetic contacts or guessed emails.,Local MSP / public phone listed,
VV-0168,Coding in Color,Computers/Telecom / Technology education / services,Computers/Telecom,Technology education / services,Avondale,AZ,85323,(602) 516-8317,"11010 W. Buchanan St., Avondale, AZ 85323",,https://business.phoenixchamber.com/list/ql/computers-telecommunications-6,L256-L261,false,unclaimed,true,2026-05-19,Technology education / services|Computers/Telecom|Local tech education org / public phone listed|Public directory record,Imported from Valley Verified public lead build v4.|Public source status: PUBLIC DIRECTORY VERIFIED.|Source lines: L256-L261.|Source policy: public directory/company listing only; no synthetic contacts or guessed emails.,Local tech education org / public phone listed,
VV-0169,Contexture,Computers/Telecom / Health information technology,Computers/Telecom,Health information technology,Phoenix,AZ,85012,(844) 279-7120,"2901 N. Central Avenue Ste. 1100, Phoenix, AZ 85012",,https://business.phoenixchamber.com/list/ql/computers-telecommunications-6,L263-L268,false,unclaimed,true,2026-05-19,Health information technology|Computers/Telecom|Tech/health data organization / public phone listed|Public directory record,Imported from Valley Verified public lead build v4.|Public source status: PUBLIC DIRECTORY VERIFIED.|Source lines: L263-L268.|Source policy: public directory/company listing only; no synthetic contacts or guessed emails.,Tech/health data organization / public phone listed,
VV-0170,"Horizon Safety Training, LLC",Computers/Telecom / Safety training / technical training,Computers/Telecom,Safety training / technical training,Tempe,AZ,85283,(623) 748-8239,"5235 S. Kyrene Rd., Ste. 106, Tempe, AZ 85283",,https://business.phoenixchamber.com/list/ql/computers-telecommunications-6,L283-L288,false,unclaimed,true,2026-05-19,Safety training / technical training|Computers/Telecom|Local training business / public phone listed|Public directory record,Imported from Valley Verified public lead build v4.|Public source status: PUBLIC DIRECTORY VERIFIED.|Source lines: L283-L288.|Source policy: public directory/company listing only; no synthetic contacts or guessed emails.,Local training business / public phone listed,
VV-0171,Ideas Collide,Computers/Telecom / Marketing / digital services,Computers/Telecom,Marketing / digital services,Scottsdale,AZ,85251,(480) 659-4520,"6125 E. Indian School Rd., Ste. 1001, Scottsdale, AZ 85251",www.ideascollide.com,https://business.phoenixchamber.com/list/ql/computers-telecommunications-6,L290-L295,false,unclaimed,true,2026-05-19,Marketing / digital services|Computers/Telecom|Local agency / website listed|Public directory record,Imported from Valley Verified public lead build v4.|Public source status: PUBLIC DIRECTORY VERIFIED.|Source lines: L290-L295.|Source policy: public directory/company listing only; no synthetic contacts or guessed emails.,Local agency / website listed,
VV-0172,"Integrated Axis Technology Group, Inc",Computers/Telecom / Technology services,Computers/Telecom,Technology services,Scottsdale,AZ,85260,(602) 577-3033,"8350 E. Evans Rd. STE B3, Scottsdale, AZ 85260",,https://business.phoenixchamber.com/list/ql/computers-telecommunications-6,L305-L309,false,unclaimed,true,2026-05-19,Technology services|Computers/Telecom|Local tech business / public phone listed|Public directory record,Imported from Valley Verified public lead build v4.|Public source status: PUBLIC DIRECTORY VERIFIED.|Source lines: L305-L309.|Source policy: public directory/company listing only; no synthetic contacts or guessed emails.,Local tech business / public phone listed,
VV-0173,MBPS,Computers/Telecom / Technology services,Computers/Telecom,Technology services,Phoenix,AZ,85004,888-656-MBPS,"200 E. Van Buren St. 4th Floor, Phoenix, AZ 85004",,https://business.phoenixchamber.com/list/ql/computers-telecommunications-6,L325-L329,false,unclaimed,true,2026-05-19,Technology services|Computers/Telecom|Local tech business / public phone listed|Public directory record,Imported from Valley Verified public lead build v4.|Public source status: PUBLIC DIRECTORY VERIFIED.|Source lines: L325-L329.|Source policy: public directory/company listing only; no synthetic contacts or guessed emails.,Local tech business / public phone listed,
VV-0174,MTC,Computers/Telecom / Technology / telecom services,Computers/Telecom,Technology / telecom services,Phoenix,AZ,85016,(480) 896-2576,"2390 E. Camelback Rd. Suite 130, Phoenix, AZ 85016",,https://business.phoenixchamber.com/list/ql/computers-telecommunications-6,L338-L343,false,unclaimed,true,2026-05-19,Technology / telecom services|Computers/Telecom|Local tech/telecom business / public phone listed|Public directory record,Imported from Valley Verified public lead build v4.|Public source status: PUBLIC DIRECTORY VERIFIED.|Source lines: L338-L343.|Source policy: public directory/company listing only; no synthetic contacts or guessed emails.,Local tech/telecom business / public phone listed,
VV-0175,Network Thinking Solutions,Computers/Telecom / Managed IT / cloud security,Computers/Telecom,Managed IT / cloud security,Phoenix,AZ,85016,(818) 707-7705,"2425 E. Camelback Rd. Suite 150, Phoenix, AZ 85016",,https://business.phoenixchamber.com/list/ql/computers-telecommunications-6,L345-L352,false,unclaimed,true,2026-05-19,Managed IT / cloud security|Computers/Telecom|Managed IT provider / public phone listed|Public directory record,Imported from Valley Verified public lead build v4.|Public source status: PUBLIC DIRECTORY VERIFIED.|Source lines: L345-L352.|Source policy: public directory/company listing only; no synthetic contacts or guessed emails.,Managed IT provider / public phone listed,
VV-0176,Nuvodia,Computers/Telecom / Technology services / managed IT,Computers/Telecom,Technology services / managed IT,Chandler,AZ,85226,(480) 469-8899,"5700 W. Chandler Blvd #6 STE #6, Chandler, AZ 85226",,https://business.phoenixchamber.com/list/ql/computers-telecommunications-6,L354-L364,false,unclaimed,true,2026-05-19,Technology services / managed IT|Computers/Telecom|Tech services org / public phone listed|Public directory record,Imported from Valley Verified public lead build v4.|Public source status: PUBLIC DIRECTORY VERIFIED.|Source lines: L354-L364.|Source policy: public directory/company listing only; no synthetic contacts or guessed emails.,Tech services org / public phone listed,
VV-0177,PayRoad Inc.,Computers/Telecom / Conversational AI / payments,Computers/Telecom,Conversational AI / payments,Phoenix,AZ,85016,(650) 449-4179,"Phoenix, AZ 85016",,https://business.phoenixchamber.com/list/ql/computers-telecommunications-6,L366-L374,false,unclaimed,true,2026-05-19,Conversational AI / payments|Computers/Telecom|Phoenix-listed tech business / public phone listed|Public directory record,Imported from Valley Verified public lead build v4.|Public source status: PUBLIC DIRECTORY VERIFIED.|Source lines: L366-L374.|Source policy: public directory/company listing only; no synthetic contacts or guessed emails.,Phoenix-listed tech business / public phone listed,Source has city/ZIP only; verify full address before mailing.
VV-0178,S2RC,Computers/Telecom / Tech / AI / training solutions,Computers/Telecom,Tech / AI / training solutions,Phoenix,AZ,85028,(602) 708-8450,"11811 N. Tatum Blvd. Suite 1075, Phoenix, AZ 85028",,https://business.phoenixchamber.com/list/ql/computers-telecommunications-6,L384-L392,false,unclaimed,true,2026-05-19,Tech / AI / training solutions|Computers/Telecom|Phoenix-based tech firm / public phone listed|Public directory record,Imported from Valley Verified public lead build v4.|Public source status: PUBLIC DIRECTORY VERIFIED.|Source lines: L384-L392.|Source policy: public directory/company listing only; no synthetic contacts or guessed emails.,Phoenix-based tech firm / public phone listed,
VV-0179,Shin-Etsu MicroSi,Computers/Telecom / Semiconductor / electronics,Computers/Telecom,Semiconductor / electronics,Phoenix,AZ,85044,(480) 893-8898,"10028 S. 51st Street, Phoenix, AZ 85044",,https://business.phoenixchamber.com/list/ql/computers-telecommunications-6,L397-L400,false,unclaimed,true,2026-05-19,Semiconductor / electronics|Computers/Telecom|Electronics/tech company / public phone listed|Public directory record,Imported from Valley Verified public lead build v4.|Public source status: PUBLIC DIRECTORY VERIFIED.|Source lines: L397-L400.|Source policy: public directory/company listing only; no synthetic contacts or guessed emails.,Electronics/tech company / public phone listed,
VV-0180,Techbros Electronic Recycling & ITAD,Computers/Telecom / Electronics recycling / ITAD,Computers/Telecom,Electronics recycling / ITAD,Scottsdale,AZ,85260,(480) 447-7356,"7707 E. Acoma Dr. Suite 101, Scottsdale, AZ 85260",,https://business.phoenixchamber.com/list/ql/computers-telecommunications-6,L408-L416,false,unclaimed,true,2026-05-19,Electronics recycling / ITAD|Computers/Telecom|Local ITAD/recycling business / public phone listed|Public directory record,Imported from Valley Verified public lead build v4.|Public source status: PUBLIC DIRECTORY VERIFIED.|Source lines: L408-L416.|Source policy: public directory/company listing only; no synthetic contacts or guessed emails.,Local ITAD/recycling business / public phone listed,
VV-0181,"TriYoung, Inc.",Computers/Telecom / Small business IT systems,Computers/Telecom,Small business IT systems,Peoria,AZ,85381,(602) 424-1703,"14050 N. 83rd Ave Ste. 290, Peoria, AZ 85381",,https://business.phoenixchamber.com/list/ql/computers-telecommunications-6,L417-L425,false,unclaimed,true,2026-05-19,Small business IT systems|Computers/Telecom|Small-business IT provider / public phone listed|Public directory record,Imported from Valley Verified public lead build v4.|Public source status: PUBLIC DIRECTORY VERIFIED.|Source lines: L417-L425.|Source policy: public directory/company listing only; no synthetic contacts or guessed emails.,Small-business IT provider / public phone listed,
VV-0182,Ad Genius,Advertising & Media / Advertising / marketing,Advertising & Media,Advertising / marketing,Phoenix,AZ,85022,(602) 345-1272,Phoenix AZ 85022,,https://business.phoenixchamber.com/list/ql/advertising-media-1,L177-L180,false,unclaimed,true,2026-05-19,Advertising / marketing|Advertising & Media|Local SMB / service business|Public directory record,Imported from Valley Verified public lead build v4.|Public source status: PUBLIC DIRECTORY VERIFIED.|Source lines: L177-L180.|Source policy: public directory/company listing only; no synthetic contacts or guessed emails.,Local SMB / service business,
VV-0183,Aker Ink PR & Marketing,Advertising & Media / PR / marketing agency,Advertising & Media,PR / marketing agency,Scottsdale,AZ,85016,(480) 269-2291,"P.O. Box 1775, Scottsdale, AZ 85016",,https://business.phoenixchamber.com/list/ql/advertising-media-1,L191-L198,false,unclaimed,true,2026-05-19,PR / marketing agency|Advertising & Media|Local SMB / service business|Public directory record,Imported from Valley Verified public lead build v4.|Public source status: PUBLIC DIRECTORY VERIFIED.|Source lines: L191-L198.|Source policy: public directory/company listing only; no synthetic contacts or guessed emails.,Local SMB / service business,
VV-0184,Arizona Balloon Company,Advertising & Media / Outdoor advertising / balloons,Advertising & Media,Outdoor advertising / balloons,Glendale,AZ,85306,(602) 938-3550,"4333 W. Paradise LN, Glendale, AZ 85306",,https://business.phoenixchamber.com/list/ql/advertising-media-1,L199-L206,false,unclaimed,true,2026-05-19,Outdoor advertising / balloons|Advertising & Media|Local SMB / service business|Public directory record,Imported from Valley Verified public lead build v4.|Public source status: PUBLIC DIRECTORY VERIFIED.|Source lines: L199-L206.|Source policy: public directory/company listing only; no synthetic contacts or guessed emails.,Local SMB / service business,
VV-0185,AZ Policy Connect,Advertising & Media / Public affairs / policy,Advertising & Media,Public affairs / policy,Scottsdale,AZ,85258,(602) 428-6644,"9977 N. 90th St., Ste. 155, Scottsdale, AZ 85258",,https://business.phoenixchamber.com/list/ql/advertising-media-1,L208-L212,false,unclaimed,true,2026-05-19,Public affairs / policy|Advertising & Media|Local SMB / service business|Public directory record,Imported from Valley Verified public lead build v4.|Public source status: PUBLIC DIRECTORY VERIFIED.|Source lines: L208-L212.|Source policy: public directory/company listing only; no synthetic contacts or guessed emails.,Local SMB / service business,
VV-0186,"B3 Strategies, LLC",Advertising & Media / Strategy / public affairs,Advertising & Media,Strategy / public affairs,Phoenix,AZ,85006,(602) 687-9017,"1642 E. Culver St., Phoenix, AZ 85006",,https://business.phoenixchamber.com/list/ql/advertising-media-1,L214-L219,false,unclaimed,true,2026-05-19,Strategy / public affairs|Advertising & Media|Local SMB / service business|Public directory record,Imported from Valley Verified public lead build v4.|Public source status: PUBLIC DIRECTORY VERIFIED.|Source lines: L214-L219.|Source policy: public directory/company listing only; no synthetic contacts or guessed emails.,Local SMB / service business,
VV-0187,BizIQ,Advertising & Media / Digital marketing / web,Advertising & Media,Digital marketing / web,Phoenix,AZ,85018,(480) 685-9433,"3627 E Indian School Rd Suite 103, Phoenix, AZ 85018",,https://business.phoenixchamber.com/list/ql/advertising-media-1,L221-L226,false,unclaimed,true,2026-05-19,Digital marketing / web|Advertising & Media|Local SMB / service business|Public directory record,Imported from Valley Verified public lead build v4.|Public source status: PUBLIC DIRECTORY VERIFIED.|Source lines: L221-L226.|Source policy: public directory/company listing only; no synthetic contacts or guessed emails.,Local SMB / service business,
VV-0188,Bugzeye Drone Mapping and Photography,Advertising & Media / Drone photography / mapping,Advertising & Media,Drone photography / mapping,Phoenix,AZ,85027,(480) 953-0626,"2122 W. Lone Cactus Drive Ste 9, Phoenix, AZ 85027",,https://business.phoenixchamber.com/list/ql/advertising-media-1,L228-L236,false,unclaimed,true,2026-05-19,Drone photography / mapping|Advertising & Media|Local SMB / service business|Public directory record,Imported from Valley Verified public lead build v4.|Public source status: PUBLIC DIRECTORY VERIFIED.|Source lines: L228-L236.|Source policy: public directory/company listing only; no synthetic contacts or guessed emails.,Local SMB / service business,
VV-0189,"Capitol Consulting, LLC",Advertising & Media / Public affairs / consulting,Advertising & Media,Public affairs / consulting,Phoenix,AZ,85002,(602) 712-1121,"PO Box 13116, Phoenix, AZ 85002-3116",,https://business.phoenixchamber.com/list/ql/advertising-media-1,L244-L249,false,unclaimed,true,2026-05-19,Public affairs / consulting|Advertising & Media|Local SMB / service business|Public directory record,Imported from Valley Verified public lead build v4.|Public source status: PUBLIC DIRECTORY VERIFIED.|Source lines: L244-L249.|Source policy: public directory/company listing only; no synthetic contacts or guessed emails.,Local SMB / service business,
VV-0190,Cox Media Arizona,Advertising & Media / Media advertising,Advertising & Media,Media advertising,Phoenix,AZ,85004,(623) 328-1800,"2020 N. Central Ave., Ste. 400, Phoenix, AZ 85004-4510",,https://business.phoenixchamber.com/list/ql/advertising-media-1,L251-L256,false,unclaimed,true,2026-05-19,Media advertising|Advertising & Media|Local SMB / service business|Public directory record,Imported from Valley Verified public lead build v4.|Public source status: PUBLIC DIRECTORY VERIFIED.|Source lines: L251-L256.|Source policy: public directory/company listing only; no synthetic contacts or guessed emails.,Local SMB / service business,
VV-0191,"Dorn Policy Group, Inc.",Advertising & Media / Public affairs / lobbying,Advertising & Media,Public affairs / lobbying,Phoenix,AZ,85003,(602) 606-4667,"101 N. 1st Ave., Ste. 2090, Phoenix, AZ 85003",,https://business.phoenixchamber.com/list/ql/advertising-media-1,L258-L265,false,unclaimed,true,2026-05-19,Public affairs / lobbying|Advertising & Media|Local SMB / service business|Public directory record,Imported from Valley Verified public lead build v4.|Public source status: PUBLIC DIRECTORY VERIFIED.|Source lines: L258-L265.|Source policy: public directory/company listing only; no synthetic contacts or guessed emails.,Local SMB / service business,
VV-0192,Goodman Schwartz Public Affairs,Advertising & Media / Public affairs,Advertising & Media,Public affairs,Phoenix,AZ,85012,(602) 277-0911,"3200 N. Central Ave., Ste. 2200, Phoenix, AZ 85012",,https://business.phoenixchamber.com/list/ql/advertising-media-1,L267-L271,false,unclaimed,true,2026-05-19,Public affairs|Advertising & Media|Local SMB / service business|Public directory record,Imported from Valley Verified public lead build v4.|Public source status: PUBLIC DIRECTORY VERIFIED.|Source lines: L267-L271.|Source policy: public directory/company listing only; no synthetic contacts or guessed emails.,Local SMB / service business,
VV-0193,"Highground, Inc.",Advertising & Media / Public affairs / strategy,Advertising & Media,Public affairs / strategy,Phoenix,AZ,85003,(602) 528-3684,"830 N. 4th Ave., Phoenix, AZ 85003",,https://business.phoenixchamber.com/list/ql/advertising-media-1,L273-L278,false,unclaimed,true,2026-05-19,Public affairs / strategy|Advertising & Media|Local SMB / service business|Public directory record,Imported from Valley Verified public lead build v4.|Public source status: PUBLIC DIRECTORY VERIFIED.|Source lines: L273-L278.|Source policy: public directory/company listing only; no synthetic contacts or guessed emails.,Local SMB / service business,
VV-0194,Ideas Collide,Advertising & Media / Marketing agency,Advertising & Media,Marketing agency,Scottsdale,AZ,85251,(480) 659-4520,"6125 E. Indian School Rd., Ste. 1001, Scottsdale, AZ 85251",ideascollide.com,https://business.phoenixchamber.com/list/ql/advertising-media-1,L280-L286,false,unclaimed,true,2026-05-19,Marketing agency|Advertising & Media|Local SMB / service business|Public directory record,Imported from Valley Verified public lead build v4.|Public source status: PUBLIC DIRECTORY VERIFIED.|Source lines: L280-L286.|Source policy: public directory/company listing only; no synthetic contacts or guessed emails.,Local SMB / service business,
VV-0195,James Patrick Photography,Advertising & Media / Commercial photography / video,Advertising & Media,Commercial photography / video,Phoenix,AZ,85040,(520) 409-5202,"4620 E Elwood Street Suite 7, Phoenix, AZ 85040",,https://business.phoenixchamber.com/list/ql/advertising-media-1,L294-L303,false,unclaimed,true,2026-05-19,Commercial photography / video|Advertising & Media|Local SMB / service business|Public directory record,Imported from Valley Verified public lead build v4.|Public source status: PUBLIC DIRECTORY VERIFIED.|Source lines: L294-L303.|Source policy: public directory/company listing only; no synthetic contacts or guessed emails.,Local SMB / service business,
VV-0196,KEO Marketing Inc,Advertising & Media / B2B marketing agency,Advertising & Media,B2B marketing agency,Phoenix,AZ,85004,(480) 413-2090,"141 E Palm Ln, Ste 108, Phoenix, AZ 85004",keomarketing.com,https://business.phoenixchamber.com/list/ql/advertising-media-1,L305-L313,false,unclaimed,true,2026-05-19,B2B marketing agency|Advertising & Media|Local SMB / service business|Public directory record,Imported from Valley Verified public lead build v4.|Public source status: PUBLIC DIRECTORY VERIFIED.|Source lines: L305-L313.|Source policy: public directory/company listing only; no synthetic contacts or guessed emails.,Local SMB / service business,
VV-0197,Lamar Advertising Company,Advertising & Media / Outdoor advertising,Advertising & Media,Outdoor advertising,Phoenix,AZ,85020,(602) 266-2187,"7310 N. 16th St., Ste. 285, Phoenix, AZ 85020",,https://business.phoenixchamber.com/list/ql/advertising-media-1,L315-L323,false,unclaimed,true,2026-05-19,Outdoor advertising|Advertising & Media|Local SMB / service business|Public directory record,Imported from Valley Verified public lead build v4.|Public source status: PUBLIC DIRECTORY VERIFIED.|Source lines: L315-L323.|Source policy: public directory/company listing only; no synthetic contacts or guessed emails.,Local SMB / service business,
VV-0198,LDH Consulting,Advertising & Media / Consulting,Advertising & Media,Consulting,Scottsdale,AZ,,(480) 205-6195,Scottsdale AZ,,https://business.phoenixchamber.com/list/ql/advertising-media-1,L332-L336,false,unclaimed,true,2026-05-19,Consulting|Advertising & Media|Local SMB / service business|Public directory record,Imported from Valley Verified public lead build v4.|Public source status: PUBLIC DIRECTORY VERIFIED.|Source lines: L332-L336.|Source policy: public directory/company listing only; no synthetic contacts or guessed emails.,Local SMB / service business,
VV-0199,LocaliQ/AZ Republic,Advertising & Media / Local media / advertising,Advertising & Media,Local media / advertising,Phoenix,AZ,85004,(602) 444-8000,"200 E. Van Buren St., Phoenix, AZ 85004",,https://business.phoenixchamber.com/list/ql/advertising-media-1,L338-L343,false,unclaimed,true,2026-05-19,Local media / advertising|Advertising & Media|Local SMB / service business|Public directory record,Imported from Valley Verified public lead build v4.|Public source status: PUBLIC DIRECTORY VERIFIED.|Source lines: L338-L343.|Source policy: public directory/company listing only; no synthetic contacts or guessed emails.,Local SMB / service business,
VV-0200,"Molera Alvarez, LLC",Advertising & Media / Public affairs / consulting,Advertising & Media,Public affairs / consulting,Phoenix,AZ,85016,(602) 279-9925,"5343 N. 16th St., Ste. 240, Phoenix, AZ 85016",,https://business.phoenixchamber.com/list/ql/advertising-media-1,L345-L350,false,unclaimed,true,2026-05-19,Public affairs / consulting|Advertising & Media|Local SMB / service business|Public directory record,Imported from Valley Verified public lead build v4.|Public source status: PUBLIC DIRECTORY VERIFIED.|Source lines: L345-L350.|Source policy: public directory/company listing only; no synthetic contacts or guessed emails.,Local SMB / service business,
VV-0201,"North Central News, Inc.",Advertising & Media / Local media / newspaper,Advertising & Media,Local media / newspaper,Phoenix,AZ,85016,(602) 277-2742,"1645 E. Missouri #450, Phoenix, AZ 85016",northcentralnews.net,https://business.phoenixchamber.com/list/ql/advertising-media-1,L352-L357,false,unclaimed,true,2026-05-19,Local media / newspaper|Advertising & Media|Local SMB / service business|Public directory record,Imported from Valley Verified public lead build v4.|Public source status: PUBLIC DIRECTORY VERIFIED.|Source lines: L352-L357.|Source policy: public directory/company listing only; no synthetic contacts or guessed emails.,Local SMB / service business,
VV-0202,"Peters, Cannata & Moody, PLC",Legal / Professional Services / Legal / law firm,Legal / Professional Services,Legal / law firm,Phoenix,AZ,85012,(602) 248-2900,"3030 N. 3rd St., Ste. 905, Phoenix, AZ 85012",,https://business.phoenixchamber.com/list/ql/advertising-media-1,L359-L364,false,unclaimed,true,2026-05-19,Legal / law firm|Legal / Professional Services|Local SMB / service business|Public directory record,Imported from Valley Verified public lead build v4.|Public source status: PUBLIC DIRECTORY VERIFIED.|Source lines: L359-L364.|Source policy: public directory/company listing only; no synthetic contacts or guessed emails.,Local SMB / service business,
VV-0203,Phoenix AZ Ad Agency,Advertising & Media / Advertising / web design,Advertising & Media,Advertising / web design,Phoenix,AZ,85012,(602) 641-8210,"3838 N Central Avenue Floor 9, #948, Phoenix, AZ 85012",,https://business.phoenixchamber.com/list/ql/advertising-media-1,L366-L373,false,unclaimed,true,2026-05-19,Advertising / web design|Advertising & Media|Local SMB / service business|Public directory record,Imported from Valley Verified public lead build v4.|Public source status: PUBLIC DIRECTORY VERIFIED.|Source lines: L366-L373.|Source policy: public directory/company listing only; no synthetic contacts or guessed emails.,Local SMB / service business,
VV-0204,Pinnacle Public Affairs,Advertising & Media / Public affairs,Advertising & Media,Public affairs,Phoenix,AZ,85018,(480) 535-3395,"4455 East Camelback Rd., Bldg. D Ste 145, Phoenix, AZ 85018",,https://business.phoenixchamber.com/list/ql/advertising-media-1,L375-L379,false,unclaimed,true,2026-05-19,Public affairs|Advertising & Media|Local SMB / service business|Public directory record,Imported from Valley Verified public lead build v4.|Public source status: PUBLIC DIRECTORY VERIFIED.|Source lines: L375-L379.|Source policy: public directory/company listing only; no synthetic contacts or guessed emails.,Local SMB / service business,
VV-0205,Pipeline Media Agency,Advertising & Media / Media agency,Advertising & Media,Media agency,Phoenix,AZ,85016,(602) 851-1791,"1801 E. Camelback Rd. Suite 201, Phoenix, AZ 85016",,https://business.phoenixchamber.com/list/ql/advertising-media-1,L381-L386,false,unclaimed,true,2026-05-19,Media agency|Advertising & Media|Local SMB / service business|Public directory record,Imported from Valley Verified public lead build v4.|Public source status: PUBLIC DIRECTORY VERIFIED.|Source lines: L381-L386.|Source policy: public directory/company listing only; no synthetic contacts or guessed emails.,Local SMB / service business,
VV-0206,Pixa,Advertising & Media / Branding / design / web,Advertising & Media,Branding / design / web,Phoenix,AZ,85040,(480) 380-2201,"4050 E. Cotton Center Blvd., Bldg. 6 Ste. 68, Phoenix, AZ 85040",ThinkPixa.com,https://business.phoenixchamber.com/list/ql/advertising-media-1,L388-L393,false,unclaimed,true,2026-05-19,Branding / design / web|Advertising & Media|Local SMB / service business|Public directory record,Imported from Valley Verified public lead build v4.|Public source status: PUBLIC DIRECTORY VERIFIED.|Source lines: L388-L393.|Source policy: public directory/company listing only; no synthetic contacts or guessed emails.,Local SMB / service business,
VV-0207,"PLATZ JURIS, PLLC",Legal / Professional Services / IP / business / litigation law,Legal / Professional Services,IP / business / litigation law,Phoenix,AZ,85016,(480) 570-8558,"2325 E. Camelback Road Suite 400, Phoenix, AZ 85016",,https://business.phoenixchamber.com/list/ql/advertising-media-1,L395-L403,false,unclaimed,true,2026-05-19,IP / business / litigation law|Legal / Professional Services|Local SMB / service business|Public directory record,Imported from Valley Verified public lead build v4.|Public source status: PUBLIC DIRECTORY VERIFIED.|Source lines: L395-L403.|Source policy: public directory/company listing only; no synthetic contacts or guessed emails.,Local SMB / service business,
VV-0208,"Policy AZ, LLC",Advertising & Media / Public affairs / policy,Advertising & Media,Public affairs / policy,Phoenix,AZ,85020,(602) 882-9606,"1132 E. Nicolet Ave., Phoenix, AZ 85020",,https://business.phoenixchamber.com/list/ql/advertising-media-1,L405-L409,false,unclaimed,true,2026-05-19,Public affairs / policy|Advertising & Media|Local SMB / service business|Public directory record,Imported from Valley Verified public lead build v4.|Public source status: PUBLIC DIRECTORY VERIFIED.|Source lines: L405-L409.|Source policy: public directory/company listing only; no synthetic contacts or guessed emails.,Local SMB / service business,
VV-0209,"Policy Development Group, Inc.",Advertising & Media / Public policy / consulting,Advertising & Media,Public policy / consulting,Phoenix,AZ,85012,(602) 274-4244,"3636 N. Central Ave., Ste. 590, Phoenix, AZ 85012-1953",,https://business.phoenixchamber.com/list/ql/advertising-media-1,L411-L416,false,unclaimed,true,2026-05-19,Public policy / consulting|Advertising & Media|Local SMB / service business|Public directory record,Imported from Valley Verified public lead build v4.|Public source status: PUBLIC DIRECTORY VERIFIED.|Source lines: L411-L416.|Source policy: public directory/company listing only; no synthetic contacts or guessed emails.,Local SMB / service business,
VV-0210,Public Policy Partners,Advertising & Media / Public policy / consulting,Advertising & Media,Public policy / consulting,Phoenix,AZ,85003,(602) 200-6777,"322 W. Roosevelt St., Phoenix, AZ 85003",,https://business.phoenixchamber.com/list/ql/advertising-media-1,L418-L423,false,unclaimed,true,2026-05-19,Public policy / consulting|Advertising & Media|Local SMB / service business|Public directory record,Imported from Valley Verified public lead build v4.|Public source status: PUBLIC DIRECTORY VERIFIED.|Source lines: L418-L423.|Source policy: public directory/company listing only; no synthetic contacts or guessed emails.,Local SMB / service business,
VV-0211,S+C Communications,Advertising & Media / Communications / PR,Advertising & Media,Communications / PR,Phoenix,AZ,85018,(602) 677-5422,"4144 N. 44th St., Ste. A-2, Phoenix, AZ 85018",,https://business.phoenixchamber.com/list/ql/advertising-media-1,L425-L429,false,unclaimed,true,2026-05-19,Communications / PR|Advertising & Media|Local SMB / service business|Public directory record,Imported from Valley Verified public lead build v4.|Public source status: PUBLIC DIRECTORY VERIFIED.|Source lines: L425-L429.|Source policy: public directory/company listing only; no synthetic contacts or guessed emails.,Local SMB / service business,
VV-0212,S2RC,Advertising & Media / Tech / AI / immersive training,Advertising & Media,Tech / AI / immersive training,Phoenix,AZ,85028,(602) 708-8450,"11811 N Tatum Blvd Suite 1075, Phoenix, AZ 85028",,https://business.phoenixchamber.com/list/ql/advertising-media-1,L431-L440,false,unclaimed,true,2026-05-19,Tech / AI / immersive training|Advertising & Media|Local SMB / service business|Public directory record,Imported from Valley Verified public lead build v4.|Public source status: PUBLIC DIRECTORY VERIFIED.|Source lines: L431-L440.|Source policy: public directory/company listing only; no synthetic contacts or guessed emails.,Local SMB / service business,
VV-0213,Strategic Impact Partners,Advertising & Media / Strategic communications,Advertising & Media,Strategic communications,Phoenix,AZ,85007,(480) 470-3648,"1614 W Roosevelt Street, Phoenix, AZ 85007",,https://business.phoenixchamber.com/list/ql/advertising-media-1,L443-L447,false,unclaimed,true,2026-05-19,Strategic communications|Advertising & Media|Local SMB / service business|Public directory record,Imported from Valley Verified public lead build v4.|Public source status: PUBLIC DIRECTORY VERIFIED.|Source lines: L443-L447.|Source policy: public directory/company listing only; no synthetic contacts or guessed emails.,Local SMB / service business,
VV-0214,The Dauz,Advertising & Media / Event venue / media venue,Advertising & Media,Event venue / media venue,Phoenix,AZ,85007,(602) 257-0750,"750 W. Polk Street, Phoenix, AZ 85007",,https://business.phoenixchamber.com/list/ql/advertising-media-1,L455-L463,false,unclaimed,true,2026-05-19,Event venue / media venue|Advertising & Media|Local SMB / service business|Public directory record,Imported from Valley Verified public lead build v4.|Public source status: PUBLIC DIRECTORY VERIFIED.|Source lines: L455-L463.|Source policy: public directory/company listing only; no synthetic contacts or guessed emails.,Local SMB / service business,
VV-0215,The McRae Agency,Advertising & Media / PR / marketing agency,Advertising & Media,PR / marketing agency,Paradise Valley,AZ,85253,(602) 330-1996,"5150 E. Orchid Lane, Paradise Valley, AZ 85253",,https://business.phoenixchamber.com/list/ql/advertising-media-1,L464-L468,false,unclaimed,true,2026-05-19,PR / marketing agency|Advertising & Media|Local SMB / service business|Public directory record,Imported from Valley Verified public lead build v4.|Public source status: PUBLIC DIRECTORY VERIFIED.|Source lines: L464-L468.|Source policy: public directory/company listing only; no synthetic contacts or guessed emails.,Local SMB / service business,
VV-0216,Triadvocates LLC,Advertising & Media / Government relations / advocacy,Advertising & Media,Government relations / advocacy,Phoenix,AZ,85004,(602) 761-2760,"40 N. Central Ave., Ste. 1980, Phoenix, AZ 85004",,https://business.phoenixchamber.com/list/ql/advertising-media-1,L476-L481,false,unclaimed,true,2026-05-19,Government relations / advocacy|Advertising & Media|Local SMB / service business|Public directory record,Imported from Valley Verified public lead build v4.|Public source status: PUBLIC DIRECTORY VERIFIED.|Source lines: L476-L481.|Source policy: public directory/company listing only; no synthetic contacts or guessed emails.,Local SMB / service business,
VV-0217,Veridus,Advertising & Media / Public affairs / strategy,Advertising & Media,Public affairs / strategy,Phoenix,AZ,85004,(602) 229-1129,"101 E Washington Street Suite 990, Phoenix, AZ 85004",,https://business.phoenixchamber.com/list/ql/advertising-media-1,L483-L487,false,unclaimed,true,2026-05-19,Public affairs / strategy|Advertising & Media|Local SMB / service business|Public directory record,Imported from Valley Verified public lead build v4.|Public source status: PUBLIC DIRECTORY VERIFIED.|Source lines: L483-L487.|Source policy: public directory/company listing only; no synthetic contacts or guessed emails.,Local SMB / service business,
VV-0218,"Video West, Inc.",Advertising & Media / Video / audio / lighting production,Advertising & Media,Video / audio / lighting production,Phoenix,AZ,85008,(480) 222-3180,"1050 N. 52nd St., Phoenix, AZ 85008",,https://business.phoenixchamber.com/list/ql/advertising-media-1,L489-L497,false,unclaimed,true,2026-05-19,Video / audio / lighting production|Advertising & Media|Local SMB / service business|Public directory record,Imported from Valley Verified public lead build v4.|Public source status: PUBLIC DIRECTORY VERIFIED.|Source lines: L489-L497.|Source policy: public directory/company listing only; no synthetic contacts or guessed emails.,Local SMB / service business,
VV-0219,"BenHD, LLC",Advertising & Media / Media / production,Advertising & Media,Media / production,Paradise Valley,AZ,85253,(480) 221-3377,"7027 N. Scottsdale Rd., Ste 252, Paradise Valley, AZ 85253",,https://business.phoenixchamber.com/list/ql/advertising-media-1,L499-L503,false,unclaimed,true,2026-05-19,Media / production|Advertising & Media|Local SMB / service business|Public directory record,Imported from Valley Verified public lead build v4.|Public source status: PUBLIC DIRECTORY VERIFIED.|Source lines: L499-L503.|Source policy: public directory/company listing only; no synthetic contacts or guessed emails.,Local SMB / service business,
VV-0220,Kandid Clicks Photography,Advertising & Media / Photography,Advertising & Media,Photography,Phoenix,AZ,85016,(602) 818-8791,Phoenix AZ 85016,,https://business.phoenixchamber.com/list/ql/advertising-media-1,L505-L510,false,unclaimed,true,2026-05-19,Photography|Advertising & Media|Local SMB / service business|Public directory record,Imported from Valley Verified public lead build v4.|Public source status: PUBLIC DIRECTORY VERIFIED.|Source lines: L505-L510.|Source policy: public directory/company listing only; no synthetic contacts or guessed emails.,Local SMB / service business,
VV-0221,"Pearson's Enterprises, Inc.",Advertising & Media / Signage / printing,Advertising & Media,Signage / printing,Phoenix,AZ,85009,(602) 272-9461,"1904 N. Black Canyon Hwy., Phoenix, AZ 85009",pearsonsigns.com,https://business.phoenixchamber.com/list/ql/advertising-media-1,L512-L517,false,unclaimed,true,2026-05-19,Signage / printing|Advertising & Media|Local SMB / service business|Public directory record,Imported from Valley Verified public lead build v4.|Public source status: PUBLIC DIRECTORY VERIFIED.|Source lines: L512-L517.|Source policy: public directory/company listing only; no synthetic contacts or guessed emails.,Local SMB / service business,
VV-0222,Accounting Launchpad,Finance & Insurance / Accounting / tax / fractional CFO,Finance & Insurance,Accounting / tax / fractional CFO,Phoenix,AZ,85016,(480) 788-3137,Phoenix AZ 85016,,https://business.phoenixchamber.com/list/ql/finance-insurance-10,L181-L189,false,unclaimed,true,2026-05-19,Accounting / tax / fractional CFO|Finance & Insurance|Local SMB / service business|Public directory record,Imported from Valley Verified public lead build v4.|Public source status: PUBLIC DIRECTORY VERIFIED.|Source lines: L181-L189.|Source policy: public directory/company listing only; no synthetic contacts or guessed emails.,Local SMB / service business,
VV-0223,Agave Home Loans,Finance & Insurance / Mortgage / home loans,Finance & Insurance,Mortgage / home loans,Phoenix,AZ,85044,(602) 325-5400,"7776 S Pointe Pkwy W Suite 100, Phoenix, AZ 85044",,https://business.phoenixchamber.com/list/ql/finance-insurance-10,L191-L195,false,unclaimed,true,2026-05-19,Mortgage / home loans|Finance & Insurance|Local SMB / service business|Public directory record,Imported from Valley Verified public lead build v4.|Public source status: PUBLIC DIRECTORY VERIFIED.|Source lines: L191-L195.|Source policy: public directory/company listing only; no synthetic contacts or guessed emails.,Local SMB / service business,
VV-0224,AlaskaUSA Federal Credit Union - Phoenix Branch,Finance & Insurance / Credit union branch,Finance & Insurance,Credit union branch,Phoenix,AZ,85029,(602) 338-5832,"3511 W. Peoria Ave., Phoenix, AZ 85029",,https://business.phoenixchamber.com/list/ql/finance-insurance-10,L197-L202,false,unclaimed,true,2026-05-19,Credit union branch|Finance & Insurance|Local SMB / service business|Public directory record,Imported from Valley Verified public lead build v4.|Public source status: PUBLIC DIRECTORY VERIFIED.|Source lines: L197-L202.|Source policy: public directory/company listing only; no synthetic contacts or guessed emails.,Local SMB / service business,
VV-0225,AlaskaUSA Federal Credit Union - Tempe Branch,Finance & Insurance / Credit union branch,Finance & Insurance,Credit union branch,Tempe,AZ,85282,(602) 338-5841,"3232 S. Mill Rd. (Inside Fry's), Tempe, AZ 85282",,https://business.phoenixchamber.com/list/ql/finance-insurance-10,L204-L208,false,unclaimed,true,2026-05-19,Credit union branch|Finance & Insurance|Local SMB / service business|Public directory record,Imported from Valley Verified public lead build v4.|Public source status: PUBLIC DIRECTORY VERIFIED.|Source lines: L204-L208.|Source policy: public directory/company listing only; no synthetic contacts or guessed emails.,Local SMB / service business,
VV-0226,Alerus,Finance & Insurance / Small business banking / SBA lending,Finance & Insurance,Small business banking / SBA lending,Phoenix,AZ,85008,(602) 346-1800,"4686 E. Van Buren St., Ste. 150, Phoenix, AZ 85008",alerus.com,https://business.phoenixchamber.com/list/ql/finance-insurance-10,L210-L219,false,unclaimed,true,2026-05-19,Small business banking / SBA lending|Finance & Insurance|Local SMB / service business|Public directory record,Imported from Valley Verified public lead build v4.|Public source status: PUBLIC DIRECTORY VERIFIED.|Source lines: L210-L219.|Source policy: public directory/company listing only; no synthetic contacts or guessed emails.,Local SMB / service business,
VV-0227,Alma School Pawn and Gold,Finance & Insurance / Pawn / gold buyer,Finance & Insurance,Pawn / gold buyer,Mesa,AZ,85210,(480) 644-7932,"752 S Alma School Rd, Mesa, AZ 85210",,https://business.phoenixchamber.com/list/ql/finance-insurance-10,L221-L225,false,unclaimed,true,2026-05-19,Pawn / gold buyer|Finance & Insurance|Local SMB / service business|Public directory record,Imported from Valley Verified public lead build v4.|Public source status: PUBLIC DIRECTORY VERIFIED.|Source lines: L221-L225.|Source policy: public directory/company listing only; no synthetic contacts or guessed emails.,Local SMB / service business,
VV-0228,Arizona Escrow & Financial Corporation,Finance & Insurance / Escrow / financial services,Finance & Insurance,Escrow / financial services,Phoenix,AZ,85016,(602) 956-2629,"5353 N 16th St Suite 110, Phoenix, AZ 85016",,https://business.phoenixchamber.com/list/ql/finance-insurance-10,L227-L232,false,unclaimed,true,2026-05-19,Escrow / financial services|Finance & Insurance|Local SMB / service business|Public directory record,Imported from Valley Verified public lead build v4.|Public source status: PUBLIC DIRECTORY VERIFIED.|Source lines: L227-L232.|Source policy: public directory/company listing only; no synthetic contacts or guessed emails.,Local SMB / service business,
VV-0229,Arizona Financial Credit Union,Finance & Insurance / Credit union,Finance & Insurance,Credit union,Phoenix,AZ,85008,(602) 683-1000,"333 N. 44th St., Phoenix, AZ 85008",,https://business.phoenixchamber.com/list/ql/finance-insurance-10,L234-L239,false,unclaimed,true,2026-05-19,Credit union|Finance & Insurance|Local SMB / service business|Public directory record,Imported from Valley Verified public lead build v4.|Public source status: PUBLIC DIRECTORY VERIFIED.|Source lines: L234-L239.|Source policy: public directory/company listing only; no synthetic contacts or guessed emails.,Local SMB / service business,
VV-0230,Arnold Insurance,Finance & Insurance / Insurance agency,Finance & Insurance,Insurance agency,Phoenix,AZ,85028,(602) 317-8807,"4545 E Shea Blvd Suite 258, Phoenix, AZ 85028",,https://business.phoenixchamber.com/list/ql/finance-insurance-10,L241-L245,false,unclaimed,true,2026-05-19,Insurance agency|Finance & Insurance|Local SMB / service business|Public directory record,Imported from Valley Verified public lead build v4.|Public source status: PUBLIC DIRECTORY VERIFIED.|Source lines: L241-L245.|Source policy: public directory/company listing only; no synthetic contacts or guessed emails.,Local SMB / service business,
VV-0231,"Atlas Capital, LLC",Finance & Insurance / Capital / finance,Finance & Insurance,Capital / finance,Paradise Valley,AZ,85253,(480) 499-4444,"6250 E. Cheney Dr., Paradise Valley, AZ 85253",,https://business.phoenixchamber.com/list/ql/finance-insurance-10,L247-L252,false,unclaimed,true,2026-05-19,Capital / finance|Finance & Insurance|Local SMB / service business|Public directory record,Imported from Valley Verified public lead build v4.|Public source status: PUBLIC DIRECTORY VERIFIED.|Source lines: L247-L252.|Source policy: public directory/company listing only; no synthetic contacts or guessed emails.,Local SMB / service business,
VV-0232,ATLAS CPAs & Advisors PLLC,Finance & Insurance / CPA / accounting / advisory,Finance & Insurance,CPA / accounting / advisory,Scottsdale,AZ,85254,(480) 483-1600,"5020 E. Shea Boulevard Suite 200, Scottsdale, AZ 85254",,https://business.phoenixchamber.com/list/ql/finance-insurance-10,L254-L261,false,unclaimed,true,2026-05-19,CPA / accounting / advisory|Finance & Insurance|Local SMB / service business|Public directory record,Imported from Valley Verified public lead build v4.|Public source status: PUBLIC DIRECTORY VERIFIED.|Source lines: L254-L261.|Source policy: public directory/company listing only; no synthetic contacts or guessed emails.,Local SMB / service business,
VV-0233,B and B Pawn and Gold,Finance & Insurance / Pawn / gold buyer,Finance & Insurance,Pawn / gold buyer,Mesa,AZ,85023,(480) 610-1240,"1107 E Main St, Mesa, AZ 85023",,https://business.phoenixchamber.com/list/ql/finance-insurance-10,L263-L267,false,unclaimed,true,2026-05-19,Pawn / gold buyer|Finance & Insurance|Local SMB / service business|Public directory record,Imported from Valley Verified public lead build v4.|Public source status: PUBLIC DIRECTORY VERIFIED.|Source lines: L263-L267.|Source policy: public directory/company listing only; no synthetic contacts or guessed emails.,Local SMB / service business,
VV-0234,Barr Associates LLC (Damien Barr Allstate Agency),Finance & Insurance / Insurance agency,Finance & Insurance,Insurance agency,Scottsdale,AZ,85258,(480) 922-8820,"9699 Hayden Rd Ste E107, Scottsdale, AZ 85258",,https://business.phoenixchamber.com/list/ql/finance-insurance-10,L296-L301,false,unclaimed,true,2026-05-19,Insurance agency|Finance & Insurance|Local SMB / service business|Public directory record,Imported from Valley Verified public lead build v4.|Public source status: PUBLIC DIRECTORY VERIFIED.|Source lines: L296-L301.|Source policy: public directory/company listing only; no synthetic contacts or guessed emails.,Local SMB / service business,
VV-0235,"BBSI/Barrett Business Services, Inc.",Business Services / HR / payroll / business services,Business Services,HR / payroll / business services,Scottsdale,AZ,85250,(480) 839-4400,"8840 E Chaparral Road, Suite 105, Scottsdale, AZ 85250",bbsi.com,https://business.phoenixchamber.com/list/ql/finance-insurance-10,L303-L308,false,unclaimed,true,2026-05-19,HR / payroll / business services|Business Services|Local SMB / service business|Public directory record,Imported from Valley Verified public lead build v4.|Public source status: PUBLIC DIRECTORY VERIFIED.|Source lines: L303-L308.|Source policy: public directory/company listing only; no synthetic contacts or guessed emails.,Local SMB / service business,
VV-0236,Bob Allen-Aflac,Finance & Insurance / Insurance agent,Finance & Insurance,Insurance agent,Glendale,AZ,85383,(219) 776-5449,"18001 N. 79th Ave., Glendale, AZ 85383",,https://business.phoenixchamber.com/list/ql/finance-insurance-10,L310-L315,false,unclaimed,true,2026-05-19,Insurance agent|Finance & Insurance|Local SMB / service business|Public directory record,Imported from Valley Verified public lead build v4.|Public source status: PUBLIC DIRECTORY VERIFIED.|Source lines: L310-L315.|Source policy: public directory/company listing only; no synthetic contacts or guessed emails.,Local SMB / service business,
VV-0237,Brad Siok-State Farm Agent,Finance & Insurance / Insurance agent,Finance & Insurance,Insurance agent,Peoria,AZ,85382,(623) 566-6405,"8506 W. Deer Valley Rd. Ste 100, Peoria, AZ 85382",,https://business.phoenixchamber.com/list/ql/finance-insurance-10,L338-L350,false,unclaimed,true,2026-05-19,Insurance agent|Finance & Insurance|Local SMB / service business|Public directory record,Imported from Valley Verified public lead build v4.|Public source status: PUBLIC DIRECTORY VERIFIED.|Source lines: L338-L350.|Source policy: public directory/company listing only; no synthetic contacts or guessed emails.,Local SMB / service business,
VV-0238,"Brown & Brown Insurance of Arizona, Inc.",Finance & Insurance / Insurance brokerage,Finance & Insurance,Insurance brokerage,Phoenix,AZ,85004,(602) 277-6672,"2800 N. Central Ave., Ste. 1100, Phoenix, AZ 85004",bbphoenix.com,https://business.phoenixchamber.com/list/ql/finance-insurance-10,L352-L358,false,unclaimed,true,2026-05-19,Insurance brokerage|Finance & Insurance|Local SMB / service business|Public directory record,Imported from Valley Verified public lead build v4.|Public source status: PUBLIC DIRECTORY VERIFIED.|Source lines: L352-L358.|Source policy: public directory/company listing only; no synthetic contacts or guessed emails.,Local SMB / service business,
VV-0239,"CASCO Financial Group, Inc.",Finance & Insurance / Financial services,Finance & Insurance,Financial services,Phoenix,AZ,85085,(602) 995-1484,"2525 W. Carefree Hwy., Ste. 112, Phoenix, AZ 85085",,https://business.phoenixchamber.com/list/ql/finance-insurance-10,L366-L371,false,unclaimed,true,2026-05-19,Financial services|Finance & Insurance|Local SMB / service business|Public directory record,Imported from Valley Verified public lead build v4.|Public source status: PUBLIC DIRECTORY VERIFIED.|Source lines: L366-L371.|Source policy: public directory/company listing only; no synthetic contacts or guessed emails.,Local SMB / service business,
VV-0240,Command Credit Corp,Finance & Insurance / Credit data / risk management,Finance & Insurance,Credit data / risk management,Scottsdale,AZ,85254,(800) 676-9705,"15169 N. Scottsdale Rd Suite 205, Scottsdale, AZ 85254",,https://business.phoenixchamber.com/list/ql/finance-insurance-10,L561-L568,false,unclaimed,true,2026-05-19,Credit data / risk management|Finance & Insurance|Local SMB / service business|Public directory record,Imported from Valley Verified public lead build v4.|Public source status: PUBLIC DIRECTORY VERIFIED.|Source lines: L561-L568.|Source policy: public directory/company listing only; no synthetic contacts or guessed emails.,Local SMB / service business,
VV-0241,Copper State Credit Union,Finance & Insurance / Credit union,Finance & Insurance,Credit union,Phoenix,AZ,85015,(602) 491-0891,"1640 W. Thomas Rd., Phoenix, AZ 85015",,https://business.phoenixchamber.com/list/ql/finance-insurance-10,L570-L574,false,unclaimed,true,2026-05-19,Credit union|Finance & Insurance|Local SMB / service business|Public directory record,Imported from Valley Verified public lead build v4.|Public source status: PUBLIC DIRECTORY VERIFIED.|Source lines: L570-L574.|Source policy: public directory/company listing only; no synthetic contacts or guessed emails.,Local SMB / service business,
VV-0242,CopperPoint Mutual Insurance Co.,Finance & Insurance / Insurance carrier,Finance & Insurance,Insurance carrier,Phoenix,AZ,85012,(602) 631-2212,"3030 N. 3rd St., Phoenix, AZ 85012",,https://business.phoenixchamber.com/list/ql/finance-insurance-10,L576-L581,false,unclaimed,true,2026-05-19,Insurance carrier|Finance & Insurance|Local SMB / service business|Public directory record,Imported from Valley Verified public lead build v4.|Public source status: PUBLIC DIRECTORY VERIFIED.|Source lines: L576-L581.|Source policy: public directory/company listing only; no synthetic contacts or guessed emails.,Local SMB / service business,
VV-0243,CrossCountry Mortgage- The Araiza Team,Finance & Insurance / Mortgage team,Finance & Insurance,Mortgage team,Scottsdale,AZ,85260,(602) 334-7871,"15551 N. Greenway Hayden Loop #205 D, Scottsdale, AZ 85260",,https://business.phoenixchamber.com/list/ql/finance-insurance-10,L583-L588,false,unclaimed,true,2026-05-19,Mortgage team|Finance & Insurance|Local SMB / service business|Public directory record,Imported from Valley Verified public lead build v4.|Public source status: PUBLIC DIRECTORY VERIFIED.|Source lines: L583-L588.|Source policy: public directory/company listing only; no synthetic contacts or guessed emails.,Local SMB / service business,
VV-0244,Employee Benefits International,Finance & Insurance / Employee benefits / outsourced HR,Finance & Insurance,Employee benefits / outsourced HR,Phoenix,AZ,85020,(602) 800-5070,"8828 N. Central Ave. Suite 100, Phoenix, AZ 85020",,https://business.phoenixchamber.com/list/ql/finance-insurance-10,L607-L615,false,unclaimed,true,2026-05-19,Employee benefits / outsourced HR|Finance & Insurance|Local SMB / service business|Public directory record,Imported from Valley Verified public lead build v4.|Public source status: PUBLIC DIRECTORY VERIFIED.|Source lines: L607-L615.|Source policy: public directory/company listing only; no synthetic contacts or guessed emails.,Local SMB / service business,
VV-0245,Anago Cleaning Systems of Phoenix,Business & Professional Services / Commercial cleaning / janitorial,Business & Professional Services,Commercial cleaning / janitorial,Phoenix,AZ,85040,(602) 926-7991,"4620 E Elwood Street Suite 14, Phoenix, AZ 85040",,https://business.phoenixchamber.com/list/ql/business-professional-services-5,L273-L281,false,unclaimed,true,2026-05-19,Commercial cleaning / janitorial|Business & Professional Services|Local SMB / service business|Public directory record,Imported from Valley Verified public lead build v4.|Public source status: PUBLIC DIRECTORY VERIFIED.|Source lines: L273-L281.|Source policy: public directory/company listing only; no synthetic contacts or guessed emails.,Local SMB / service business,
VV-0246,AP Professionals of Arizona,Business & Professional Services / Technology staffing / recruiting,Business & Professional Services,Technology staffing / recruiting,Scottsdale,AZ,85251,(480) 947-1441,"4110 N. Scottsdale Rd. Ste. 370, Scottsdale, AZ 85251",approus.com,https://business.phoenixchamber.com/list/ql/business-professional-services-5,L282-L291,false,unclaimed,true,2026-05-19,Technology staffing / recruiting|Business & Professional Services|Local SMB / service business|Public directory record,Imported from Valley Verified public lead build v4.|Public source status: PUBLIC DIRECTORY VERIFIED.|Source lines: L282-L291.|Source policy: public directory/company listing only; no synthetic contacts or guessed emails.,Local SMB / service business,
VV-0247,Arizona Chamber of Commerce & Industry,Business & Professional Services / Business association,Business & Professional Services,Business association,Phoenix,AZ,85014,(602) 248-9172,"1221 E Osborn Rd., Ste. 100, Phoenix, AZ 85014",,https://business.phoenixchamber.com/list/ql/business-professional-services-5,L299-L304,false,unclaimed,true,2026-05-19,Business association|Business & Professional Services|Local SMB / service business|Public directory record,Imported from Valley Verified public lead build v4.|Public source status: PUBLIC DIRECTORY VERIFIED.|Source lines: L299-L304.|Source policy: public directory/company listing only; no synthetic contacts or guessed emails.,Local SMB / service business,
VV-0248,Arizona Hispanic Chamber of Commerce,Business & Professional Services / Business association,Business & Professional Services,Business association,Phoenix,AZ,85014,(602) 279-1800,"1020 E. Missouri Ave, Phoenix, AZ 85014",,https://business.phoenixchamber.com/list/ql/business-professional-services-5,L312-L317,false,unclaimed,true,2026-05-19,Business association|Business & Professional Services|Local SMB / service business|Public directory record,Imported from Valley Verified public lead build v4.|Public source status: PUBLIC DIRECTORY VERIFIED.|Source lines: L312-L317.|Source policy: public directory/company listing only; no synthetic contacts or guessed emails.,Local SMB / service business,
VV-0249,"Arizona Lobbying, LLC",Business & Professional Services / Lobbying / public affairs,Business & Professional Services,Lobbying / public affairs,Phoenix,AZ,85003,(602) 252-5222,"318 W. Roosevelt St., Phoenix, AZ 85003-1325",,https://business.phoenixchamber.com/list/ql/business-professional-services-5,L319-L323,false,unclaimed,true,2026-05-19,Lobbying / public affairs|Business & Professional Services|Local SMB / service business|Public directory record,Imported from Valley Verified public lead build v4.|Public source status: PUBLIC DIRECTORY VERIFIED.|Source lines: L319-L323.|Source policy: public directory/company listing only; no synthetic contacts or guessed emails.,Local SMB / service business,
VV-0250,Arizona Municipal Water Users Association,Business & Professional Services / Water policy / association,Business & Professional Services,Water policy / association,Phoenix,AZ,85012,(602) 248-8482,"3003 N. Central Ave., Ste. 1550, Phoenix, AZ 85012",,https://business.phoenixchamber.com/list/ql/business-professional-services-5,L325-L330,false,unclaimed,true,2026-05-19,Water policy / association|Business & Professional Services|Local SMB / service business|Public directory record,Imported from Valley Verified public lead build v4.|Public source status: PUBLIC DIRECTORY VERIFIED.|Source lines: L325-L330.|Source policy: public directory/company listing only; no synthetic contacts or guessed emails.,Local SMB / service business,
VV-0251,Arizona Private School Association,Business & Professional Services / Education association,Business & Professional Services,Education association,Scottsdale,AZ,85260,(602) 254-5199,"9375 E Shea Blvd Suite 100, Scottsdale, AZ 85260",,https://business.phoenixchamber.com/list/ql/business-professional-services-5,L332-L336,false,unclaimed,true,2026-05-19,Education association|Business & Professional Services|Local SMB / service business|Public directory record,Imported from Valley Verified public lead build v4.|Public source status: PUBLIC DIRECTORY VERIFIED.|Source lines: L332-L336.|Source policy: public directory/company listing only; no synthetic contacts or guessed emails.,Local SMB / service business,
VV-0252,Arizona Self-Insurers Association,Business & Professional Services / Insurance / employer association,Business & Professional Services,Insurance / employer association,Scottsdale,AZ,85251,(480) 706-5762,"7375 E. 6th Ave., Ste. 9, Scottsdale, AZ 85251",,https://business.phoenixchamber.com/list/ql/business-professional-services-5,L338-L343,false,unclaimed,true,2026-05-19,Insurance / employer association|Business & Professional Services|Local SMB / service business|Public directory record,Imported from Valley Verified public lead build v4.|Public source status: PUBLIC DIRECTORY VERIFIED.|Source lines: L338-L343.|Source policy: public directory/company listing only; no synthetic contacts or guessed emails.,Local SMB / service business,
VV-0253,Arizona Small Business Association,Business & Professional Services / Small business association,Business & Professional Services,Small business association,Phoenix,AZ,85028,(602) 306-4000,"11811 N. Tatum Blvd., Ste. P195, Phoenix, AZ 85028",,https://business.phoenixchamber.com/list/ql/business-professional-services-5,L345-L349,false,unclaimed,true,2026-05-19,Small business association|Business & Professional Services|Local SMB / service business|Public directory record,Imported from Valley Verified public lead build v4.|Public source status: PUBLIC DIRECTORY VERIFIED.|Source lines: L345-L349.|Source policy: public directory/company listing only; no synthetic contacts or guessed emails.,Local SMB / service business,
VV-0254,Arizona Tooling & Machining Association,Business & Professional Services / Manufacturing / machining association,Business & Professional Services,Manufacturing / machining association,Scottsdale,AZ,85271,(602) 510-7219,"PO Box 3518, Scottsdale, AZ 85271",,https://business.phoenixchamber.com/list/ql/business-professional-services-5,L351-L356,false,unclaimed,true,2026-05-19,Manufacturing / machining association|Business & Professional Services|Local SMB / service business|Public directory record,Imported from Valley Verified public lead build v4.|Public source status: PUBLIC DIRECTORY VERIFIED.|Source lines: L351-L356.|Source policy: public directory/company listing only; no synthetic contacts or guessed emails.,Local SMB / service business,
VV-0255,"Baker Commodities, Inc.",Business & Professional Services / Recycling / rendering services,Business & Professional Services,Recycling / rendering services,Phoenix,AZ,85005,(602) 254-5971,"3602 W. Elwood St., Phoenix, AZ 85005",bakercommodities.com,https://business.phoenixchamber.com/list/ql/business-professional-services-5,L386-L391,false,unclaimed,true,2026-05-19,Recycling / rendering services|Business & Professional Services|Local SMB / service business|Public directory record,Imported from Valley Verified public lead build v4.|Public source status: PUBLIC DIRECTORY VERIFIED.|Source lines: L386-L391.|Source policy: public directory/company listing only; no synthetic contacts or guessed emails.,Local SMB / service business,
VV-0256,Beer & Wine Distributors of Arizona,Business & Professional Services / Trade association / distributors,Business & Professional Services,Trade association / distributors,Phoenix,AZ,85003,(602) 445-6345,"826 N. Third Ave., Phoenix, AZ 85003",bwdaz.com,https://business.phoenixchamber.com/list/ql/business-professional-services-5,L407-L413,false,unclaimed,true,2026-05-19,Trade association / distributors|Business & Professional Services|Local SMB / service business|Public directory record,Imported from Valley Verified public lead build v4.|Public source status: PUBLIC DIRECTORY VERIFIED.|Source lines: L407-L413.|Source policy: public directory/company listing only; no synthetic contacts or guessed emails.,Local SMB / service business,
VV-0257,"Beltmann Group, Inc. - Agent for North American Van Lines",Business & Professional Services / Moving / relocation services,Business & Professional Services,Moving / relocation services,Phoenix,AZ,85009,(602) 484-7665,"3815 W. Washington St., Phoenix, AZ 85009",beltmann.com,https://business.phoenixchamber.com/list/ql/business-professional-services-5,L415-L420,false,unclaimed,true,2026-05-19,Moving / relocation services|Business & Professional Services|Local SMB / service business|Public directory record,Imported from Valley Verified public lead build v4.|Public source status: PUBLIC DIRECTORY VERIFIED.|Source lines: L415-L420.|Source policy: public directory/company listing only; no synthetic contacts or guessed emails.,Local SMB / service business,
VV-0258,Benchmark,Business & Professional Services / Engineering / manufacturing services,Business & Professional Services,Engineering / manufacturing services,Tempe,AZ,85281,(623) 300-7000,"56 S. Rockford Dr., Tempe, AZ 85281",,https://business.phoenixchamber.com/list/ql/business-professional-services-5,L422-L427,false,unclaimed,true,2026-05-19,Engineering / manufacturing services|Business & Professional Services|Local SMB / service business|Public directory record,Imported from Valley Verified public lead build v4.|Public source status: PUBLIC DIRECTORY VERIFIED.|Source lines: L422-L427.|Source policy: public directory/company listing only; no synthetic contacts or guessed emails.,Local SMB / service business,
VV-0259,Better Business Bureau,Business & Professional Services / Business accreditation / nonprofit services,Business & Professional Services,Business accreditation / nonprofit services,Phoenix,AZ,85014,(602) 264-1721,"1010 E. Missouri Ave, Phoenix, AZ 85014",,https://business.phoenixchamber.com/list/ql/business-professional-services-5,L429-L433,false,unclaimed,true,2026-05-19,Business accreditation / nonprofit services|Business & Professional Services|Local SMB / service business|Public directory record,Imported from Valley Verified public lead build v4.|Public source status: PUBLIC DIRECTORY VERIFIED.|Source lines: L429-L433.|Source policy: public directory/company listing only; no synthetic contacts or guessed emails.,Local SMB / service business,
VV-0260,Blue Signal,Business & Professional Services / Recruiting / staffing,Business & Professional Services,Recruiting / staffing,Phoenix,AZ,85028,(480) 939-3200,"4545 E Shea Blvd Suite 250, Phoenix, AZ 85028",,https://business.phoenixchamber.com/list/ql/business-professional-services-5,L455-L463,false,unclaimed,true,2026-05-19,Recruiting / staffing|Business & Professional Services|Local SMB / service business|Public directory record,Imported from Valley Verified public lead build v4.|Public source status: PUBLIC DIRECTORY VERIFIED.|Source lines: L455-L463.|Source policy: public directory/company listing only; no synthetic contacts or guessed emails.,Local SMB / service business,
VV-0261,"Breyer Law Offices, P.C.",Legal / Professional Services / Personal injury law firm,Legal / Professional Services,Personal injury law firm,Phoenix,AZ,85044,(480) 588-8508,"3840 E. Ray Rd., Phoenix, AZ 85044",breyerlaw.com,https://business.phoenixchamber.com/list/ql/business-professional-services-5,L470-L476,false,unclaimed,true,2026-05-19,Personal injury law firm|Legal / Professional Services|Local SMB / service business|Public directory record,Imported from Valley Verified public lead build v4.|Public source status: PUBLIC DIRECTORY VERIFIED.|Source lines: L470-L476.|Source policy: public directory/company listing only; no synthetic contacts or guessed emails.,Local SMB / service business,
VV-0262,"Burch & Cracchiolo, P.A.",Legal / Professional Services / Law firm,Legal / Professional Services,Law firm,Phoenix,AZ,85004,(602) 274-7611,"1850 N Central Ave., Ste.1700, Phoenix, AZ 85004",bcattorneys.com,https://business.phoenixchamber.com/list/ql/business-professional-services-5,L478-L484,false,unclaimed,true,2026-05-19,Law firm|Legal / Professional Services|Local SMB / service business|Public directory record,Imported from Valley Verified public lead build v4.|Public source status: PUBLIC DIRECTORY VERIFIED.|Source lines: L478-L484.|Source policy: public directory/company listing only; no synthetic contacts or guessed emails.,Local SMB / service business,
VV-0263,Cantor Law Group,Legal / Professional Services / Law firm,Legal / Professional Services,Law firm,Phoenix,AZ,85004,(602) 254-8880,"40 N. Central Ave. Suite #2310, Phoenix, AZ 85004",,https://business.phoenixchamber.com/list/ql/business-professional-services-5,L499-L505,false,unclaimed,true,2026-05-19,Law firm|Legal / Professional Services|Local SMB / service business|Public directory record,Imported from Valley Verified public lead build v4.|Public source status: PUBLIC DIRECTORY VERIFIED.|Source lines: L499-L505.|Source policy: public directory/company listing only; no synthetic contacts or guessed emails.,Local SMB / service business,
VV-0264,"Carollo Engineers, Inc.",Business & Professional Services / Environmental engineering,Business & Professional Services,Environmental engineering,Phoenix,AZ,85034,(602) 263-9500,"4600 E. Washington St., Ste. 500, Phoenix, AZ 85034-1915",carollo.com,https://business.phoenixchamber.com/list/ql/business-professional-services-5,L506-L515,false,unclaimed,true,2026-05-19,Environmental engineering|Business & Professional Services|Local SMB / service business|Public directory record,Imported from Valley Verified public lead build v4.|Public source status: PUBLIC DIRECTORY VERIFIED.|Source lines: L506-L515.|Source policy: public directory/company listing only; no synthetic contacts or guessed emails.,Local SMB / service business,
VV-0265,"Center for the Future of Arizona, Arizona State University",Business & Professional Services / Civic / workforce organization,Business & Professional Services,Civic / workforce organization,Phoenix,AZ,85004,(602) 496-1360,"541 East Van Buren, B-5, Phoenix, AZ 85004",,https://business.phoenixchamber.com/list/ql/business-professional-services-5,L517-L521,false,unclaimed,true,2026-05-19,Civic / workforce organization|Business & Professional Services|Local SMB / service business|Public directory record,Imported from Valley Verified public lead build v4.|Public source status: PUBLIC DIRECTORY VERIFIED.|Source lines: L517-L521.|Source policy: public directory/company listing only; no synthetic contacts or guessed emails.,Local SMB / service business,
VV-0266,"Chas Roberts Air Conditioning, Inc.",Business & Professional Services / HVAC contractor,Business & Professional Services,HVAC contractor,Phoenix,AZ,85021,(602) 943-7291,"9828 N. 19th Ave., Phoenix, AZ 85021",chasroberts.com,https://business.phoenixchamber.com/list/ql/business-professional-services-5,L523-L529,false,unclaimed,true,2026-05-19,HVAC contractor|Business & Professional Services|Local SMB / service business|Public directory record,Imported from Valley Verified public lead build v4.|Public source status: PUBLIC DIRECTORY VERIFIED.|Source lines: L523-L529.|Source policy: public directory/company listing only; no synthetic contacts or guessed emails.,Local SMB / service business,
VV-0267,"Cizek Associates, Inc.",Business & Professional Services / Consulting / professional services,Business & Professional Services,Consulting / professional services,Phoenix,AZ,85016,(602) 553-1066,"2415 E. Camelback Rd., Ste. 700, Phoenix, AZ 85016",cizekassociates.com,https://business.phoenixchamber.com/list/ql/business-professional-services-5,L537-L543,false,unclaimed,true,2026-05-19,Consulting / professional services|Business & Professional Services|Local SMB / service business|Public directory record,Imported from Valley Verified public lead build v4.|Public source status: PUBLIC DIRECTORY VERIFIED.|Source lines: L537-L543.|Source policy: public directory/company listing only; no synthetic contacts or guessed emails.,Local SMB / service business,
VV-0268,CLA (CliftonLarsonAllen LLP),Business & Professional Services / Accounting / consulting,Business & Professional Services,Accounting / consulting,Phoenix,AZ,85012,(602) 266-2248,"20 E. Thomas Rd. Suite 2300, Phoenix, AZ 85012",,https://business.phoenixchamber.com/list/ql/business-professional-services-5,L545-L553,false,unclaimed,true,2026-05-19,Accounting / consulting|Business & Professional Services|Local SMB / service business|Public directory record,Imported from Valley Verified public lead build v4.|Public source status: PUBLIC DIRECTORY VERIFIED.|Source lines: L545-L553.|Source policy: public directory/company listing only; no synthetic contacts or guessed emails.,Local SMB / service business,
VV-0269,CMS Companies,Business & Professional Services / Business services,Business & Professional Services,Business services,Phoenix,AZ,85009,(602) 233-9633,"1439 S. 40th Ave. Ste 200A, Phoenix, AZ 85009",,https://business.phoenixchamber.com/list/ql/business-professional-services-5,L555-L559,false,unclaimed,true,2026-05-19,Business services|Business & Professional Services|Local SMB / service business|Public directory record,Imported from Valley Verified public lead build v4.|Public source status: PUBLIC DIRECTORY VERIFIED.|Source lines: L555-L559.|Source policy: public directory/company listing only; no synthetic contacts or guessed emails.,Local SMB / service business,
VV-0270,Compass Canyon Builders,Business & Professional Services / Contractor consulting / construction management,Business & Professional Services,Contractor consulting / construction management,Phoenix,AZ,85018,(602) 888-0983,"3219 E. Camelback Rd. #317, Phoenix, AZ 85018",,https://business.phoenixchamber.com/list/ql/business-professional-services-5,L577-L585,false,unclaimed,true,2026-05-19,Contractor consulting / construction management|Business & Professional Services|Local SMB / service business|Public directory record,Imported from Valley Verified public lead build v4.|Public source status: PUBLIC DIRECTORY VERIFIED.|Source lines: L577-L585.|Source policy: public directory/company listing only; no synthetic contacts or guessed emails.,Local SMB / service business,
VV-0271,Compass Strategies Public Affairs,Business & Professional Services / Public affairs,Business & Professional Services,Public affairs,Phoenix,AZ,85007,(602) 263-0086,"1825 W. Adams St., Phoenix, AZ 85007",,https://business.phoenixchamber.com/list/ql/business-professional-services-5,L587-L592,false,unclaimed,true,2026-05-19,Public affairs|Business & Professional Services|Local SMB / service business|Public directory record,Imported from Valley Verified public lead build v4.|Public source status: PUBLIC DIRECTORY VERIFIED.|Source lines: L587-L592.|Source policy: public directory/company listing only; no synthetic contacts or guessed emails.,Local SMB / service business,
VV-0272,Crossroads Courier,Business & Professional Services / Courier / delivery services,Business & Professional Services,Courier / delivery services,Phoenix,AZ,85034,(480) 927-1818,"1250 E. Hadley Street #3, Phoenix, AZ 85034",,https://business.phoenixchamber.com/list/ql/business-professional-services-5,L600-L605,false,unclaimed,true,2026-05-19,Courier / delivery services|Business & Professional Services|Local SMB / service business|Public directory record,Imported from Valley Verified public lead build v4.|Public source status: PUBLIC DIRECTORY VERIFIED.|Source lines: L600-L605.|Source policy: public directory/company listing only; no synthetic contacts or guessed emails.,Local SMB / service business,
VV-0273,Daida Intelligence Solutions,Business & Professional Services / Data / intelligence consulting,Business & Professional Services,Data / intelligence consulting,Phoenix,AZ,85016,(951) 421-1075,"4539 N 22nd St Suite N, Phoenix, AZ 85016",,https://business.phoenixchamber.com/list/ql/business-professional-services-5,L607-L612,false,unclaimed,true,2026-05-19,Data / intelligence consulting|Business & Professional Services|Local SMB / service business|Public directory record,Imported from Valley Verified public lead build v4.|Public source status: PUBLIC DIRECTORY VERIFIED.|Source lines: L607-L612.|Source policy: public directory/company listing only; no synthetic contacts or guessed emails.,Local SMB / service business,
VV-0274,Daystar Design Lab,Business & Professional Services / Design studio,Business & Professional Services,Design studio,Phoenix,AZ,85004,(602) 490-0847,"130 N. Central Ave., Ste. 307, Phoenix, AZ 85004",,https://business.phoenixchamber.com/list/ql/business-professional-services-5,L627-L632,false,unclaimed,true,2026-05-19,Design studio|Business & Professional Services|Local SMB / service business|Public directory record,Imported from Valley Verified public lead build v4.|Public source status: PUBLIC DIRECTORY VERIFIED.|Source lines: L627-L632.|Source policy: public directory/company listing only; no synthetic contacts or guessed emails.,Local SMB / service business,
VV-0275,DM Cantor,Legal / Professional Services / Law firm,Legal / Professional Services,Law firm,Phoenix,AZ,85004,(602) 307-0808,"40 N Central Ave, Suite 2300, Phoenix, AZ 85004",,https://business.phoenixchamber.com/list/ql/business-professional-services-5,L648-L653,false,unclaimed,true,2026-05-19,Law firm|Legal / Professional Services|Local SMB / service business|Public directory record,Imported from Valley Verified public lead build v4.|Public source status: PUBLIC DIRECTORY VERIFIED.|Source lines: L648-L653.|Source policy: public directory/company listing only; no synthetic contacts or guessed emails.,Local SMB / service business,
VV-0276,"Duffy Group, Inc.",Business & Professional Services / Executive search / recruiting,Business & Professional Services,Executive search / recruiting,Phoenix,AZ,85050,(602) 861-5840,"4727 E. Union Hills Dr. Suite 200, Phoenix, AZ 85050",duffygroup.com,https://business.phoenixchamber.com/list/ql/business-professional-services-5,L660-L666,false,unclaimed,true,2026-05-19,Executive search / recruiting|Business & Professional Services|Local SMB / service business|Public directory record,Imported from Valley Verified public lead build v4.|Public source status: PUBLIC DIRECTORY VERIFIED.|Source lines: L660-L666.|Source policy: public directory/company listing only; no synthetic contacts or guessed emails.,Local SMB / service business,
VV-0277,"DWL Architects & Planners, Inc.",Business & Professional Services / Architecture / planning,Business & Professional Services,Architecture / planning,Phoenix,AZ,85004,(602) 264-9731,"2333 N. Central Ave., Phoenix, AZ 85004",dwlarchitects.com,https://business.phoenixchamber.com/list/ql/business-professional-services-5,L668-L674,false,unclaimed,true,2026-05-19,Architecture / planning|Business & Professional Services|Local SMB / service business|Public directory record,Imported from Valley Verified public lead build v4.|Public source status: PUBLIC DIRECTORY VERIFIED.|Source lines: L668-L674.|Source policy: public directory/company listing only; no synthetic contacts or guessed emails.,Local SMB / service business,
VV-0278,"Elontec, LLC",Business & Professional Services / Office relocation / tech services,Business & Professional Services,Office relocation / tech services,Phoenix,AZ,85043,(602) 759-5500,"405 N. 75th Ave., Ste. 168, Phoenix, AZ 85043",elontec.com,https://business.phoenixchamber.com/list/ql/business-professional-services-5,L676-L681,false,unclaimed,true,2026-05-19,Office relocation / tech services|Business & Professional Services|Local SMB / service business|Public directory record,Imported from Valley Verified public lead build v4.|Public source status: PUBLIC DIRECTORY VERIFIED.|Source lines: L676-L681.|Source policy: public directory/company listing only; no synthetic contacts or guessed emails.,Local SMB / service business,
VV-0279,EOS Worldwide - Rick Benton,Business & Professional Services / Business coaching / EOS implementation,Business & Professional Services,Business coaching / EOS implementation,Scottsdale,AZ,85254,(248) 867-9550,"5526 East Friess Drive, Scottsdale, AZ 85254",,https://business.phoenixchamber.com/list/ql/business-professional-services-5,L694-L698,false,unclaimed,true,2026-05-19,Business coaching / EOS implementation|Business & Professional Services|Local SMB / service business|Public directory record,Imported from Valley Verified public lead build v4.|Public source status: PUBLIC DIRECTORY VERIFIED.|Source lines: L694-L698.|Source policy: public directory/company listing only; no synthetic contacts or guessed emails.,Local SMB / service business,
VV-0280,Fennemore,Legal / Professional Services / Law firm,Legal / Professional Services,Law firm,Phoenix,AZ,85016,(602) 916-5000,"2394 E. Camelback Rd., Ste. 600, Phoenix, AZ 85016",,https://business.phoenixchamber.com/list/ql/business-professional-services-5,L700-L705,false,unclaimed,true,2026-05-19,Law firm|Legal / Professional Services|Local SMB / service business|Public directory record,Imported from Valley Verified public lead build v4.|Public source status: PUBLIC DIRECTORY VERIFIED.|Source lines: L700-L705.|Source policy: public directory/company listing only; no synthetic contacts or guessed emails.,Local SMB / service business,
VV-0281,FORM180,Business & Professional Services / Design / interiors,Business & Professional Services,Design / interiors,Phoenix,AZ,85016,(602) 540-9360,"1744 E Luke Avenue, Phoenix, AZ 85016",,https://business.phoenixchamber.com/list/ql/business-professional-services-5,L707-L715,false,unclaimed,true,2026-05-19,Design / interiors|Business & Professional Services|Local SMB / service business|Public directory record,Imported from Valley Verified public lead build v4.|Public source status: PUBLIC DIRECTORY VERIFIED.|Source lines: L707-L715.|Source policy: public directory/company listing only; no synthetic contacts or guessed emails.,Local SMB / service business,
VV-0282,"Gallagher & Kennedy, P.A.",Legal / Professional Services / Law firm,Legal / Professional Services,Law firm,Phoenix,AZ,85016,(602) 530-8000,"2575 E. Camelback Rd., Ste. 1100, Phoenix, AZ 85016",gknet.com,https://business.phoenixchamber.com/list/ql/business-professional-services-5,L717-L722,false,unclaimed,true,2026-05-19,Law firm|Legal / Professional Services|Local SMB / service business|Public directory record,Imported from Valley Verified public lead build v4.|Public source status: PUBLIC DIRECTORY VERIFIED.|Source lines: L717-L722.|Source policy: public directory/company listing only; no synthetic contacts or guessed emails.,Local SMB / service business,
VV-0283,Gensler,Business & Professional Services / Architecture / design,Business & Professional Services,Architecture / design,Phoenix,AZ,85016,(602) 523-4900,"2575 E. Camelback Rd., Ste. 175, Phoenix, AZ 85016",,https://business.phoenixchamber.com/list/ql/business-professional-services-5,L724-L729,false,unclaimed,true,2026-05-19,Architecture / design|Business & Professional Services|Local SMB / service business|Public directory record,Imported from Valley Verified public lead build v4.|Public source status: PUBLIC DIRECTORY VERIFIED.|Source lines: L724-L729.|Source policy: public directory/company listing only; no synthetic contacts or guessed emails.,Local SMB / service business,
VV-0284,GH2 Architects,Business & Professional Services / Architecture,Business & Professional Services,Architecture,Scottsdale,AZ,85257,(480) 699-1945,"1375 N. Scottsdale Rd. #180, Scottsdale, AZ 85257",,https://business.phoenixchamber.com/list/ql/business-professional-services-5,L731-L736,false,unclaimed,true,2026-05-19,Architecture|Business & Professional Services|Local SMB / service business|Public directory record,Imported from Valley Verified public lead build v4.|Public source status: PUBLIC DIRECTORY VERIFIED.|Source lines: L731-L736.|Source policy: public directory/company listing only; no synthetic contacts or guessed emails.,Local SMB / service business,
VV-0285,Grand Canyon Law Group,Legal / Professional Services / Criminal defense law firm,Legal / Professional Services,Criminal defense law firm,Phoenix,AZ,85012,(480) 400-5555,"76 E. Mitchell Drive, Phoenix, AZ 85012",,https://business.phoenixchamber.com/list/ql/business-professional-services-5,L738-L746,false,unclaimed,true,2026-05-19,Criminal defense law firm|Legal / Professional Services|Local SMB / service business|Public directory record,Imported from Valley Verified public lead build v4.|Public source status: PUBLIC DIRECTORY VERIFIED.|Source lines: L738-L746.|Source policy: public directory/company listing only; no synthetic contacts or guessed emails.,Local SMB / service business,
VV-0286,Greater Phoenix Gay & Lesbian Chamber of Commerce,Business & Professional Services / Business chamber / association,Business & Professional Services,Business chamber / association,Phoenix,AZ,85001,(480) 748-6681,"3819 N. 3rd St., Ste. B, Phoenix, AZ 85001-2097",,https://business.phoenixchamber.com/list/ql/business-professional-services-5,L758-L762,false,unclaimed,true,2026-05-19,Business chamber / association|Business & Professional Services|Local SMB / service business|Public directory record,Imported from Valley Verified public lead build v4.|Public source status: PUBLIC DIRECTORY VERIFIED.|Source lines: L758-L762.|Source policy: public directory/company listing only; no synthetic contacts or guessed emails.,Local SMB / service business,
VV-0287,"Greenberg Traurig, LLP",Legal / Professional Services / Law firm,Legal / Professional Services,Law firm,Phoenix,AZ,85016,(602) 445-8000,"2375 E. Camelback Rd. Suite 800, Phoenix, AZ 85016",,https://business.phoenixchamber.com/list/ql/business-professional-services-5,L764-L769,false,unclaimed,true,2026-05-19,Law firm|Legal / Professional Services|Local SMB / service business|Public directory record,Imported from Valley Verified public lead build v4.|Public source status: PUBLIC DIRECTORY VERIFIED.|Source lines: L764-L769.|Source policy: public directory/company listing only; no synthetic contacts or guessed emails.,Local SMB / service business,
VV-0288,Hallier Stearns Brierley PLC,Legal / Professional Services / Law firm,Legal / Professional Services,Law firm,Phoenix,AZ,85018,(602) 285-5500,"5090 N. 40th St., Ste. 210, Phoenix, AZ 85018-9184",hallierlaw.com,https://business.phoenixchamber.com/list/ql/business-professional-services-5,L778-L783,false,unclaimed,true,2026-05-19,Law firm|Legal / Professional Services|Local SMB / service business|Public directory record,Imported from Valley Verified public lead build v4.|Public source status: PUBLIC DIRECTORY VERIFIED.|Source lines: L778-L783.|Source policy: public directory/company listing only; no synthetic contacts or guessed emails.,Local SMB / service business,
VV-0289,"HDR Engineering, Inc.",Business & Professional Services / Engineering,Business & Professional Services,Engineering,Phoenix,AZ,85012,(602) 522-7700,"20 East Thomas Road, Suite 2500, Phoenix, AZ 85012",hdrinc.com,https://business.phoenixchamber.com/list/ql/business-professional-services-5,L792-L797,false,unclaimed,true,2026-05-19,Engineering|Business & Professional Services|Local SMB / service business|Public directory record,Imported from Valley Verified public lead build v4.|Public source status: PUBLIC DIRECTORY VERIFIED.|Source lines: L792-L797.|Source policy: public directory/company listing only; no synthetic contacts or guessed emails.,Local SMB / service business,
VV-0290,Hirsch Talcott LLC,Legal / Professional Services / Personal injury / family law firm,Legal / Professional Services,Personal injury / family law firm,Phoenix,AZ,85014,(602) 610-0260,"1212 E. Osborn Rd., Phoenix, AZ 85014",,https://business.phoenixchamber.com/list/ql/business-professional-services-5,L799-L808,false,unclaimed,true,2026-05-19,Personal injury / family law firm|Legal / Professional Services|Local SMB / service business|Public directory record,Imported from Valley Verified public lead build v4.|Public source status: PUBLIC DIRECTORY VERIFIED.|Source lines: L799-L808.|Source policy: public directory/company listing only; no synthetic contacts or guessed emails.,Local SMB / service business,
VV-0291,"Huitt-Zollars, Inc.",Business & Professional Services / Engineering / architecture,Business & Professional Services,Engineering / architecture,Phoenix,AZ,85018,(602) 252-8384,"5050 N. 40th St., Ste. 100, Phoenix, AZ 85018",huitt-zollars.com,https://business.phoenixchamber.com/list/ql/business-professional-services-5,L811-L815,false,unclaimed,true,2026-05-19,Engineering / architecture|Business & Professional Services|Local SMB / service business|Public directory record,Imported from Valley Verified public lead build v4.|Public source status: PUBLIC DIRECTORY VERIFIED.|Source lines: L811-L815.|Source policy: public directory/company listing only; no synthetic contacts or guessed emails.,Local SMB / service business,
VV-0292,Indy by Industrious,Business & Professional Services / Coworking / office space,Business & Professional Services,Coworking / office space,Phoenix,AZ,85004,(480) 530-6227,"201 E. Washington St. 5th Floor, Phoenix, AZ 85004",,https://business.phoenixchamber.com/list/ql/business-professional-services-5,L817-L822,false,unclaimed,true,2026-05-19,Coworking / office space|Business & Professional Services|Local SMB / service business|Public directory record,Imported from Valley Verified public lead build v4.|Public source status: PUBLIC DIRECTORY VERIFIED.|Source lines: L817-L822.|Source policy: public directory/company listing only; no synthetic contacts or guessed emails.,Local SMB / service business,
VV-0293,"Integrity A/C & Heating, LLC",Business & Professional Services / HVAC contractor,Business & Professional Services,HVAC contractor,Phoenix,AZ,85024,(602) 971-0567,"2250 E. Rose Garden Loop, Phoenix, AZ 85024-4447",integrity-hvac.com,https://business.phoenixchamber.com/list/ql/business-professional-services-5,L831-L836,false,unclaimed,true,2026-05-19,HVAC contractor|Business & Professional Services|Local SMB / service business|Public directory record,Imported from Valley Verified public lead build v4.|Public source status: PUBLIC DIRECTORY VERIFIED.|Source lines: L831-L836.|Source policy: public directory/company listing only; no synthetic contacts or guessed emails.,Local SMB / service business,
VV-0294,"Isaacson Law Firm, P.C.",Legal / Professional Services / Law firm,Legal / Professional Services,Law firm,Phoenix,AZ,85012,(602) 274-2200,"3101 N. Central Ave., Ste. 740, Phoenix, AZ 85012",,https://business.phoenixchamber.com/list/ql/business-professional-services-5,L838-L843,false,unclaimed,true,2026-05-19,Law firm|Legal / Professional Services|Local SMB / service business|Public directory record,Imported from Valley Verified public lead build v4.|Public source status: PUBLIC DIRECTORY VERIFIED.|Source lines: L838-L843.|Source policy: public directory/company listing only; no synthetic contacts or guessed emails.,Local SMB / service business,
VV-0295,Jani-King of Phoenix,Business & Professional Services / Commercial cleaning / janitorial,Business & Professional Services,Commercial cleaning / janitorial,Phoenix,AZ,85020,(602) 433-0550,"7740 N. 16th St., Ste. 110, Phoenix, AZ 85020",janiking.com,https://business.phoenixchamber.com/list/ql/business-professional-services-5,L845-L853,false,unclaimed,true,2026-05-19,Commercial cleaning / janitorial|Business & Professional Services|Local SMB / service business|Public directory record,Imported from Valley Verified public lead build v4.|Public source status: PUBLIC DIRECTORY VERIFIED.|Source lines: L845-L853.|Source policy: public directory/company listing only; no synthetic contacts or guessed emails.,Local SMB / service business,
VV-0296,Kary Environmental Services,Business & Professional Services / Hazmat / environmental contracting,Business & Professional Services,Hazmat / environmental contracting,Mesa,AZ,85210,(480) 945-0009,"641 S Drew St, Mesa, AZ 85210",,https://business.phoenixchamber.com/list/ql/business-professional-services-5,L861-L868,false,unclaimed,true,2026-05-19,Hazmat / environmental contracting|Business & Professional Services|Local SMB / service business|Public directory record,Imported from Valley Verified public lead build v4.|Public source status: PUBLIC DIRECTORY VERIFIED.|Source lines: L861-L868.|Source policy: public directory/company listing only; no synthetic contacts or guessed emails.,Local SMB / service business,
VV-0297,Kitchell Corp.,Business & Professional Services / Construction / project services,Business & Professional Services,Construction / project services,Phoenix,AZ,85016,(602) 264-4411,"1707 E. Highland Ave., Ste. 100, Phoenix, AZ 85016-4662",,https://business.phoenixchamber.com/list/ql/business-professional-services-5,L870-L874,false,unclaimed,true,2026-05-19,Construction / project services|Business & Professional Services|Local SMB / service business|Public directory record,Imported from Valley Verified public lead build v4.|Public source status: PUBLIC DIRECTORY VERIFIED.|Source lines: L870-L874.|Source policy: public directory/company listing only; no synthetic contacts or guessed emails.,Local SMB / service business,
VV-0298,KP Staffing,Business & Professional Services / Staffing,Business & Professional Services,Staffing,Peoria,AZ,85382,(623) 755-6619,"8996 W Union Hills Dr Suite 104, Peoria, AZ 85382",,https://business.phoenixchamber.com/list/ql/business-professional-services-5,L883-L888,false,unclaimed,true,2026-05-19,Staffing|Business & Professional Services|Local SMB / service business|Public directory record,Imported from Valley Verified public lead build v4.|Public source status: PUBLIC DIRECTORY VERIFIED.|Source lines: L883-L888.|Source policy: public directory/company listing only; no synthetic contacts or guessed emails.,Local SMB / service business,
VV-0299,Kutak Rock LLP,Legal / Professional Services / Law firm,Legal / Professional Services,Law firm,Scottsdale,AZ,85253,(480) 429-5000,"8601 N. Scottsdale Rd., Ste. 300, Scottsdale, AZ 85253",,https://business.phoenixchamber.com/list/ql/business-professional-services-5,L896-L901,false,unclaimed,true,2026-05-19,Law firm|Legal / Professional Services|Local SMB / service business|Public directory record,Imported from Valley Verified public lead build v4.|Public source status: PUBLIC DIRECTORY VERIFIED.|Source lines: L896-L901.|Source policy: public directory/company listing only; no synthetic contacts or guessed emails.,Local SMB / service business,
VV-0300,Lamber Goodnow,Legal / Professional Services / Personal injury law firm,Legal / Professional Services,Personal injury law firm,Phoenix,AZ,85016,(602) 274-9662,"2394 E Camelback Rd #600, Phoenix, AZ 85016",,https://business.phoenixchamber.com/list/ql/business-professional-services-5,L903-L908,false,unclaimed,true,2026-05-19,Personal injury law firm|Legal / Professional Services|Local SMB / service business|Public directory record,Imported from Valley Verified public lead build v4.|Public source status: PUBLIC DIRECTORY VERIFIED.|Source lines: L903-L908.|Source policy: public directory/company listing only; no synthetic contacts or guessed emails.,Local SMB / service business,
VV-0301,Law Bear Auto Accident Attorneys,Legal / Professional Services / Auto accident law firm,Legal / Professional Services,Auto accident law firm,Phoenix,AZ,85016,(832) 274-4228,"2375 E. Camelback Rd. Suite 635, Phoenix, AZ 85016",,https://business.phoenixchamber.com/list/ql/business-professional-services-5,L910-L914,false,unclaimed,true,2026-05-19,Auto accident law firm|Legal / Professional Services|Local SMB / service business|Public directory record,Imported from Valley Verified public lead build v4.|Public source status: PUBLIC DIRECTORY VERIFIED.|Source lines: L910-L914.|Source policy: public directory/company listing only; no synthetic contacts or guessed emails.,Local SMB / service business,
VV-0302,LDH Consulting,Business & Professional Services / Consulting,Business & Professional Services,Consulting,Scottsdale,AZ,,(480) 205-6195,"Scottsdale, AZ",,https://business.phoenixchamber.com/list/ql/business-professional-services-5,L916-L921,false,unclaimed,true,2026-05-19,Consulting|Business & Professional Services|Local SMB / service business|Public directory record,Imported from Valley Verified public lead build v4.|Public source status: PUBLIC DIRECTORY VERIFIED.|Source lines: L916-L921.|Source policy: public directory/company listing only; no synthetic contacts or guessed emails.,Local SMB / service business,
VV-0303,Let's Get Moving Phoenix,Business & Professional Services / Moving services,Business & Professional Services,Moving services,Phoenix,AZ,85034,(602) 806-7272,"1005 E Madison St #2, Phoenix, AZ 85034",,https://business.phoenixchamber.com/list/ql/business-professional-services-5,L923-L928,false,unclaimed,true,2026-05-19,Moving services|Business & Professional Services|Local SMB / service business|Public directory record,Imported from Valley Verified public lead build v4.|Public source status: PUBLIC DIRECTORY VERIFIED.|Source lines: L923-L928.|Source policy: public directory/company listing only; no synthetic contacts or guessed emails.,Local SMB / service business,
VV-0304,Lockology at 35th Avenue,Business & Professional Services / Locksmith,Business & Professional Services,Locksmith,Phoenix,AZ,85029,(602) 242-5429,"12450 N. 35th Avenue, Phoenix, AZ 85029",,https://business.phoenixchamber.com/list/ql/business-professional-services-5,L930-L934,false,unclaimed,true,2026-05-19,Locksmith|Business & Professional Services|Local SMB / service business|Public directory record,Imported from Valley Verified public lead build v4.|Public source status: PUBLIC DIRECTORY VERIFIED.|Source lines: L930-L934.|Source policy: public directory/company listing only; no synthetic contacts or guessed emails.,Local SMB / service business,
VV-0305,Looking Forward Consulting,Business & Professional Services / Organizational development / training,Business & Professional Services,Organizational development / training,Goodyear,AZ,85395,(503) 490-7166,"15324 W. Roma Ave., Goodyear, AZ 85395",,https://business.phoenixchamber.com/list/ql/business-professional-services-5,L936-L943,false,unclaimed,true,2026-05-19,Organizational development / training|Business & Professional Services|Local SMB / service business|Public directory record,Imported from Valley Verified public lead build v4.|Public source status: PUBLIC DIRECTORY VERIFIED.|Source lines: L936-L943.|Source policy: public directory/company listing only; no synthetic contacts or guessed emails.,Local SMB / service business,
VV-0306,Lucid Private Offices,Business & Professional Services / Coworking / executive suites,Business & Professional Services,Coworking / executive suites,Phoenix,AZ,85016,(602) 847-9835,"2325 E. Camelback Rd. Suite 400, Phoenix, AZ 85016",,https://business.phoenixchamber.com/list/ql/business-professional-services-5,L945-L949,false,unclaimed,true,2026-05-19,Coworking / executive suites|Business & Professional Services|Local SMB / service business|Public directory record,Imported from Valley Verified public lead build v4.|Public source status: PUBLIC DIRECTORY VERIFIED.|Source lines: L945-L949.|Source policy: public directory/company listing only; no synthetic contacts or guessed emails.,Local SMB / service business,
VV-0307,Lucid Private Offices-Scottsdale/Old Town,Business & Professional Services / Coworking / executive suites,Business & Professional Services,Coworking / executive suites,Scottsdale,AZ,85251,(480) 780-1507,"4800 N. Scottsdale Rd. Suite 4500, Scottsdale, AZ 85251",,https://business.phoenixchamber.com/list/ql/business-professional-services-5,L951-L958,false,unclaimed,true,2026-05-19,Coworking / executive suites|Business & Professional Services|Local SMB / service business|Public directory record,Imported from Valley Verified public lead build v4.|Public source status: PUBLIC DIRECTORY VERIFIED.|Source lines: L951-L958.|Source policy: public directory/company listing only; no synthetic contacts or guessed emails.,Local SMB / service business,
VV-0308,Manheim Phoenix,Business & Professional Services / Auto auction / remarketing,Business & Professional Services,Auto auction / remarketing,Tolleson,AZ,85353,(623) 907-7000,"201 N. 83rd Ave., Tolleson, AZ 85353",,https://business.phoenixchamber.com/list/ql/business-professional-services-5,L966-L971,false,unclaimed,true,2026-05-19,Auto auction / remarketing|Business & Professional Services|Local SMB / service business|Public directory record,Imported from Valley Verified public lead build v4.|Public source status: PUBLIC DIRECTORY VERIFIED.|Source lines: L966-L971.|Source policy: public directory/company listing only; no synthetic contacts or guessed emails.,Local SMB / service business,
VV-0309,Maricopa County Workforce Development Board,Business & Professional Services / Workforce development,Business & Professional Services,Workforce development,Phoenix,AZ,85003,(602) 506-0153,"301 W Jefferson St 9th Floor, Phoenix, AZ 85003",,https://business.phoenixchamber.com/list/ql/business-professional-services-5,L973-L978,false,unclaimed,true,2026-05-19,Workforce development|Business & Professional Services|Local SMB / service business|Public directory record,Imported from Valley Verified public lead build v4.|Public source status: PUBLIC DIRECTORY VERIFIED.|Source lines: L973-L978.|Source policy: public directory/company listing only; no synthetic contacts or guessed emails.,Local SMB / service business,
VV-0310,MCCD Small Business Development Center,Business & Professional Services / Small business development center,Business & Professional Services,Small business development center,Phoenix,AZ,85034,(480) 784-0590,"108 N. 40th St., South Bldg., Phoenix, AZ 85034",,https://business.phoenixchamber.com/list/ql/business-professional-services-5,L993-L998,false,unclaimed,true,2026-05-19,Small business development center|Business & Professional Services|Local SMB / service business|Public directory record,Imported from Valley Verified public lead build v4.|Public source status: PUBLIC DIRECTORY VERIFIED.|Source lines: L993-L998.|Source policy: public directory/company listing only; no synthetic contacts or guessed emails.,Local SMB / service business,
VV-0311,McRae Specialty Services,Business & Professional Services / Specialty services,Business & Professional Services,Specialty services,Phoenix,AZ,85028,(602) 529-8674,"11811 N Tatum Blvd. Suite 3031, Phoenix, AZ 85028",,https://business.phoenixchamber.com/list/ql/business-professional-services-5,L1000-L1004,false,unclaimed,true,2026-05-19,Specialty services|Business & Professional Services|Local SMB / service business|Public directory record,Imported from Valley Verified public lead build v4.|Public source status: PUBLIC DIRECTORY VERIFIED.|Source lines: L1000-L1004.|Source policy: public directory/company listing only; no synthetic contacts or guessed emails.,Local SMB / service business,
VV-0312,Merger Global Group LLC,Business & Professional Services / M&A / business advisory,Business & Professional Services,M&A / business advisory,Phoenix,AZ,85016,(480) 577-5722,"2325 East Camelback Road Suite 400, Phoenix, AZ 85016",,https://business.phoenixchamber.com/list/ql/business-professional-services-5,L1006-L1011,false,unclaimed,true,2026-05-19,M&A / business advisory|Business & Professional Services|Local SMB / service business|Public directory record,Imported from Valley Verified public lead build v4.|Public source status: PUBLIC DIRECTORY VERIFIED.|Source lines: L1006-L1011.|Source policy: public directory/company listing only; no synthetic contacts or guessed emails.,Local SMB / service business,
VV-0313,Milligan Lawless P.C.,Legal / Professional Services / Law firm,Legal / Professional Services,Law firm,Phoenix,AZ,85018,(602) 792-3500,"5050 N. 40th Street Suite 200, Phoenix, AZ 85018",,https://business.phoenixchamber.com/list/ql/business-professional-services-5,L1013-L1021,false,unclaimed,true,2026-05-19,Law firm|Legal / Professional Services|Local SMB / service business|Public directory record,Imported from Valley Verified public lead build v4.|Public source status: PUBLIC DIRECTORY VERIFIED.|Source lines: L1013-L1021.|Source policy: public directory/company listing only; no synthetic contacts or guessed emails.,Local SMB / service business,
VV-0314,National Technical Institute,Business & Professional Services / Technical training,Business & Professional Services,Technical training,Phoenix,AZ,85040,(480) 591-4000,"3660 E. Wier Ave., Phoenix, AZ 85040",,https://business.phoenixchamber.com/list/ql/business-professional-services-5,L1036-L1041,false,unclaimed,true,2026-05-19,Technical training|Business & Professional Services|Local SMB / service business|Public directory record,Imported from Valley Verified public lead build v4.|Public source status: PUBLIC DIRECTORY VERIFIED.|Source lines: L1036-L1041.|Source policy: public directory/company listing only; no synthetic contacts or guessed emails.,Local SMB / service business,
VV-0315,New Frontier Immigration Law,Legal / Professional Services / Immigration law firm,Legal / Professional Services,Immigration law firm,Glendale,AZ,85301,(623) 742-5400,"5710 W Camelback Rd, Glendale, AZ 85301",,https://business.phoenixchamber.com/list/ql/business-professional-services-5,L1043-L1048,false,unclaimed,true,2026-05-19,Immigration law firm|Legal / Professional Services|Local SMB / service business|Public directory record,Imported from Valley Verified public lead build v4.|Public source status: PUBLIC DIRECTORY VERIFIED.|Source lines: L1043-L1048.|Source policy: public directory/company listing only; no synthetic contacts or guessed emails.,Local SMB / service business,
VV-0316,Oasis Senior Advisors,Business & Professional Services / Senior living advisory,Business & Professional Services,Senior living advisory,Buckeye,AZ,85396,(602) 562-6050,"2967 N. 310 Ln., Buckeye, AZ 85396",,https://business.phoenixchamber.com/list/ql/business-professional-services-5,L1062-L1070,false,unclaimed,true,2026-05-19,Senior living advisory|Business & Professional Services|Local SMB / service business|Public directory record,Imported from Valley Verified public lead build v4.|Public source status: PUBLIC DIRECTORY VERIFIED.|Source lines: L1062-L1070.|Source policy: public directory/company listing only; no synthetic contacts or guessed emails.,Local SMB / service business,
VV-0317,"Omega Test & Balance, LLC",Business & Professional Services / HVAC testing / balancing,Business & Professional Services,HVAC testing / balancing,Phoenix,AZ,85029,(602) 441-4727,"2032 W. Lone Cactus Dr., Phoenix, AZ 85029",omegatab.com,https://business.phoenixchamber.com/list/ql/business-professional-services-5,L1072-L1078,false,unclaimed,true,2026-05-19,HVAC testing / balancing|Business & Professional Services|Local SMB / service business|Public directory record,Imported from Valley Verified public lead build v4.|Public source status: PUBLIC DIRECTORY VERIFIED.|Source lines: L1072-L1078.|Source policy: public directory/company listing only; no synthetic contacts or guessed emails.,Local SMB / service business,
VV-0318,"One Community Media, LLC",Business & Professional Services / Media / publishing,Business & Professional Services,Media / publishing,Phoenix,AZ,85013,(480) 355-0088,"PO Box 17836, Phoenix, AZ 85013",,https://business.phoenixchamber.com/list/ql/business-professional-services-5,L1080-L1084,false,unclaimed,true,2026-05-19,Media / publishing|Business & Professional Services|Local SMB / service business|Public directory record,Imported from Valley Verified public lead build v4.|Public source status: PUBLIC DIRECTORY VERIFIED.|Source lines: L1080-L1084.|Source policy: public directory/company listing only; no synthetic contacts or guessed emails.,Local SMB / service business,
VV-0319,"O'Neil Printing, Inc.",Business & Professional Services / Printing services,Business & Professional Services,Printing services,Phoenix,AZ,85040,(602) 258-7789,"4303 E. Cotton Center Blvd. Suite 100, Phoenix, AZ 85040",oneilprint.com,https://business.phoenixchamber.com/list/ql/business-professional-services-5,L1086-L1092,false,unclaimed,true,2026-05-19,Printing services|Business & Professional Services|Local SMB / service business|Public directory record,Imported from Valley Verified public lead build v4.|Public source status: PUBLIC DIRECTORY VERIFIED.|Source lines: L1086-L1092.|Source policy: public directory/company listing only; no synthetic contacts or guessed emails.,Local SMB / service business,
VV-0320,Pacific Office Automation,Business & Professional Services / Office equipment / automation,Business & Professional Services,Office equipment / automation,Phoenix,AZ,85008,(480) 305-5500,"4501 E. McDowell Rd., Phoenix, AZ 85008",,https://business.phoenixchamber.com/list/ql/business-professional-services-5,L1094-L1099,false,unclaimed,true,2026-05-19,Office equipment / automation|Business & Professional Services|Local SMB / service business|Public directory record,Imported from Valley Verified public lead build v4.|Public source status: PUBLIC DIRECTORY VERIFIED.|Source lines: L1094-L1099.|Source policy: public directory/company listing only; no synthetic contacts or guessed emails.,Local SMB / service business,
VV-0321,PalAmerican Security,Business & Professional Services / Security services,Business & Professional Services,Security services,Phoenix,AZ,85023,(602) 331-7000,"2555 W. Morningside Dr., Phoenix, AZ 85023",palamerican.com,https://business.phoenixchamber.com/list/ql/business-professional-services-5,L1101-L1106,false,unclaimed,true,2026-05-19,Security services|Business & Professional Services|Local SMB / service business|Public directory record,Imported from Valley Verified public lead build v4.|Public source status: PUBLIC DIRECTORY VERIFIED.|Source lines: L1101-L1106.|Source policy: public directory/company listing only; no synthetic contacts or guessed emails.,Local SMB / service business,
VV-0322,Phoenix REALTORS,Business & Professional Services / Real estate association,Business & Professional Services,Real estate association,Phoenix,AZ,85020,(602) 246-1012,"7878 N 16th St Suite 150, Phoenix, AZ 85020",,https://business.phoenixchamber.com/list/ql/business-professional-services-5,L1139-L1147,false,unclaimed,true,2026-05-19,Real estate association|Business & Professional Services|Local SMB / service business|Public directory record,Imported from Valley Verified public lead build v4.|Public source status: PUBLIC DIRECTORY VERIFIED.|Source lines: L1139-L1147.|Source policy: public directory/company listing only; no synthetic contacts or guessed emails.,Local SMB / service business,
VV-0323,Pinnacle Business Solutions,Business & Professional Services / CPA / business services,Business & Professional Services,CPA / business services,Scottsdale,AZ,85255,(480) 980-3977,"19332 N. 100th Way, Scottsdale, AZ 85255",,https://business.phoenixchamber.com/list/ql/business-professional-services-5,L1154-L1163,false,unclaimed,true,2026-05-19,CPA / business services|Business & Professional Services|Local SMB / service business|Public directory record,Imported from Valley Verified public lead build v4.|Public source status: PUBLIC DIRECTORY VERIFIED.|Source lines: L1154-L1163.|Source policy: public directory/company listing only; no synthetic contacts or guessed emails.,Local SMB / service business,
VV-0324,Banner University Medical Center,Health Care / Hospital,Health Care,Hospital,Phoenix,AZ,85006,(602) 839-2000,"1111 E. McDowell Rd., Phoenix, AZ 85006",,https://business.phoenixchamber.com/list/ql/health-care-11,L381-L386,false,unclaimed,true,2026-05-19,Hospital|Health Care|Healthcare / local provider|Public directory record,Imported from Valley Verified public lead build v4.|Public source status: PUBLIC DIRECTORY VERIFIED.|Source lines: L381-L386.|Source policy: public directory/company listing only; no synthetic contacts or guessed emails.,Healthcare / local provider,
VV-0325,Beatitudes Campus,Health Care / Senior living / care campus,Health Care,Senior living / care campus,Phoenix,AZ,85021,(602) 995-6100,"1610 W. Glendale Ave., Phoenix, AZ 85021",beatitudescampus.org,https://business.phoenixchamber.com/list/ql/health-care-11,L388-L393,false,unclaimed,true,2026-05-19,Senior living / care campus|Health Care|Healthcare / local provider|Public directory record,Imported from Valley Verified public lead build v4.|Public source status: PUBLIC DIRECTORY VERIFIED.|Source lines: L388-L393.|Source policy: public directory/company listing only; no synthetic contacts or guessed emails.,Healthcare / local provider,
VV-0326,Breakthrough T1D - Desert West Chapter,Health Care / Health nonprofit,Health Care,Health nonprofit,Phoenix,AZ,85018,(602) 224-1800,"4343 E. Camelback Rd. Suite 100, Phoenix, AZ 85018",,https://business.phoenixchamber.com/list/ql/health-care-11,L403-L407,false,unclaimed,true,2026-05-19,Health nonprofit|Health Care|Healthcare / nonprofit|Public directory record,Imported from Valley Verified public lead build v4.|Public source status: PUBLIC DIRECTORY VERIFIED.|Source lines: L403-L407.|Source policy: public directory/company listing only; no synthetic contacts or guessed emails.,Healthcare / nonprofit,
VV-0327,Bridgeway Health Solutions,Health Care / Health solutions / managed care,Health Care,Health solutions / managed care,Tempe,AZ,85281,(866) 475-3129,"1230 W. Washington St., Ste. 401, Tempe, AZ 85281",bridgewayhs.com,https://business.phoenixchamber.com/list/ql/health-care-11,L409-L415,false,unclaimed,true,2026-05-19,Health solutions / managed care|Health Care|Healthcare / local provider|Public directory record,Imported from Valley Verified public lead build v4.|Public source status: PUBLIC DIRECTORY VERIFIED.|Source lines: L409-L415.|Source policy: public directory/company listing only; no synthetic contacts or guessed emails.,Healthcare / local provider,
VV-0328,Choice Hospice,Health Care / Hospice care,Health Care,Hospice care,Phoenix,AZ,85016,(602) 795-9705,"2111 E Highland Ave Suite B425, Phoenix, AZ 85016",,https://business.phoenixchamber.com/list/ql/health-care-11,L451-L456,false,unclaimed,true,2026-05-19,Hospice care|Health Care|Healthcare / local provider|Public directory record,Imported from Valley Verified public lead build v4.|Public source status: PUBLIC DIRECTORY VERIFIED.|Source lines: L451-L456.|Source policy: public directory/company listing only; no synthetic contacts or guessed emails.,Healthcare / local provider,
VV-0329,Circle the City,Health Care / Community health nonprofit,Health Care,Community health nonprofit,Phoenix,AZ,85013,(602) 776-0776,"300 W. Clarendon Ave Suite 200, Phoenix, AZ 85013",,https://business.phoenixchamber.com/list/ql/health-care-11,L465-L470,false,unclaimed,true,2026-05-19,Community health nonprofit|Health Care|Healthcare / nonprofit|Public directory record,Imported from Valley Verified public lead build v4.|Public source status: PUBLIC DIRECTORY VERIFIED.|Source lines: L465-L470.|Source policy: public directory/company listing only; no synthetic contacts or guessed emails.,Healthcare / nonprofit,
VV-0330,City of Hope - Phoenix,Health Care / Cancer treatment center,Health Care,Cancer treatment center,Goodyear,AZ,85338,(623) 207-3000,"14200 W. Celebrate Life Way, Goodyear, AZ 85338-3005",cancercenter.com,https://business.phoenixchamber.com/list/ql/health-care-11,L472-L478,false,unclaimed,true,2026-05-19,Cancer treatment center|Health Care|Healthcare / local provider|Public directory record,Imported from Valley Verified public lead build v4.|Public source status: PUBLIC DIRECTORY VERIFIED.|Source lines: L472-L478.|Source policy: public directory/company listing only; no synthetic contacts or guessed emails.,Healthcare / local provider,
VV-0331,College Medical Center Phoenix,Health Care / Medical center,Health Care,Medical center,Phoenix,AZ,85006,(602) 251-8535,"1800 E. Van Buren St., Phoenix, AZ 85006",,https://business.phoenixchamber.com/list/ql/health-care-11,L480-L484,false,unclaimed,true,2026-05-19,Medical center|Health Care|Healthcare / local provider|Public directory record,Imported from Valley Verified public lead build v4.|Public source status: PUBLIC DIRECTORY VERIFIED.|Source lines: L480-L484.|Source policy: public directory/company listing only; no synthetic contacts or guessed emails.,Healthcare / local provider,
VV-0332,Delta Dental of Arizona,Health Care / Dental insurance / health plan,Health Care,Dental insurance / health plan,Scottsdale,AZ,85254,(602) 938-3131,"14850 N. Scottsdale Rd. Suite 400, Scottsdale, AZ 85254",deltadentalaz.com,https://business.phoenixchamber.com/list/ql/health-care-11,L503-L509,false,unclaimed,true,2026-05-19,Dental insurance / health plan|Health Care|Healthcare / plan|Public directory record,Imported from Valley Verified public lead build v4.|Public source status: PUBLIC DIRECTORY VERIFIED.|Source lines: L503-L509.|Source policy: public directory/company listing only; no synthetic contacts or guessed emails.,Healthcare / plan,
VV-0333,Dental Depot Orthodontics,Health Care / Dental / orthodontics,Health Care,Dental / orthodontics,Phoenix,AZ,85053,(602) 845-8653,"3750 W. Greenway Rd., Phoenix, AZ 85053",,https://business.phoenixchamber.com/list/ql/health-care-11,L511-L515,false,unclaimed,true,2026-05-19,Dental / orthodontics|Health Care|Healthcare / local provider|Public directory record,Imported from Valley Verified public lead build v4.|Public source status: PUBLIC DIRECTORY VERIFIED.|Source lines: L511-L515.|Source policy: public directory/company listing only; no synthetic contacts or guessed emails.,Healthcare / local provider,
VV-0334,Desert Vista Eye Specialists-Phoenix,Health Care / Eye care / optometry,Health Care,Eye care / optometry,Phoenix,AZ,85016,(602) 840-3501,"2222 E. Camelback Rd. Suite 250, Phoenix, AZ 85016",,https://business.phoenixchamber.com/list/ql/health-care-11,L517-L522,false,unclaimed,true,2026-05-19,Eye care / optometry|Health Care|Healthcare / local provider|Public directory record,Imported from Valley Verified public lead build v4.|Public source status: PUBLIC DIRECTORY VERIFIED.|Source lines: L517-L522.|Source policy: public directory/company listing only; no synthetic contacts or guessed emails.,Healthcare / local provider,
VV-0335,Desert Vista Eye Specialists-Scottsdale,Health Care / Eye care / optometry,Health Care,Eye care / optometry,Scottsdale,AZ,85260,(480) 483-0711,"8404 E. Shea Blvd. Suite 105, Scottsdale, AZ 85260",,https://business.phoenixchamber.com/list/ql/health-care-11,L524-L529,false,unclaimed,true,2026-05-19,Eye care / optometry|Health Care|Healthcare / local provider|Public directory record,Imported from Valley Verified public lead build v4.|Public source status: PUBLIC DIRECTORY VERIFIED.|Source lines: L524-L529.|Source policy: public directory/company listing only; no synthetic contacts or guessed emails.,Healthcare / local provider,
VV-0336,Devoted Guardians Home Care & Homehealth,Health Care / Home care / home health,Health Care,Home care / home health,Tempe,AZ,85284,(480) 999-3012,"1705 W. Ruby Drive #107, Tempe, AZ 85284",,https://business.phoenixchamber.com/list/ql/health-care-11,L531-L535,false,unclaimed,true,2026-05-19,Home care / home health|Health Care|Healthcare / local provider|Public directory record,Imported from Valley Verified public lead build v4.|Public source status: PUBLIC DIRECTORY VERIFIED.|Source lines: L531-L535.|Source policy: public directory/company listing only; no synthetic contacts or guessed emails.,Healthcare / local provider,
VV-0337,Envy Hospice,Health Care / Hospice care,Health Care,Hospice care,Phoenix,AZ,85020,(480) 335-4040,"1825 E Northern Ave Ste 271, Phoenix, AZ 85020",,https://business.phoenixchamber.com/list/ql/health-care-11,L544-L549,false,unclaimed,true,2026-05-19,Hospice care|Health Care|Healthcare / local provider|Public directory record,Imported from Valley Verified public lead build v4.|Public source status: PUBLIC DIRECTORY VERIFIED.|Source lines: L544-L549.|Source policy: public directory/company listing only; no synthetic contacts or guessed emails.,Healthcare / local provider,
VV-0338,General Dentistry 4 Kids,Health Care / Pediatric dentistry,Health Care,Pediatric dentistry,Phoenix,AZ,85032,(602) 996-6065,"3202 E. Greenway Rd. Ste #1287, Phoenix, AZ 85032",,https://business.phoenixchamber.com/list/ql/health-care-11,L564-L569,false,unclaimed,true,2026-05-19,Pediatric dentistry|Health Care|Healthcare / local provider|Public directory record,Imported from Valley Verified public lead build v4.|Public source status: PUBLIC DIRECTORY VERIFIED.|Source lines: L564-L569.|Source policy: public directory/company listing only; no synthetic contacts or guessed emails.,Healthcare / local provider,
VV-0339,Gilmore Dental Care,Health Care / Dental care,Health Care,Dental care,Phoenix,AZ,85085,(480) 847-1522,"3075 W. Deer Valley Rd. Ste 1, Phoenix, AZ 85085",,https://business.phoenixchamber.com/list/ql/health-care-11,L571-L575,false,unclaimed,true,2026-05-19,Dental care|Health Care|Healthcare / local provider|Public directory record,Imported from Valley Verified public lead build v4.|Public source status: PUBLIC DIRECTORY VERIFIED.|Source lines: L571-L575.|Source policy: public directory/company listing only; no synthetic contacts or guessed emails.,Healthcare / local provider,
VV-0340,Gracie Jiu-Jitsu Phoenix,Health Care / Fitness / wellness training,Health Care,Fitness / wellness training,Phoenix,AZ,85024,(480) 339-9019,"13637 N Tatum Blvd Suite 18, Phoenix, AZ 85024",,https://business.phoenixchamber.com/list/ql/health-care-11,L577-L582,false,unclaimed,true,2026-05-19,Fitness / wellness training|Health Care|Fitness / wellness|Public directory record,Imported from Valley Verified public lead build v4.|Public source status: PUBLIC DIRECTORY VERIFIED.|Source lines: L577-L582.|Source policy: public directory/company listing only; no synthetic contacts or guessed emails.,Fitness / wellness,
VV-0341,Guiding Road Recovery Center,Health Care / Recovery center,Health Care,Recovery center,Phoenix,AZ,85020,(480) 588-2328,"11402 N Cave Creek Rd, Phoenix, AZ 85020",,https://business.phoenixchamber.com/list/ql/health-care-11,L584-L589,false,unclaimed,true,2026-05-19,Recovery center|Health Care|Healthcare / local provider|Public directory record,Imported from Valley Verified public lead build v4.|Public source status: PUBLIC DIRECTORY VERIFIED.|Source lines: L584-L589.|Source policy: public directory/company listing only; no synthetic contacts or guessed emails.,Healthcare / local provider,
VV-0342,Haven Behavioral Hospital of Phoenix,Health Care / Behavioral health hospital,Health Care,Behavioral health hospital,Phoenix,AZ,85007,(623) 236-2000,"1201 S. 7th Ave. Suite 200, Phoenix, AZ 85007",,https://business.phoenixchamber.com/list/ql/health-care-11,L591-L595,false,unclaimed,true,2026-05-19,Behavioral health hospital|Health Care|Healthcare / local provider|Public directory record,Imported from Valley Verified public lead build v4.|Public source status: PUBLIC DIRECTORY VERIFIED.|Source lines: L591-L595.|Source policy: public directory/company listing only; no synthetic contacts or guessed emails.,Healthcare / local provider,
VV-0343,Helpany,Health Care / Health technology / aging support,Health Care,Health technology / aging support,Phoenix,AZ,85014,(888) 987-3461,"5227 N 7th St Suite 18019, Phoenix, AZ 85014",,https://business.phoenixchamber.com/list/ql/health-care-11,L597-L602,false,unclaimed,true,2026-05-19,Health technology / aging support|Health Care|Healthcare / technology|Public directory record,Imported from Valley Verified public lead build v4.|Public source status: PUBLIC DIRECTORY VERIFIED.|Source lines: L597-L602.|Source policy: public directory/company listing only; no synthetic contacts or guessed emails.,Healthcare / technology,
VV-0344,Hi-Fi Dental,Health Care / Dental care,Health Care,Dental care,Phoenix,AZ,85014,(602) 242-5445,"1222 E Missouri Ave Suite 201, Phoenix, AZ 85014",,https://business.phoenixchamber.com/list/ql/health-care-11,L604-L609,false,unclaimed,true,2026-05-19,Dental care|Health Care|Healthcare / local provider|Public directory record,Imported from Valley Verified public lead build v4.|Public source status: PUBLIC DIRECTORY VERIFIED.|Source lines: L604-L609.|Source policy: public directory/company listing only; no synthetic contacts or guessed emails.,Healthcare / local provider,
VV-0345,HonorHealth - Utopia,Health Care / Medical clinic,Health Care,Medical clinic,Phoenix,AZ,85027,(623) 434-6200,"2500 W. Utopia Rd., Ste. 100, Phoenix, AZ 85027",,https://business.phoenixchamber.com/list/ql/health-care-11,L631-L635,false,unclaimed,true,2026-05-19,Medical clinic|Health Care|Healthcare / local provider|Public directory record,Imported from Valley Verified public lead build v4.|Public source status: PUBLIC DIRECTORY VERIFIED.|Source lines: L631-L635.|Source policy: public directory/company listing only; no synthetic contacts or guessed emails.,Healthcare / local provider,
VV-0346,HonorHealth John C. Lincoln Medical Center,Health Care / Medical center,Health Care,Medical center,Phoenix,AZ,85020,(623) 434-6200 Ext.301276,"250 E. Dunlap Ave., Phoenix, AZ 85020",,https://business.phoenixchamber.com/list/ql/health-care-11,L637-L642,false,unclaimed,true,2026-05-19,Medical center|Health Care|Healthcare / local provider|Public directory record,Imported from Valley Verified public lead build v4.|Public source status: PUBLIC DIRECTORY VERIFIED.|Source lines: L637-L642.|Source policy: public directory/company listing only; no synthetic contacts or guessed emails.,Healthcare / local provider,
VV-0347,Hospice of the Valley,Health Care / Hospice care,Health Care,Hospice care,Phoenix,AZ,85014,(602) 530-6900,"1510 E. Flower St., Phoenix, AZ 85014",hov.org,https://business.phoenixchamber.com/list/ql/health-care-11,L644-L649,false,unclaimed,true,2026-05-19,Hospice care|Health Care|Healthcare / local provider|Public directory record,Imported from Valley Verified public lead build v4.|Public source status: PUBLIC DIRECTORY VERIFIED.|Source lines: L644-L649.|Source policy: public directory/company listing only; no synthetic contacts or guessed emails.,Healthcare / local provider,
VV-0348,House of Miracles,Health Care / Health / recovery services,Health Care,Health / recovery services,Phoenix,AZ,85004,(602) 488-8880,"515 E. Grant St. Suite 150, Phoenix, AZ 85004",,https://business.phoenixchamber.com/list/ql/health-care-11,L651-L656,false,unclaimed,true,2026-05-19,Health / recovery services|Health Care|Healthcare / local provider|Public directory record,Imported from Valley Verified public lead build v4.|Public source status: PUBLIC DIRECTORY VERIFIED.|Source lines: L651-L656.|Source policy: public directory/company listing only; no synthetic contacts or guessed emails.,Healthcare / local provider,
VV-0349,Inner Balance Yoga,Health Care / Yoga / wellness,Health Care,Yoga / wellness,Phoenix,AZ,85006,(480) 828-1430,"2024 N 7th St Bldg 201, Phoenix, AZ 85006",,https://business.phoenixchamber.com/list/ql/health-care-11,L665-L669,false,unclaimed,true,2026-05-19,Yoga / wellness|Health Care|Fitness / wellness|Public directory record,Imported from Valley Verified public lead build v4.|Public source status: PUBLIC DIRECTORY VERIFIED.|Source lines: L665-L669.|Source policy: public directory/company listing only; no synthetic contacts or guessed emails.,Fitness / wellness,
VV-0350,Instant Care,Health Care / Medical care,Health Care,Medical care,Phoenix,AZ,85016,(602) 993-0297,"2601 E Thomas Rd Suite 220, Phoenix, AZ 85016",,https://business.phoenixchamber.com/list/ql/health-care-11,L671-L676,false,unclaimed,true,2026-05-19,Medical care|Health Care|Healthcare / local provider|Public directory record,Imported from Valley Verified public lead build v4.|Public source status: PUBLIC DIRECTORY VERIFIED.|Source lines: L671-L676.|Source policy: public directory/company listing only; no synthetic contacts or guessed emails.,Healthcare / local provider,
VV-0351,Living Rhythms Healing Arts,Health Care / Somatic health / healing arts,Health Care,Somatic health / healing arts,Phoenix,AZ,85028,(602) 730-8285,"10645 N Tatum Boulevard Suite 200-262, Phoenix, AZ 85028",,https://business.phoenixchamber.com/list/ql/health-care-11,L678-L686,false,unclaimed,true,2026-05-19,Somatic health / healing arts|Health Care|Healthcare / wellness|Public directory record,Imported from Valley Verified public lead build v4.|Public source status: PUBLIC DIRECTORY VERIFIED.|Source lines: L678-L686.|Source policy: public directory/company listing only; no synthetic contacts or guessed emails.,Healthcare / wellness,
VV-0352,Maricopa County Medical Society,Health Care / Medical association,Health Care,Medical association,Phoenix,AZ,85004,(602) 209-9867,"326 E. Coronado Rd. Suite 101, Phoenix, AZ 85004",,https://business.phoenixchamber.com/list/ql/health-care-11,L694-L699,false,unclaimed,true,2026-05-19,Medical association|Health Care|Healthcare / association|Public directory record,Imported from Valley Verified public lead build v4.|Public source status: PUBLIC DIRECTORY VERIFIED.|Source lines: L694-L699.|Source policy: public directory/company listing only; no synthetic contacts or guessed emails.,Healthcare / association,
VV-0353,"MedAire, an International SOS Company",Health Care / Medical assistance / travel health,Health Care,Medical assistance / travel health,Phoenix,AZ,85016,(480) 333-3700,"4722 N. 24th Street Ste. 450, Phoenix, AZ 85016",,https://business.phoenixchamber.com/list/ql/health-care-11,L726-L730,false,unclaimed,true,2026-05-19,Medical assistance / travel health|Health Care|Healthcare / services|Public directory record,Imported from Valley Verified public lead build v4.|Public source status: PUBLIC DIRECTORY VERIFIED.|Source lines: L726-L730.|Source policy: public directory/company listing only; no synthetic contacts or guessed emails.,Healthcare / services,
VV-0354,MPR Med Exercise,Health Care / Medical exercise / mobile fitness,Health Care,Medical exercise / mobile fitness,Scottsdale,AZ,85250,(602) 980-4199,"7904 E Chaparral Rd Suite A110, Scottsdale, AZ 85250",mprmedexercise.com,https://business.phoenixchamber.com/list/ql/health-care-11,L732-L742,false,unclaimed,true,2026-05-19,Medical exercise / mobile fitness|Health Care|Fitness / wellness|Public directory record,Imported from Valley Verified public lead build v4.|Public source status: PUBLIC DIRECTORY VERIFIED.|Source lines: L732-L742.|Source policy: public directory/company listing only; no synthetic contacts or guessed emails.,Fitness / wellness,
VV-0355,National Kidney Foundation of Arizona,Health Care / Health nonprofit,Health Care,Health nonprofit,Phoenix,AZ,,,,,https://business.phoenixchamber.com/list/ql/health-care-11,L744-L749,false,unclaimed,true,2026-05-19,Health nonprofit|Health Care|Healthcare / nonprofit|Public directory record,Imported from Valley Verified public lead build v4.|Public source status: PUBLIC DIRECTORY VERIFIED.|Source lines: L744-L749.|Source policy: public directory/company listing only; no synthetic contacts or guessed emails.,Healthcare / nonprofit,Phone/address not visible in captured lines; keep for official-site enrichment before outreach.
